2026-09-23 14:33:29 [DeviceStatus] 📡 device_status [disparo: periodico-5min] → {id=15, time=2026-09-23T14:33:28.948401, version=1.0.66, state=E, view=tickets, power=O:1790100146, screen=O:1790100146, battery=61, temperature=49.1, charging=true, online=true, printer=CONNECTED, aux=, map=lima_map15.mbtiles, lat=-11.9341222, lng=-76.9659755, model=F310, serial=F31P50544G00242, battery_voltage=3951, ram_free=638, ram_total=1783, storage_free=5965, storage_total=15258, sim=true, sim_operator=716_17, wifi_ssid=<unknown ssid>, signal=-127, cell_signal=-81, ip=10.252.107.232, gps=true, kiosk=true, wifi_on=false, bluetooth=false, no_battery=false, cpu=23.9#3.31/2.27/1.97#2016/2016}
2026-09-23 14:32:42 [SocketMessageDispatcher] Mensaje: Header: report, Data: {positions=1}
2026-09-23 14:32:42 [SocketService] [RECIBIDO]| #6 | SID:276 | 3B | report [DATA]: {positions=1}
2026-09-23 14:32:41 [SocketService] [ENVIADO] | [NUEVO] (36B) [KEY]: report [DATA]: {trip=39152, route=1, positions=[{lng=-76.9662105, busstop=0, angle=33, accuracy=9, time=2026-09-23T14:32:41.890201, lat=-11.934427, speed=4, mark=0}], state=E, sales=0, events=[], direction=false}
2026-09-23 14:32:41 [PositionRepository] 📤 Enviando 1 (batch=2, pendientes=1)
2026-09-23 14:32:41 [LocationTrackingService] GPS desactivado - Pulso cada 5 min acc:9.935m
2026-09-23 14:32:30 [ProtectorVM] temp: 49.1C
2026-09-23 14:32:30 [ProtectorVM] TEMP: 49.1C -> cap térmico 39%
2026-09-23 14:31:37 [SocketMessageDispatcher] Mensaje: Header: backward_datero_hide, Data: {pad=108, geofence=4, delta=33, orden=0, id=3081026292}
2026-09-23 14:31:37 [SocketMessageDispatcher] Mensaje: Header: forward_datero_hide, Data: {trip=39152, geofence=53, time=2026-09-23T14:31:37, dateros=[{delta=0, padron=0}]}
2026-09-23 14:31:37 [SocketMessageDispatcher] Mensaje: Header: salida, Data: {lado=true, estado=R, frecuencia=16, ruta=1, geocerca=null, controles=[{volada=0, tiempo=0, geocerca=53}, {volada=0, tiempo=5, geocerca=67}, {volada=-4, tiempo=10, geocerca=54}, {volada=-6, tiempo=6, geocerca=68}, {volada=-10, tiempo=6, geocerca=55}, {volada=-9, tiempo=5, geocerca=69}, {volada=-12, tiempo=12, geocerca=56}, {volada=-15, tiempo=8, geocerca=57}, {volada=-15, tiempo=9, geocerca=58}, {volada=-17, tiempo=10, geocerca=59}, {volada=-18, tiempo=7, geocerca=60}, {volada=-12, tiempo=0, geocerca=61}, {volada=-6, tiempo=0, geocerca=62}, {volada=-4, tiempo=0, geocerca=63}, {volada=3, tiempo=0, geocerca=64}, {volada=11, tiempo=0, geocerca=65}, {volada=0, tiempo=0, geocerca=66}, {volada=35, tiempo=0, geocerca=3}, {volada=32, tiempo=6, geocerca=22}, {volada=33, tiempo=3, geocerca=23}, {volada=36, tiempo=3, geocerca=24}, {volada=37, tiempo=3, geocerca=25}, {volada=40, tiempo=3, geocerca=26}, {volada=43, tiempo=3, geocerca=27}, {volada=44, tiempo=3, geocerca=28}, {volada=43, tiempo=3, geocerca=29}, {volada=44, tiempo=2, geocerca=30}, {volada=43, tiempo=2, geocerca=31}, {volada=43, tiempo=3, geocerca=32}, {volada=43, tiempo=4, geocerca=33}, {volada=43, tiempo=3, geocerca=34}, {volada=46, tiempo=3, geocerca=35}, {volada=48, tiempo=3, geocerca=36}, {volada=48, tiempo=3, geocerca=37}, {volada=47, tiempo=3, geocerca=38}, {volada=69, tiempo=5, geocerca=4}], inicio=2026-09-23T10:20, marcados=[false, false, true, true, true, true, true, true, true, true, true, true, true, true, true, true, false, true, true, true, true, true, true, true, true, true, true, true, true, true, true, true, true, true, true, true], id=39152, conductor=131}
2026-09-23 14:31:37 [SocketMessageDispatcher] Mensaje: Header: operation, Data: {section=remote, id=09374710268af53289c05871, value=35417, key=sesion}
2026-09-23 14:31:37 [SocketService] [RECIBIDO]| #5 | SID:276 | 20B | backward_datero_hide [DATA]: {pad=108, geofence=4, delta=33, orden=0, id=3081026292}
2026-09-23 14:31:37 [SocketService] [RECIBIDO]| #4 | SID:276 | 19B | forward_datero_hide [DATA]: {trip=39152, geofence=53, time=2026-09-23T14:31:37, dateros=[{delta=0, padron=0}]}
2026-09-23 14:31:37 [SocketService] [RECIBIDO]| #3 | SID:276 | 245B | salida [DATA]: {lado=true, estado=R, frecuencia=16, ruta=1, geocerca=null, controles=[{volada=0, tiempo=0, geocerca=53}, {volada=0, tiempo=5, geocerca=67}, {volada=-4, tiempo=10, geocerca=54}, {volada=-6, tiempo=6, geocerca=68}, {volada=-10, tiempo=6, geocerca=55}, {volada=-9, tiempo=5, geocerca=69}, {volada=-12, tiempo=12, geocerca=56}, {volada=-15, tiempo=8, geocerca=57}, {volada=-15, tiempo=9, geocerca=58}, {volada=-17, tiempo=10, geocerca=59}, {volada=-18, tiempo=7, geocerca=60}, {volada=-12, tiempo=0, geocerca=61}, {volada=-6, tiempo=0, geocerca=62}, {volada=-4, tiempo=0, geocerca=63}, {volada=3, tiempo=0, geocerca=64}, {volada=11, tiempo=0, geocerca=65}, {volada=0, tiempo=0, geocerca=66}, {volada=35, tiempo=0, geocerca=3}, {volada=32, tiempo=6, geocerca=22}, {volada=33, tiempo=3, geocerca=23}, {volada=36, tiempo=3, geocerca=24}, {volada=37, tiempo=3, geocerca=25}, {volada=40, tiempo=3, geocerca=26}, {volada=43, tiempo=3, geocerca=27}, {volada=44, tiempo=3, geocerca=28}, {volada=43, tiempo=3, geocerca=29}, {volada=44, tiempo=2, geocerca=30}, {volada=43, tiempo=2, geocerca=31}, {volada=43, tiempo=3, geocerca=32}, {volada=43, tiempo=4, geocerca=33}, {volada=43, tiempo=3, geocerca=34}, {volada=46, tiempo=3, geocerca=35}, {volada=48, tiempo=3, geocerca=36}, {volada=48, tiempo=3, geocerca=37}, {volada=47, tiempo=3, geocerca=38}, {volada=69, tiempo=5, geocerca=4}], inicio=2026-09-23T10:20, marcados=[false, false, true, true, true, true, true, true, true, true, true, true, true, true, true, true, false, true, true, true, true, true, true, true, true, true, true, true, true, true, true, true, true, true, true, true], id=39152, conductor=131}
2026-09-23 14:31:36 [SocketService] [ENVIADO] | [NUEVO] (3B) [KEY]: backward_datero [DATA]: {id=0}
2026-09-23 14:31:36 [SocketService] [ENVIADO] | [NUEVO] (4B) [KEY]: forward_datero [DATA]: {id=0}
2026-09-23 14:31:36 [SocketService] [ENVIADO] | [NUEVO] (7B) [KEY]: salida [DATA]: {limit=0, salida=39152}
2026-09-23 14:31:36 [SocketMessageDispatcher] ✅ Login confirmado por servidor (sesión OK)
2026-09-23 14:31:36 [SocketMessageDispatcher] Mensaje: Header: login, Data: {voice=true, orientation=false, contactless=false, data=2026-09-23T14:31:36, ticket=true, geofence=null, gps=false, schedule=14:45, ads=false, route=1, trip=39152, driver=null, calls=true, padron=124, id=15, state=E, map=false, placa=BCG906, direction=false, order=1}
2026-09-23 14:31:36 [SocketService] [RECIBIDO]| #2 | SID:276 | 48B | operation [DATA]: {section=remote, id=09374710268af53289c05871, value=35417, key=sesion}
2026-09-23 14:31:36 [SocketService] [RECIBIDO]| #1 | SID:276 | 35B | login [DATA]: {voice=true, orientation=false, contactless=false, data=2026-09-23T14:31:36, ticket=true, geofence=null, gps=false, schedule=14:45, ads=false, route=1, trip=39152, driver=null, calls=true, padron=124, id=15, state=E, map=false, placa=BCG906, direction=false, order=1}
2026-09-23 14:31:36 [SocketService] 🔒 WakeLock + WifiLock adquiridos
2026-09-23 14:31:36 [SocketService] [ENVIADO] | [NUEVO] (18B) [KEY]: login [DATA]: {serial=864255060447047}
2026-09-23 14:31:36 [SocketService] 🔑 Enviando login handshake (864255060447047)
2026-09-23 14:31:36 [SocketService] ✅ CONECTADO [ID: 276] en 91744622ms - Code: 101
2026-09-23 14:31:35 [SocketService] 🔄 Conectando [ID: 276] a ws://34.71.11.201:22222?schema=android&gps=true&console=true&version=2
2026-09-23 14:31:35 [SocketService] ✅ Recursos completamente limpiados
2026-09-23 14:31:35 [SocketService] 🔄 Nuevo Socket ID: 276
2026-09-23 14:31:35 [GpsViewModel] No hay conexión. Se omite procesamiento.
2026-09-23 14:31:35 [SocketService] ⏰ Watchdog: 140369ms sin mensajes, forzando reconexión
2026-09-23 14:31:35 [SocketService] 🧹 Limpiando recursos [ID: 275]
2026-09-23 14:29:15 [SocketMessageDispatcher] Mensaje: Header: login, Data: {voice=true, orientation=false, contactless=false, data=null, ticket=true, geofence=null, gps=false, schedule=14:45, ads=false, route=1, trip=39152, driver=null, calls=true, padron=124, id=15, state=E, map=false, placa=BCG906, direction=false, order=1}
2026-09-23 14:29:15 [SocketService] [RECIBIDO]| #12 | SID:275 | 35B | login [DATA]: {voice=true, orientation=false, contactless=false, data=null, ticket=true, geofence=null, gps=false, schedule=14:45, ads=false, route=1, trip=39152, driver=null, calls=true, padron=124, id=15, state=E, map=false, placa=BCG906, direction=false, order=1}
2026-09-23 14:29:13 [SocketMessageDispatcher] Mensaje: Header: login, Data: {voice=true, orientation=false, contactless=false, data=null, ticket=true, geofence=null, gps=false, schedule=14:27, ads=false, route=1, trip=39152, driver=null, calls=true, padron=124, id=15, state=E, map=false, placa=BCG906, direction=false, order=1}
2026-09-23 14:29:13 [SocketService] [RECIBIDO]| #11 | SID:275 | 35B | login [DATA]: {voice=true, orientation=false, contactless=false, data=null, ticket=true, geofence=null, gps=false, schedule=14:27, ads=false, route=1, trip=39152, driver=null, calls=true, padron=124, id=15, state=E, map=false, placa=BCG906, direction=false, order=1}
2026-09-23 14:29:12 [SocketMessageDispatcher] Mensaje: Header: login, Data: {voice=true, orientation=false, contactless=false, data=null, ticket=true, geofence=null, gps=false, schedule=14:33, ads=false, route=1, trip=39152, driver=null, calls=true, padron=124, id=15, state=E, map=false, placa=BCG906, direction=false, order=1}
2026-09-23 14:29:12 [SocketService] [RECIBIDO]| #10 | SID:275 | 35B | login [DATA]: {voice=true, orientation=false, contactless=false, data=null, ticket=true, geofence=null, gps=false, schedule=14:33, ads=false, route=1, trip=39152, driver=null, calls=true, padron=124, id=15, state=E, map=false, placa=BCG906, direction=false, order=1}
2026-09-23 14:29:03 [SocketMessageDispatcher] Mensaje: Header: login, Data: {voice=true, orientation=false, contactless=false, data=null, ticket=true, geofence=null, gps=false, schedule=14:40, ads=false, route=1, trip=39152, driver=null, calls=true, padron=124, id=15, state=E, map=false, placa=BCG906, direction=false, order=1}
2026-09-23 14:29:03 [SocketService] [RECIBIDO]| #9 | SID:275 | 35B | login [DATA]: {voice=true, orientation=false, contactless=false, data=null, ticket=true, geofence=null, gps=false, schedule=14:40, ads=false, route=1, trip=39152, driver=null, calls=true, padron=124, id=15, state=E, map=false, placa=BCG906, direction=false, order=1}
2026-09-23 14:28:48 [SocketMessageDispatcher] Mensaje: Header: login, Data: {voice=true, orientation=false, contactless=false, data=null, ticket=true, geofence=null, gps=false, schedule=14:40, ads=false, route=1, trip=39152, driver=null, calls=true, padron=124, id=15, state=E, map=false, placa=BCG906, direction=false, order=1}
2026-09-23 14:28:48 [SocketService] [RECIBIDO]| #8 | SID:275 | 35B | login [DATA]: {voice=true, orientation=false, contactless=false, data=null, ticket=true, geofence=null, gps=false, schedule=14:40, ads=false, route=1, trip=39152, driver=null, calls=true, padron=124, id=15, state=E, map=false, placa=BCG906, direction=false, order=1}
2026-09-23 14:28:28 [DeviceStatus] 📡 device_status [disparo: periodico-5min] → {id=15, time=2026-09-23T14:28:28.838370, version=1.0.66, state=E, view=tickets, power=O:1790100146, screen=O:1790100146, battery=59, temperature=49.0, charging=true, online=true, printer=CONNECTED, aux=, map=lima_map15.mbtiles, lat=-11.934506, lng=-76.9662603, model=F310, serial=F31P50544G00242, battery_voltage=3940, ram_free=628, ram_total=1783, storage_free=5965, storage_total=15258, sim=true, sim_operator=716_17, wifi_ssid=<unknown ssid>, signal=-127, cell_signal=-86, ip=10.252.107.232, gps=true, kiosk=true, wifi_on=false, bluetooth=false, no_battery=false, cpu=22.3#1.75/2.07/1.86#2016/2016}
2026-09-23 14:27:42 [SocketMessageDispatcher] Mensaje: Header: report, Data: {positions=1}
2026-09-23 14:27:42 [SocketService] [RECIBIDO]| #6 | SID:275 | 3B | report [DATA]: {positions=1}
2026-09-23 14:27:41 [SocketService] [ENVIADO] | [NUEVO] (36B) [KEY]: report [DATA]: {trip=39152, route=1, positions=[{lng=-76.9662602, busstop=0, angle=0, accuracy=9, time=2026-09-23T14:27:41.874933, lat=-11.9345059, speed=0, mark=0}], state=E, sales=0, events=[], direction=false}
2026-09-23 14:27:41 [PositionRepository] 📤 Enviando 1 (batch=2, pendientes=1)
2026-09-23 14:27:41 [LocationTrackingService] GPS desactivado - Pulso cada 5 min acc:9.935m
2026-09-23 14:27:30 [ProtectorVM] TEMP: 49.0C -> cap térmico 40%
2026-09-23 14:27:30 [ProtectorVM] temp: 49.0C
2026-09-23 14:25:37 [SocketMessageDispatcher] Mensaje: Header: salida, Data: {lado=true, estado=R, frecuencia=16, ruta=1, geocerca=null, controles=[{volada=0, tiempo=0, geocerca=53}, {volada=0, tiempo=5, geocerca=67}, {volada=-4, tiempo=10, geocerca=54}, {volada=-6, tiempo=6, geocerca=68}, {volada=-10, tiempo=6, geocerca=55}, {volada=-9, tiempo=5, geocerca=69}, {volada=-12, tiempo=12, geocerca=56}, {volada=-15, tiempo=8, geocerca=57}, {volada=-15, tiempo=9, geocerca=58}, {volada=-17, tiempo=10, geocerca=59}, {volada=-18, tiempo=7, geocerca=60}, {volada=-12, tiempo=0, geocerca=61}, {volada=-6, tiempo=0, geocerca=62}, {volada=-4, tiempo=0, geocerca=63}, {volada=3, tiempo=0, geocerca=64}, {volada=11, tiempo=0, geocerca=65}, {volada=0, tiempo=0, geocerca=66}, {volada=35, tiempo=0, geocerca=3}, {volada=32, tiempo=6, geocerca=22}, {volada=33, tiempo=3, geocerca=23}, {volada=36, tiempo=3, geocerca=24}, {volada=37, tiempo=3, geocerca=25}, {volada=40, tiempo=3, geocerca=26}, {volada=43, tiempo=3, geocerca=27}, {volada=44, tiempo=3, geocerca=28}, {volada=43, tiempo=3, geocerca=29}, {volada=44, tiempo=2, geocerca=30}, {volada=43, tiempo=2, geocerca=31}, {volada=43, tiempo=3, geocerca=32}, {volada=43, tiempo=4, geocerca=33}, {volada=43, tiempo=3, geocerca=34}, {volada=46, tiempo=3, geocerca=35}, {volada=48, tiempo=3, geocerca=36}, {volada=48, tiempo=3, geocerca=37}, {volada=47, tiempo=3, geocerca=38}, {volada=69, tiempo=5, geocerca=4}], inicio=2026-09-23T10:20, marcados=[false, false, true, true, true, true, true, true, true, true, true, true, true, true, true, true, false, true, true, true, true, true, true, true, true, true, true, true, true, true, true, true, true, true, true, true], id=39152, conductor=131}
2026-09-23 14:25:37 [SocketMessageDispatcher] Mensaje: Header: backward_datero_hide, Data: {pad=108, geofence=4, delta=33, orden=0, id=3081026292}
2026-09-23 14:25:37 [SocketMessageDispatcher] Mensaje: Header: forward_datero_hide, Data: {trip=39152, geofence=53, time=2026-09-23T14:25:36, dateros=[{delta=0, padron=0}]}
2026-09-23 14:25:37 [SocketMessageDispatcher] Mensaje: Header: operation, Data: {section=remote, id=09374710268af53289c05871, value=35417, key=sesion}
2026-09-23 14:25:36 [SocketService] [RECIBIDO]| #5 | SID:275 | 245B | salida [DATA]: {lado=true, estado=R, frecuencia=16, ruta=1, geocerca=null, controles=[{volada=0, tiempo=0, geocerca=53}, {volada=0, tiempo=5, geocerca=67}, {volada=-4, tiempo=10, geocerca=54}, {volada=-6, tiempo=6, geocerca=68}, {volada=-10, tiempo=6, geocerca=55}, {volada=-9, tiempo=5, geocerca=69}, {volada=-12, tiempo=12, geocerca=56}, {volada=-15, tiempo=8, geocerca=57}, {volada=-15, tiempo=9, geocerca=58}, {volada=-17, tiempo=10, geocerca=59}, {volada=-18, tiempo=7, geocerca=60}, {volada=-12, tiempo=0, geocerca=61}, {volada=-6, tiempo=0, geocerca=62}, {volada=-4, tiempo=0, geocerca=63}, {volada=3, tiempo=0, geocerca=64}, {volada=11, tiempo=0, geocerca=65}, {volada=0, tiempo=0, geocerca=66}, {volada=35, tiempo=0, geocerca=3}, {volada=32, tiempo=6, geocerca=22}, {volada=33, tiempo=3, geocerca=23}, {volada=36, tiempo=3, geocerca=24}, {volada=37, tiempo=3, geocerca=25}, {volada=40, tiempo=3, geocerca=26}, {volada=43, tiempo=3, geocerca=27}, {volada=44, tiempo=3, geocerca=28}, {volada=43, tiempo=3, geocerca=29}, {volada=44, tiempo=2, geocerca=30}, {volada=43, tiempo=2, geocerca=31}, {volada=43, tiempo=3, geocerca=32}, {volada=43, tiempo=4, geocerca=33}, {volada=43, tiempo=3, geocerca=34}, {volada=46, tiempo=3, geocerca=35}, {volada=48, tiempo=3, geocerca=36}, {volada=48, tiempo=3, geocerca=37}, {volada=47, tiempo=3, geocerca=38}, {volada=69, tiempo=5, geocerca=4}], inicio=2026-09-23T10:20, marcados=[false, false, true, true, true, true, true, true, true, true, true, true, true, true, true, true, false, true, true, true, true, true, true, true, true, true, true, true, true, true, true, true, true, true, true, true], id=39152, conductor=131}
2026-09-23 14:25:36 [SocketService] [RECIBIDO]| #4 | SID:275 | 20B | backward_datero_hide [DATA]: {pad=108, geofence=4, delta=33, orden=0, id=3081026292}
2026-09-23 14:25:36 [SocketService] [RECIBIDO]| #3 | SID:275 | 19B | forward_datero_hide [DATA]: {trip=39152, geofence=53, time=2026-09-23T14:25:36, dateros=[{delta=0, padron=0}]}
2026-09-23 14:25:36 [SocketService] [ENVIADO] | [NUEVO] (7B) [KEY]: salida [DATA]: {limit=0, salida=39152}
2026-09-23 14:25:36 [SocketService] [ENVIADO] | [NUEVO] (3B) [KEY]: backward_datero [DATA]: {id=0}
2026-09-23 14:25:36 [SocketService] [ENVIADO] | [NUEVO] (4B) [KEY]: forward_datero [DATA]: {id=0}
2026-09-23 14:25:36 [SocketMessageDispatcher] ✅ Login confirmado por servidor (sesión OK)
2026-09-23 14:25:36 [SocketMessageDispatcher] Mensaje: Header: login, Data: {voice=true, orientation=false, contactless=false, data=2026-09-23T14:25:36, ticket=true, geofence=null, gps=false, schedule=14:40, ads=false, route=1, trip=39152, driver=null, calls=true, padron=124, id=15, state=E, map=false, placa=BCG906, direction=false, order=1}
2026-09-23 14:25:36 [SocketService] [RECIBIDO]| #2 | SID:275 | 48B | operation [DATA]: {section=remote, id=09374710268af53289c05871, value=35417, key=sesion}
2026-09-23 14:25:36 [SocketService] [RECIBIDO]| #1 | SID:275 | 35B | login [DATA]: {voice=true, orientation=false, contactless=false, data=2026-09-23T14:25:36, ticket=true, geofence=null, gps=false, schedule=14:40, ads=false, route=1, trip=39152, driver=null, calls=true, padron=124, id=15, state=E, map=false, placa=BCG906, direction=false, order=1}
2026-09-23 14:25:35 [SocketService] 🔒 WakeLock + WifiLock adquiridos
2026-09-23 14:25:35 [SocketService] [ENVIADO] | [NUEVO] (18B) [KEY]: login [DATA]: {serial=864255060447047}
2026-09-23 14:25:35 [SocketService] 🔑 Enviando login handshake (864255060447047)
2026-09-23 14:25:35 [SocketService] ✅ CONECTADO [ID: 275] en 91384115ms - Code: 101
2026-09-23 14:25:35 [SocketService] ✅ Recursos completamente limpiados
2026-09-23 14:25:35 [SocketService] 🔄 Conectando [ID: 275] a ws://34.71.11.201:22222?schema=android&gps=true&console=true&version=2
2026-09-23 14:25:35 [GpsViewModel] No hay conexión. Se omite procesamiento.
2026-09-23 14:25:35 [SocketService] 🔄 Nuevo Socket ID: 275
2026-09-23 14:25:35 [SocketService] ⏰ Watchdog: 126422ms sin mensajes, forzando reconexión
2026-09-23 14:25:35 [SocketService] 🧹 Limpiando recursos [ID: 274]
2026-09-23 14:22:42 [SocketMessageDispatcher] Mensaje: Header: report, Data: {positions=1}
2026-09-23 14:22:42 [SocketService] [RECIBIDO]| #6 | SID:274 | 3B | report [DATA]: {positions=1}
2026-09-23 14:22:41 [SocketService] [ENVIADO] | [NUEVO] (36B) [KEY]: report [DATA]: {trip=39152, route=1, positions=[{lng=-76.9662601, busstop=0, angle=0, accuracy=9, time=2026-09-23T14:22:41.873939, lat=-11.9345061, speed=0, mark=0}], state=E, sales=0, events=[], direction=false}
2026-09-23 14:22:41 [PositionRepository] 📤 Enviando 1 (batch=2, pendientes=1)
2026-09-23 14:22:41 [LocationTrackingService] GPS desactivado - Pulso cada 5 min acc:9.935m
2026-09-23 14:22:30 [ProtectorVM] TEMP: 48.9C -> cap térmico 41%
2026-09-23 14:22:30 [ProtectorVM] temp: 48.9C
2026-09-23 14:21:06 [SocketMessageDispatcher] Mensaje: Header: salida, Data: {lado=true, estado=R, frecuencia=16, ruta=1, geocerca=null, controles=[{volada=0, tiempo=0, geocerca=53}, {volada=0, tiempo=5, geocerca=67}, {volada=-4, tiempo=10, geocerca=54}, {volada=-6, tiempo=6, geocerca=68}, {volada=-10, tiempo=6, geocerca=55}, {volada=-9, tiempo=5, geocerca=69}, {volada=-12, tiempo=12, geocerca=56}, {volada=-15, tiempo=8, geocerca=57}, {volada=-15, tiempo=9, geocerca=58}, {volada=-17, tiempo=10, geocerca=59}, {volada=-18, tiempo=7, geocerca=60}, {volada=-12, tiempo=0, geocerca=61}, {volada=-6, tiempo=0, geocerca=62}, {volada=-4, tiempo=0, geocerca=63}, {volada=3, tiempo=0, geocerca=64}, {volada=11, tiempo=0, geocerca=65}, {volada=0, tiempo=0, geocerca=66}, {volada=35, tiempo=0, geocerca=3}, {volada=32, tiempo=6, geocerca=22}, {volada=33, tiempo=3, geocerca=23}, {volada=36, tiempo=3, geocerca=24}, {volada=37, tiempo=3, geocerca=25}, {volada=40, tiempo=3, geocerca=26}, {volada=43, tiempo=3, geocerca=27}, {volada=44, tiempo=3, geocerca=28}, {volada=43, tiempo=3, geocerca=29}, {volada=44, tiempo=2, geocerca=30}, {volada=43, tiempo=2, geocerca=31}, {volada=43, tiempo=3, geocerca=32}, {volada=43, tiempo=4, geocerca=33}, {volada=43, tiempo=3, geocerca=34}, {volada=46, tiempo=3, geocerca=35}, {volada=48, tiempo=3, geocerca=36}, {volada=48, tiempo=3, geocerca=37}, {volada=47, tiempo=3, geocerca=38}, {volada=69, tiempo=5, geocerca=4}], inicio=2026-09-23T10:20, marcados=[false, false, true, true, true, true, true, true, true, true, true, true, true, true, true, true, false, true, true, true, true, true, true, true, true, true, true, true, true, true, true, true, true, true, true, true], id=39152, conductor=131}
2026-09-23 14:21:06 [SocketMessageDispatcher] Mensaje: Header: forward_datero_hide, Data: {trip=39152, geofence=53, time=2026-09-23T14:21:06, dateros=[{delta=0, padron=0}]}
2026-09-23 14:21:06 [SocketMessageDispatcher] Mensaje: Header: backward_datero_hide, Data: {pad=108, geofence=4, delta=33, orden=0, id=3081026292}
2026-09-23 14:21:06 [SocketMessageDispatcher] Mensaje: Header: operation, Data: {section=remote, id=09374710268af53289c05871, value=35417, key=sesion}
2026-09-23 14:21:06 [SocketService] [RECIBIDO]| #5 | SID:274 | 245B | salida [DATA]: {lado=true, estado=R, frecuencia=16, ruta=1, geocerca=null, controles=[{volada=0, tiempo=0, geocerca=53}, {volada=0, tiempo=5, geocerca=67}, {volada=-4, tiempo=10, geocerca=54}, {volada=-6, tiempo=6, geocerca=68}, {volada=-10, tiempo=6, geocerca=55}, {volada=-9, tiempo=5, geocerca=69}, {volada=-12, tiempo=12, geocerca=56}, {volada=-15, tiempo=8, geocerca=57}, {volada=-15, tiempo=9, geocerca=58}, {volada=-17, tiempo=10, geocerca=59}, {volada=-18, tiempo=7, geocerca=60}, {volada=-12, tiempo=0, geocerca=61}, {volada=-6, tiempo=0, geocerca=62}, {volada=-4, tiempo=0, geocerca=63}, {volada=3, tiempo=0, geocerca=64}, {volada=11, tiempo=0, geocerca=65}, {volada=0, tiempo=0, geocerca=66}, {volada=35, tiempo=0, geocerca=3}, {volada=32, tiempo=6, geocerca=22}, {volada=33, tiempo=3, geocerca=23}, {volada=36, tiempo=3, geocerca=24}, {volada=37, tiempo=3, geocerca=25}, {volada=40, tiempo=3, geocerca=26}, {volada=43, tiempo=3, geocerca=27}, {volada=44, tiempo=3, geocerca=28}, {volada=43, tiempo=3, geocerca=29}, {volada=44, tiempo=2, geocerca=30}, {volada=43, tiempo=2, geocerca=31}, {volada=43, tiempo=3, geocerca=32}, {volada=43, tiempo=4, geocerca=33}, {volada=43, tiempo=3, geocerca=34}, {volada=46, tiempo=3, geocerca=35}, {volada=48, tiempo=3, geocerca=36}, {volada=48, tiempo=3, geocerca=37}, {volada=47, tiempo=3, geocerca=38}, {volada=69, tiempo=5, geocerca=4}], inicio=2026-09-23T10:20, marcados=[false, false, true, true, true, true, true, true, true, true, true, true, true, true, true, true, false, true, true, true, true, true, true, true, true, true, true, true, true, true, true, true, true, true, true, true], id=39152, conductor=131}
2026-09-23 14:21:06 [SocketService] [RECIBIDO]| #4 | SID:274 | 19B | forward_datero_hide [DATA]: {trip=39152, geofence=53, time=2026-09-23T14:21:06, dateros=[{delta=0, padron=0}]}
2026-09-23 14:21:06 [SocketService] [RECIBIDO]| #3 | SID:274 | 20B | backward_datero_hide [DATA]: {pad=108, geofence=4, delta=33, orden=0, id=3081026292}
2026-09-23 14:21:05 [SocketService] [ENVIADO] | [NUEVO] (7B) [KEY]: salida [DATA]: {limit=0, salida=39152}
2026-09-23 14:21:05 [SocketService] [ENVIADO] | [NUEVO] (4B) [KEY]: forward_datero [DATA]: {id=0}
2026-09-23 14:21:05 [SocketService] [ENVIADO] | [NUEVO] (3B) [KEY]: backward_datero [DATA]: {id=0}
2026-09-23 14:21:05 [SocketMessageDispatcher] ✅ Login confirmado por servidor (sesión OK)
2026-09-23 14:21:05 [SocketMessageDispatcher] Mensaje: Header: login, Data: {voice=true, orientation=false, contactless=false, data=2026-09-23T14:21:05, ticket=true, geofence=null, gps=false, schedule=14:40, ads=false, route=1, trip=39152, driver=null, calls=true, padron=124, id=15, state=E, map=false, placa=BCG906, direction=false, order=1}
2026-09-23 14:21:05 [SocketService] [RECIBIDO]| #2 | SID:274 | 48B | operation [DATA]: {section=remote, id=09374710268af53289c05871, value=35417, key=sesion}
2026-09-23 14:21:05 [SocketService] [RECIBIDO]| #1 | SID:274 | 35B | login [DATA]: {voice=true, orientation=false, contactless=false, data=2026-09-23T14:21:05, ticket=true, geofence=null, gps=false, schedule=14:40, ads=false, route=1, trip=39152, driver=null, calls=true, padron=124, id=15, state=E, map=false, placa=BCG906, direction=false, order=1}
2026-09-23 14:21:05 [SocketService] 🔒 WakeLock + WifiLock adquiridos
2026-09-23 14:21:05 [SocketService] [ENVIADO] | [NUEVO] (18B) [KEY]: login [DATA]: {serial=864255060447047}
2026-09-23 14:21:05 [SocketService] 🔑 Enviando login handshake (864255060447047)
2026-09-23 14:21:05 [SocketService] ✅ CONECTADO [ID: 274] en 91113642ms - Code: 101
2026-09-23 14:21:05 [SocketService] 🔄 Conectando [ID: 274] a ws://34.71.11.201:22222?schema=android&gps=true&console=true&version=2
2026-09-23 14:21:05 [SocketService] ✅ Recursos completamente limpiados
2026-09-23 14:21:05 [SocketService] 🔄 Nuevo Socket ID: 274
2026-09-23 14:21:05 [GpsViewModel] No hay conexión. Se omite procesamiento.
2026-09-23 14:21:05 [SocketService] 🧹 Limpiando recursos [ID: 273]
2026-09-23 14:21:05 [SocketService] ⏰ Watchdog: 132272ms sin mensajes, forzando reconexión
2026-09-23 14:18:52 [SocketMessageDispatcher] Mensaje: Header: login, Data: {voice=true, orientation=false, contactless=false, data=null, ticket=true, geofence=null, gps=false, schedule=14:40, ads=false, route=1, trip=39152, driver=null, calls=true, padron=124, id=15, state=E, map=false, placa=BCG906, direction=false, order=1}
2026-09-23 14:18:52 [SocketService] [RECIBIDO]| #9 | SID:273 | 35B | login [DATA]: {voice=true, orientation=false, contactless=false, data=null, ticket=true, geofence=null, gps=false, schedule=14:40, ads=false, route=1, trip=39152, driver=null, calls=true, padron=124, id=15, state=E, map=false, placa=BCG906, direction=false, order=1}
2026-09-23 14:18:48 [SocketMessageDispatcher] Mensaje: Header: backward_datero, Data: {pad=108, geofence=4, delta=33, orden=0, id=3081026292}
2026-09-23 14:18:48 [SocketService] [RECIBIDO]| #8 | SID:273 | 19B | backward_datero [DATA]: {pad=108, geofence=4, delta=33, orden=0, id=3081026292}
2026-09-23 14:17:39 [SocketMessageDispatcher] Mensaje: Header: report, Data: {positions=1}
2026-09-23 14:17:39 [SocketService] [RECIBIDO]| #6 | SID:273 | 3B | report [DATA]: {positions=1}
2026-09-23 14:17:38 [SocketService] [ENVIADO] | [NUEVO] (36B) [KEY]: report [DATA]: {trip=39152, route=1, positions=[{lng=-76.9662602, busstop=0, angle=0, accuracy=9, time=2026-09-23T14:17:38.887754, lat=-11.934506, speed=0, mark=0}], state=E, sales=0, events=[], direction=false}
2026-09-23 14:17:38 [PositionRepository] 📤 Enviando 1 (batch=2, pendientes=1)
2026-09-23 14:17:38 [LocationTrackingService] GPS desactivado - Pulso cada 5 min acc:9.935m
2026-09-23 14:17:30 [ProtectorVM] TEMP: 48.5C -> cap térmico 43%
2026-09-23 14:17:30 [ProtectorVM] temp: 48.5C
2026-09-23 14:17:06 [SocketMessageDispatcher] Mensaje: Header: salida, Data: {lado=true, estado=R, frecuencia=16, ruta=1, geocerca=null, controles=[{volada=0, tiempo=0, geocerca=53}, {volada=0, tiempo=5, geocerca=67}, {volada=-4, tiempo=10, geocerca=54}, {volada=-6, tiempo=6, geocerca=68}, {volada=-10, tiempo=6, geocerca=55}, {volada=-9, tiempo=5, geocerca=69}, {volada=-12, tiempo=12, geocerca=56}, {volada=-15, tiempo=8, geocerca=57}, {volada=-15, tiempo=9, geocerca=58}, {volada=-17, tiempo=10, geocerca=59}, {volada=-18, tiempo=7, geocerca=60}, {volada=-12, tiempo=0, geocerca=61}, {volada=-6, tiempo=0, geocerca=62}, {volada=-4, tiempo=0, geocerca=63}, {volada=3, tiempo=0, geocerca=64}, {volada=11, tiempo=0, geocerca=65}, {volada=0, tiempo=0, geocerca=66}, {volada=35, tiempo=0, geocerca=3}, {volada=32, tiempo=6, geocerca=22}, {volada=33, tiempo=3, geocerca=23}, {volada=36, tiempo=3, geocerca=24}, {volada=37, tiempo=3, geocerca=25}, {volada=40, tiempo=3, geocerca=26}, {volada=43, tiempo=3, geocerca=27}, {volada=44, tiempo=3, geocerca=28}, {volada=43, tiempo=3, geocerca=29}, {volada=44, tiempo=2, geocerca=30}, {volada=43, tiempo=2, geocerca=31}, {volada=43, tiempo=3, geocerca=32}, {volada=43, tiempo=4, geocerca=33}, {volada=43, tiempo=3, geocerca=34}, {volada=46, tiempo=3, geocerca=35}, {volada=48, tiempo=3, geocerca=36}, {volada=48, tiempo=3, geocerca=37}, {volada=47, tiempo=3, geocerca=38}, {volada=69, tiempo=5, geocerca=4}], inicio=2026-09-23T10:20, marcados=[false, false, true, true, true, true, true, true, true, true, true, true, true, true, true, true, false, true, true, true, true, true, true, true, true, true, true, true, true, true, true, true, true, true, true, true], id=39152, conductor=131}
2026-09-23 14:17:06 [SocketMessageDispatcher] Mensaje: Header: backward_datero_hide, Data: {pad=132, geofence=38, delta=36, orden=0, id=9071342369}
2026-09-23 14:17:06 [SocketMessageDispatcher] Mensaje: Header: forward_datero_hide, Data: {trip=39152, geofence=53, time=2026-09-23T14:17:06, dateros=[{delta=0, padron=0}]}
2026-09-23 14:17:06 [SocketMessageDispatcher] Mensaje: Header: operation, Data: {section=remote, id=09374710268af53289c05871, value=35417, key=sesion}
2026-09-23 14:17:06 [SocketService] [RECIBIDO]| #5 | SID:273 | 245B | salida [DATA]: {lado=true, estado=R, frecuencia=16, ruta=1, geocerca=null, controles=[{volada=0, tiempo=0, geocerca=53}, {volada=0, tiempo=5, geocerca=67}, {volada=-4, tiempo=10, geocerca=54}, {volada=-6, tiempo=6, geocerca=68}, {volada=-10, tiempo=6, geocerca=55}, {volada=-9, tiempo=5, geocerca=69}, {volada=-12, tiempo=12, geocerca=56}, {volada=-15, tiempo=8, geocerca=57}, {volada=-15, tiempo=9, geocerca=58}, {volada=-17, tiempo=10, geocerca=59}, {volada=-18, tiempo=7, geocerca=60}, {volada=-12, tiempo=0, geocerca=61}, {volada=-6, tiempo=0, geocerca=62}, {volada=-4, tiempo=0, geocerca=63}, {volada=3, tiempo=0, geocerca=64}, {volada=11, tiempo=0, geocerca=65}, {volada=0, tiempo=0, geocerca=66}, {volada=35, tiempo=0, geocerca=3}, {volada=32, tiempo=6, geocerca=22}, {volada=33, tiempo=3, geocerca=23}, {volada=36, tiempo=3, geocerca=24}, {volada=37, tiempo=3, geocerca=25}, {volada=40, tiempo=3, geocerca=26}, {volada=43, tiempo=3, geocerca=27}, {volada=44, tiempo=3, geocerca=28}, {volada=43, tiempo=3, geocerca=29}, {volada=44, tiempo=2, geocerca=30}, {volada=43, tiempo=2, geocerca=31}, {volada=43, tiempo=3, geocerca=32}, {volada=43, tiempo=4, geocerca=33}, {volada=43, tiempo=3, geocerca=34}, {volada=46, tiempo=3, geocerca=35}, {volada=48, tiempo=3, geocerca=36}, {volada=48, tiempo=3, geocerca=37}, {volada=47, tiempo=3, geocerca=38}, {volada=69, tiempo=5, geocerca=4}], inicio=2026-09-23T10:20, marcados=[false, false, true, true, true, true, true, true, true, true, true, true, true, true, true, true, false, true, true, true, true, true, true, true, true, true, true, true, true, true, true, true, true, true, true, true], id=39152, conductor=131}
2026-09-23 14:17:06 [SocketService] [RECIBIDO]| #4 | SID:273 | 19B | forward_datero_hide [DATA]: {trip=39152, geofence=53, time=2026-09-23T14:17:06, dateros=[{delta=0, padron=0}]}
2026-09-23 14:17:05 [SocketService] [RECIBIDO]| #3 | SID:273 | 20B | backward_datero_hide [DATA]: {pad=132, geofence=38, delta=36, orden=0, id=9071342369}
2026-09-23 14:17:05 [SocketService] [ENVIADO] | [NUEVO] (7B) [KEY]: salida [DATA]: {limit=0, salida=39152}
2026-09-23 14:17:05 [SocketService] [ENVIADO] | [NUEVO] (3B) [KEY]: backward_datero [DATA]: {id=0}
2026-09-23 14:17:05 [SocketService] [ENVIADO] | [NUEVO] (4B) [KEY]: forward_datero [DATA]: {id=0}
2026-09-23 14:17:05 [SocketMessageDispatcher] ✅ Login confirmado por servidor (sesión OK)
2026-09-23 14:17:05 [SocketService] [RECIBIDO]| #2 | SID:273 | 48B | operation [DATA]: {section=remote, id=09374710268af53289c05871, value=35417, key=sesion}
2026-09-23 14:17:05 [SocketMessageDispatcher] Mensaje: Header: login, Data: {voice=true, orientation=false, contactless=false, data=2026-09-23T14:17:05, ticket=true, geofence=null, gps=false, schedule=14:55, ads=false, route=1, trip=39152, driver=null, calls=true, padron=124, id=15, state=E, map=false, placa=BCG906, direction=false, order=4}
2026-09-23 14:17:05 [SocketService] [RECIBIDO]| #1 | SID:273 | 35B | login [DATA]: {voice=true, orientation=false, contactless=false, data=2026-09-23T14:17:05, ticket=true, geofence=null, gps=false, schedule=14:55, ads=false, route=1, trip=39152, driver=null, calls=true, padron=124, id=15, state=E, map=false, placa=BCG906, direction=false, order=4}
2026-09-23 14:17:05 [SocketService] 🔒 WakeLock + WifiLock adquiridos
2026-09-23 14:17:05 [SocketService] [ENVIADO] | [NUEVO] (18B) [KEY]: login [DATA]: {serial=864255060447047}
2026-09-23 14:17:05 [SocketService] 🔑 Enviando login handshake (864255060447047)
2026-09-23 14:17:05 [ERROR-SocketService] ℹ️ Reconexión cancelada
2026-09-23 14:17:05 [SocketService] ✅ CONECTADO [ID: 273] en 90873168ms - Code: 101
2026-09-23 14:17:04 [SocketService] 🔄 Conectando [ID: 273] a ws://34.71.11.201:22222?schema=android&gps=true&console=true&version=2
2026-09-23 14:17:04 [SocketService] ✅ Recursos completamente limpiados
2026-09-23 14:17:04 [SocketService] 🔄 Reconexión #1 en 500ms
2026-09-23 14:17:04 [ERROR-SocketService] ❌ [onFailure] [ID: 272]: Socket closed
2026-09-23 14:17:04 [GpsViewModel] No hay conexión. Se omite procesamiento.
2026-09-23 14:17:04 [SocketService] 🔄 Nuevo Socket ID: 273
2026-09-23 14:17:04 [SocketService] ⏰ Watchdog: 130753ms sin mensajes, forzando reconexión
2026-09-23 14:17:04 [SocketService] 🧹 Limpiando recursos [ID: 272]
2026-09-23 14:14:53 [SocketMessageDispatcher] Mensaje: Header: login, Data: {voice=true, orientation=false, contactless=false, data=null, ticket=true, geofence=null, gps=false, schedule=14:55, ads=false, route=1, trip=39152, driver=null, calls=true, padron=124, id=15, state=E, map=false, placa=BCG906, direction=false, order=4}
2026-09-23 14:14:53 [SocketService] [RECIBIDO]| #8 | SID:272 | 35B | login [DATA]: {voice=true, orientation=false, contactless=false, data=null, ticket=true, geofence=null, gps=false, schedule=14:55, ads=false, route=1, trip=39152, driver=null, calls=true, padron=124, id=15, state=E, map=false, placa=BCG906, direction=false, order=4}
2026-09-23 14:12:36 [SocketMessageDispatcher] Mensaje: Header: report, Data: {positions=1}
2026-09-23 14:12:36 [SocketService] [RECIBIDO]| #6 | SID:272 | 3B | report [DATA]: {positions=1}
2026-09-23 14:12:35 [SocketService] [ENVIADO] | [NUEVO] (36B) [KEY]: report [DATA]: {trip=39152, route=1, positions=[{lng=-76.9662603, busstop=0, angle=0, accuracy=9, time=2026-09-23T14:12:35.877838, lat=-11.9345057, speed=0, mark=0}], state=E, sales=0, events=[], direction=false}
2026-09-23 14:12:35 [PositionRepository] 📤 Enviando 1 (batch=2, pendientes=1)
2026-09-23 14:12:35 [LocationTrackingService] GPS desactivado - Pulso cada 5 min acc:9.935m
2026-09-23 14:12:30 [ProtectorVM] TEMP: 48.2C -> cap térmico 45%
2026-09-23 14:12:30 [ProtectorVM] temp: 48.2C
2026-09-23 14:10:35 [SocketMessageDispatcher] Mensaje: Header: backward_datero_hide, Data: {pad=132, geofence=38, delta=36, orden=0, id=9071342369}
2026-09-23 14:10:35 [SocketMessageDispatcher] Mensaje: Header: forward_datero_hide, Data: {trip=39152, geofence=53, time=2026-09-23T14:10:35, dateros=[{delta=0, padron=0}]}
2026-09-23 14:10:35 [SocketMessageDispatcher] Mensaje: Header: salida, Data: {lado=true, estado=R, frecuencia=16, ruta=1, geocerca=null, controles=[{volada=0, tiempo=0, geocerca=53}, {volada=0, tiempo=5, geocerca=67}, {volada=-4, tiempo=10, geocerca=54}, {volada=-6, tiempo=6, geocerca=68}, {volada=-10, tiempo=6, geocerca=55}, {volada=-9, tiempo=5, geocerca=69}, {volada=-12, tiempo=12, geocerca=56}, {volada=-15, tiempo=8, geocerca=57}, {volada=-15, tiempo=9, geocerca=58}, {volada=-17, tiempo=10, geocerca=59}, {volada=-18, tiempo=7, geocerca=60}, {volada=-12, tiempo=0, geocerca=61}, {volada=-6, tiempo=0, geocerca=62}, {volada=-4, tiempo=0, geocerca=63}, {volada=3, tiempo=0, geocerca=64}, {volada=11, tiempo=0, geocerca=65}, {volada=0, tiempo=0, geocerca=66}, {volada=35, tiempo=0, geocerca=3}, {volada=32, tiempo=6, geocerca=22}, {volada=33, tiempo=3, geocerca=23}, {volada=36, tiempo=3, geocerca=24}, {volada=37, tiempo=3, geocerca=25}, {volada=40, tiempo=3, geocerca=26}, {volada=43, tiempo=3, geocerca=27}, {volada=44, tiempo=3, geocerca=28}, {volada=43, tiempo=3, geocerca=29}, {volada=44, tiempo=2, geocerca=30}, {volada=43, tiempo=2, geocerca=31}, {volada=43, tiempo=3, geocerca=32}, {volada=43, tiempo=4, geocerca=33}, {volada=43, tiempo=3, geocerca=34}, {volada=46, tiempo=3, geocerca=35}, {volada=48, tiempo=3, geocerca=36}, {volada=48, tiempo=3, geocerca=37}, {volada=47, tiempo=3, geocerca=38}, {volada=69, tiempo=5, geocerca=4}], inicio=2026-09-23T10:20, marcados=[false, false, true, true, true, true, true, true, true, true, true, true, true, true, true, true, false, true, true, true, true, true, true, true, true, true, true, true, true, true, true, true, true, true, true, true], id=39152, conductor=131}
2026-09-23 14:10:35 [SocketMessageDispatcher] Mensaje: Header: operation, Data: {section=remote, id=09374710268af53289c05871, value=35417, key=sesion}
2026-09-23 14:10:35 [SocketService] [RECIBIDO]| #5 | SID:272 | 20B | backward_datero_hide [DATA]: {pad=132, geofence=38, delta=36, orden=0, id=9071342369}
2026-09-23 14:10:35 [SocketService] [RECIBIDO]| #4 | SID:272 | 19B | forward_datero_hide [DATA]: {trip=39152, geofence=53, time=2026-09-23T14:10:35, dateros=[{delta=0, padron=0}]}
2026-09-23 14:10:35 [SocketService] [RECIBIDO]| #3 | SID:272 | 245B | salida [DATA]: {lado=true, estado=R, frecuencia=16, ruta=1, geocerca=null, controles=[{volada=0, tiempo=0, geocerca=53}, {volada=0, tiempo=5, geocerca=67}, {volada=-4, tiempo=10, geocerca=54}, {volada=-6, tiempo=6, geocerca=68}, {volada=-10, tiempo=6, geocerca=55}, {volada=-9, tiempo=5, geocerca=69}, {volada=-12, tiempo=12, geocerca=56}, {volada=-15, tiempo=8, geocerca=57}, {volada=-15, tiempo=9, geocerca=58}, {volada=-17, tiempo=10, geocerca=59}, {volada=-18, tiempo=7, geocerca=60}, {volada=-12, tiempo=0, geocerca=61}, {volada=-6, tiempo=0, geocerca=62}, {volada=-4, tiempo=0, geocerca=63}, {volada=3, tiempo=0, geocerca=64}, {volada=11, tiempo=0, geocerca=65}, {volada=0, tiempo=0, geocerca=66}, {volada=35, tiempo=0, geocerca=3}, {volada=32, tiempo=6, geocerca=22}, {volada=33, tiempo=3, geocerca=23}, {volada=36, tiempo=3, geocerca=24}, {volada=37, tiempo=3, geocerca=25}, {volada=40, tiempo=3, geocerca=26}, {volada=43, tiempo=3, geocerca=27}, {volada=44, tiempo=3, geocerca=28}, {volada=43, tiempo=3, geocerca=29}, {volada=44, tiempo=2, geocerca=30}, {volada=43, tiempo=2, geocerca=31}, {volada=43, tiempo=3, geocerca=32}, {volada=43, tiempo=4, geocerca=33}, {volada=43, tiempo=3, geocerca=34}, {volada=46, tiempo=3, geocerca=35}, {volada=48, tiempo=3, geocerca=36}, {volada=48, tiempo=3, geocerca=37}, {volada=47, tiempo=3, geocerca=38}, {volada=69, tiempo=5, geocerca=4}], inicio=2026-09-23T10:20, marcados=[false, false, true, true, true, true, true, true, true, true, true, true, true, true, true, true, false, true, true, true, true, true, true, true, true, true, true, true, true, true, true, true, true, true, true, true], id=39152, conductor=131}
2026-09-23 14:10:35 [SocketService] [ENVIADO] | [NUEVO] (3B) [KEY]: backward_datero [DATA]: {id=0}
2026-09-23 14:10:35 [SocketService] [ENVIADO] | [NUEVO] (4B) [KEY]: forward_datero [DATA]: {id=0}
2026-09-23 14:10:35 [SocketService] [ENVIADO] | [NUEVO] (7B) [KEY]: salida [DATA]: {limit=0, salida=39152}
2026-09-23 14:10:34 [SocketMessageDispatcher] ✅ Login confirmado por servidor (sesión OK)
2026-09-23 14:10:34 [SocketService] [RECIBIDO]| #2 | SID:272 | 48B | operation [DATA]: {section=remote, id=09374710268af53289c05871, value=35417, key=sesion}
2026-09-23 14:10:34 [SocketMessageDispatcher] Mensaje: Header: login, Data: {voice=true, orientation=false, contactless=false, data=2026-09-23T14:10:35, ticket=true, geofence=null, gps=false, schedule=14:55, ads=false, route=1, trip=39152, driver=null, calls=true, padron=124, id=15, state=E, map=false, placa=BCG906, direction=false, order=4}
2026-09-23 14:10:34 [SocketService] [RECIBIDO]| #1 | SID:272 | 35B | login [DATA]: {voice=true, orientation=false, contactless=false, data=2026-09-23T14:10:35, ticket=true, geofence=null, gps=false, schedule=14:55, ads=false, route=1, trip=39152, driver=null, calls=true, padron=124, id=15, state=E, map=false, placa=BCG906, direction=false, order=4}
2026-09-23 14:10:34 [SocketService] 🔒 WakeLock + WifiLock adquiridos
2026-09-23 14:10:34 [SocketService] [ENVIADO] | [NUEVO] (18B) [KEY]: login [DATA]: {serial=864255060447047}
2026-09-23 14:10:34 [SocketService] 🔑 Enviando login handshake (864255060447047)
2026-09-23 14:10:34 [SocketService] ✅ CONECTADO [ID: 272] en 90482682ms - Code: 101
2026-09-23 14:10:34 [SocketService] 🔄 Conectando [ID: 272] a ws://34.71.11.201:22222?schema=android&gps=true&console=true&version=2
2026-09-23 14:10:34 [SocketService] ✅ Recursos completamente limpiados
2026-09-23 14:10:34 [GpsViewModel] No hay conexión. Se omite procesamiento.
2026-09-23 14:10:34 [SocketService] 🔄 Nuevo Socket ID: 272
2026-09-23 14:10:34 [SocketService] ⏰ Watchdog: 125273ms sin mensajes, forzando reconexión
2026-09-23 14:10:34 [SocketService] 🧹 Limpiando recursos [ID: 271]
2026-09-23 14:07:36 [SocketMessageDispatcher] Mensaje: Header: report, Data: {positions=1}
2026-09-23 14:07:36 [SocketService] [RECIBIDO]| #7 | SID:271 | 3B | report [DATA]: {positions=1}
2026-09-23 14:07:35 [SocketService] [ENVIADO] | [NUEVO] (36B) [KEY]: report [DATA]: {trip=39152, route=1, positions=[{lng=-76.9662573, busstop=0, angle=0, accuracy=4, time=2026-09-23T14:07:35.868840, lat=-11.9345044, speed=0, mark=0}], state=E, sales=0, events=[], direction=false}
2026-09-23 14:07:35 [PositionRepository] 📤 Enviando 1 (batch=2, pendientes=1)
2026-09-23 14:07:35 [LocationTrackingService] GPS desactivado - Pulso cada 5 min acc:4.891m
2026-09-23 14:07:30 [ProtectorVM] TEMP: 48.0C -> cap térmico 47%
2026-09-23 14:07:30 [ProtectorVM] temp: 48.0C
2026-09-23 14:05:36 [SocketMessageDispatcher] Mensaje: Header: login, Data: {voice=true, orientation=false, contactless=false, data=null, ticket=true, geofence=null, gps=false, schedule=14:55, ads=false, route=1, trip=39152, driver=null, calls=true, padron=124, id=15, state=E, map=false, placa=BCG906, direction=false, order=4}
2026-09-23 14:05:36 [SocketService] [RECIBIDO]| #6 | SID:271 | 35B | login [DATA]: {voice=true, orientation=false, contactless=false, data=null, ticket=true, geofence=null, gps=false, schedule=14:55, ads=false, route=1, trip=39152, driver=null, calls=true, padron=124, id=15, state=E, map=false, placa=BCG906, direction=false, order=4}
2026-09-23 14:05:35 [SocketMessageDispatcher] Mensaje: Header: backward_datero_hide, Data: {pad=132, geofence=38, delta=36, orden=0, id=9071342369}
2026-09-23 14:05:35 [SocketMessageDispatcher] Mensaje: Header: salida, Data: {lado=true, estado=R, frecuencia=16, ruta=1, geocerca=null, controles=[{volada=0, tiempo=0, geocerca=53}, {volada=0, tiempo=5, geocerca=67}, {volada=-4, tiempo=10, geocerca=54}, {volada=-6, tiempo=6, geocerca=68}, {volada=-10, tiempo=6, geocerca=55}, {volada=-9, tiempo=5, geocerca=69}, {volada=-12, tiempo=12, geocerca=56}, {volada=-15, tiempo=8, geocerca=57}, {volada=-15, tiempo=9, geocerca=58}, {volada=-17, tiempo=10, geocerca=59}, {volada=-18, tiempo=7, geocerca=60}, {volada=-12, tiempo=0, geocerca=61}, {volada=-6, tiempo=0, geocerca=62}, {volada=-4, tiempo=0, geocerca=63}, {volada=3, tiempo=0, geocerca=64}, {volada=11, tiempo=0, geocerca=65}, {volada=0, tiempo=0, geocerca=66}, {volada=35, tiempo=0, geocerca=3}, {volada=32, tiempo=6, geocerca=22}, {volada=33, tiempo=3, geocerca=23}, {volada=36, tiempo=3, geocerca=24}, {volada=37, tiempo=3, geocerca=25}, {volada=40, tiempo=3, geocerca=26}, {volada=43, tiempo=3, geocerca=27}, {volada=44, tiempo=3, geocerca=28}, {volada=43, tiempo=3, geocerca=29}, {volada=44, tiempo=2, geocerca=30}, {volada=43, tiempo=2, geocerca=31}, {volada=43, tiempo=3, geocerca=32}, {volada=43, tiempo=4, geocerca=33}, {volada=43, tiempo=3, geocerca=34}, {volada=46, tiempo=3, geocerca=35}, {volada=48, tiempo=3, geocerca=36}, {volada=48, tiempo=3, geocerca=37}, {volada=47, tiempo=3, geocerca=38}, {volada=69, tiempo=5, geocerca=4}], inicio=2026-09-23T10:20, marcados=[false, false, true, true, true, true, true, true, true, true, true, true, true, true, true, true, false, true, true, true, true, true, true, true, true, true, true, true, true, true, true, true, true, true, true, true], id=39152, conductor=131}
2026-09-23 14:05:35 [SocketMessageDispatcher] Mensaje: Header: forward_datero_hide, Data: {trip=39152, geofence=53, time=2026-09-23T14:05:35, dateros=[{delta=0, padron=0}]}
2026-09-23 14:05:35 [SocketMessageDispatcher] Mensaje: Header: operation, Data: {section=remote, id=09374710268af53289c05871, value=35417, key=sesion}
2026-09-23 14:05:34 [SocketService] [RECIBIDO]| #5 | SID:271 | 20B | backward_datero_hide [DATA]: {pad=132, geofence=38, delta=36, orden=0, id=9071342369}
2026-09-23 14:05:34 [SocketService] [RECIBIDO]| #4 | SID:271 | 19B | forward_datero_hide [DATA]: {trip=39152, geofence=53, time=2026-09-23T14:05:35, dateros=[{delta=0, padron=0}]}
2026-09-23 14:05:34 [SocketService] [RECIBIDO]| #3 | SID:271 | 245B | salida [DATA]: {lado=true, estado=R, frecuencia=16, ruta=1, geocerca=null, controles=[{volada=0, tiempo=0, geocerca=53}, {volada=0, tiempo=5, geocerca=67}, {volada=-4, tiempo=10, geocerca=54}, {volada=-6, tiempo=6, geocerca=68}, {volada=-10, tiempo=6, geocerca=55}, {volada=-9, tiempo=5, geocerca=69}, {volada=-12, tiempo=12, geocerca=56}, {volada=-15, tiempo=8, geocerca=57}, {volada=-15, tiempo=9, geocerca=58}, {volada=-17, tiempo=10, geocerca=59}, {volada=-18, tiempo=7, geocerca=60}, {volada=-12, tiempo=0, geocerca=61}, {volada=-6, tiempo=0, geocerca=62}, {volada=-4, tiempo=0, geocerca=63}, {volada=3, tiempo=0, geocerca=64}, {volada=11, tiempo=0, geocerca=65}, {volada=0, tiempo=0, geocerca=66}, {volada=35, tiempo=0, geocerca=3}, {volada=32, tiempo=6, geocerca=22}, {volada=33, tiempo=3, geocerca=23}, {volada=36, tiempo=3, geocerca=24}, {volada=37, tiempo=3, geocerca=25}, {volada=40, tiempo=3, geocerca=26}, {volada=43, tiempo=3, geocerca=27}, {volada=44, tiempo=3, geocerca=28}, {volada=43, tiempo=3, geocerca=29}, {volada=44, tiempo=2, geocerca=30}, {volada=43, tiempo=2, geocerca=31}, {volada=43, tiempo=3, geocerca=32}, {volada=43, tiempo=4, geocerca=33}, {volada=43, tiempo=3, geocerca=34}, {volada=46, tiempo=3, geocerca=35}, {volada=48, tiempo=3, geocerca=36}, {volada=48, tiempo=3, geocerca=37}, {volada=47, tiempo=3, geocerca=38}, {volada=69, tiempo=5, geocerca=4}], inicio=2026-09-23T10:20, marcados=[false, false, true, true, true, true, true, true, true, true, true, true, true, true, true, true, false, true, true, true, true, true, true, true, true, true, true, true, true, true, true, true, true, true, true, true], id=39152, conductor=131}
2026-09-23 14:05:34 [SocketService] [ENVIADO] | [NUEVO] (3B) [KEY]: backward_datero [DATA]: {id=0}
2026-09-23 14:05:34 [SocketService] [ENVIADO] | [NUEVO] (7B) [KEY]: salida [DATA]: {limit=0, salida=39152}
2026-09-23 14:05:34 [SocketService] [ENVIADO] | [NUEVO] (4B) [KEY]: forward_datero [DATA]: {id=0}
2026-09-23 14:05:34 [SocketMessageDispatcher] ✅ Login confirmado por servidor (sesión OK)
2026-09-23 14:05:34 [SocketService] [RECIBIDO]| #2 | SID:271 | 48B | operation [DATA]: {section=remote, id=09374710268af53289c05871, value=35417, key=sesion}
2026-09-23 14:05:34 [SocketMessageDispatcher] Mensaje: Header: login, Data: {voice=true, orientation=false, contactless=false, data=2026-09-23T14:05:34, ticket=true, geofence=null, gps=false, schedule=14:55, ads=false, route=1, trip=39152, driver=null, calls=true, padron=124, id=15, state=E, map=false, placa=BCG906, direction=false, order=4}
2026-09-23 14:05:34 [SocketService] [RECIBIDO]| #1 | SID:271 | 35B | login [DATA]: {voice=true, orientation=false, contactless=false, data=2026-09-23T14:05:34, ticket=true, geofence=null, gps=false, schedule=14:55, ads=false, route=1, trip=39152, driver=null, calls=true, padron=124, id=15, state=E, map=false, placa=BCG906, direction=false, order=4}
2026-09-23 14:05:34 [SocketService] 🔒 WakeLock + WifiLock adquiridos
2026-09-23 14:05:34 [SocketService] [ENVIADO] | [NUEVO] (18B) [KEY]: login [DATA]: {serial=864255060447047}
2026-09-23 14:05:34 [SocketService] 🔑 Enviando login handshake (864255060447047)
2026-09-23 14:05:34 [SocketService] ✅ CONECTADO [ID: 271] en 90182194ms - Code: 101
2026-09-23 14:05:33 [SocketService] ✅ Recursos completamente limpiados
2026-09-23 14:05:33 [SocketService] 🔄 Conectando [ID: 271] a ws://34.71.11.201:22222?schema=android&gps=true&console=true&version=2
2026-09-23 14:05:33 [GpsViewModel] No hay conexión. Se omite procesamiento.
2026-09-23 14:05:33 [SocketService] 🔄 Nuevo Socket ID: 271
2026-09-23 14:05:33 [SocketService] ⏰ Watchdog: 124936ms sin mensajes, forzando reconexión
2026-09-23 14:05:33 [SocketService] 🧹 Limpiando recursos [ID: 270]
2026-09-23 14:02:33 [SocketMessageDispatcher] Mensaje: Header: report, Data: {positions=1}
2026-09-23 14:02:33 [SocketService] [RECIBIDO]| #6 | SID:270 | 3B | report [DATA]: {positions=1}
2026-09-23 14:02:32 [SocketService] [ENVIADO] | [NUEVO] (36B) [KEY]: report [DATA]: {trip=39152, route=1, positions=[{lng=-76.9662554, busstop=0, angle=0, accuracy=5, time=2026-09-23T14:02:32.870925, lat=-11.9345109, speed=0, mark=0}], state=E, sales=0, events=[], direction=false}
2026-09-23 14:02:32 [PositionRepository] 📤 Enviando 1 (batch=2, pendientes=1)
2026-09-23 14:02:32 [LocationTrackingService] GPS desactivado - Pulso cada 5 min acc:5.044m
2026-09-23 14:02:30 [ProtectorVM] temp: 48.3C
2026-09-23 14:02:30 [ProtectorVM] TEMP: 48.3C -> cap térmico 45%
2026-09-23 14:00:34 [SocketMessageDispatcher] Mensaje: Header: forward_datero_hide, Data: {trip=39152, geofence=53, time=2026-09-23T14:00:34, dateros=[{delta=0, padron=0}]}
2026-09-23 14:00:34 [SocketMessageDispatcher] Mensaje: Header: backward_datero_hide, Data: {pad=132, geofence=38, delta=36, orden=0, id=9071342369}
2026-09-23 14:00:34 [SocketMessageDispatcher] Mensaje: Header: salida, Data: {lado=true, estado=R, frecuencia=16, ruta=1, geocerca=null, controles=[{volada=0, tiempo=0, geocerca=53}, {volada=0, tiempo=5, geocerca=67}, {volada=-4, tiempo=10, geocerca=54}, {volada=-6, tiempo=6, geocerca=68}, {volada=-10, tiempo=6, geocerca=55}, {volada=-9, tiempo=5, geocerca=69}, {volada=-12, tiempo=12, geocerca=56}, {volada=-15, tiempo=8, geocerca=57}, {volada=-15, tiempo=9, geocerca=58}, {volada=-17, tiempo=10, geocerca=59}, {volada=-18, tiempo=7, geocerca=60}, {volada=-12, tiempo=0, geocerca=61}, {volada=-6, tiempo=0, geocerca=62}, {volada=-4, tiempo=0, geocerca=63}, {volada=3, tiempo=0, geocerca=64}, {volada=11, tiempo=0, geocerca=65}, {volada=0, tiempo=0, geocerca=66}, {volada=35, tiempo=0, geocerca=3}, {volada=32, tiempo=6, geocerca=22}, {volada=33, tiempo=3, geocerca=23}, {volada=36, tiempo=3, geocerca=24}, {volada=37, tiempo=3, geocerca=25}, {volada=40, tiempo=3, geocerca=26}, {volada=43, tiempo=3, geocerca=27}, {volada=44, tiempo=3, geocerca=28}, {volada=43, tiempo=3, geocerca=29}, {volada=44, tiempo=2, geocerca=30}, {volada=43, tiempo=2, geocerca=31}, {volada=43, tiempo=3, geocerca=32}, {volada=43, tiempo=4, geocerca=33}, {volada=43, tiempo=3, geocerca=34}, {volada=46, tiempo=3, geocerca=35}, {volada=48, tiempo=3, geocerca=36}, {volada=48, tiempo=3, geocerca=37}, {volada=47, tiempo=3, geocerca=38}, {volada=69, tiempo=5, geocerca=4}], inicio=2026-09-23T10:20, marcados=[false, false, true, true, true, true, true, true, true, true, true, true, true, true, true, true, false, true, true, true, true, true, true, true, true, true, true, true, true, true, true, true, true, true, true, true], id=39152, conductor=131}
2026-09-23 14:00:34 [SocketMessageDispatcher] Mensaje: Header: operation, Data: {section=remote, id=09374710268af53289c05871, value=35417, key=sesion}
2026-09-23 14:00:34 [SocketService] [RECIBIDO]| #5 | SID:270 | 19B | forward_datero_hide [DATA]: {trip=39152, geofence=53, time=2026-09-23T14:00:34, dateros=[{delta=0, padron=0}]}
2026-09-23 14:00:34 [SocketService] [RECIBIDO]| #4 | SID:270 | 20B | backward_datero_hide [DATA]: {pad=132, geofence=38, delta=36, orden=0, id=9071342369}
2026-09-23 14:00:34 [SocketService] [RECIBIDO]| #3 | SID:270 | 245B | salida [DATA]: {lado=true, estado=R, frecuencia=16, ruta=1, geocerca=null, controles=[{volada=0, tiempo=0, geocerca=53}, {volada=0, tiempo=5, geocerca=67}, {volada=-4, tiempo=10, geocerca=54}, {volada=-6, tiempo=6, geocerca=68}, {volada=-10, tiempo=6, geocerca=55}, {volada=-9, tiempo=5, geocerca=69}, {volada=-12, tiempo=12, geocerca=56}, {volada=-15, tiempo=8, geocerca=57}, {volada=-15, tiempo=9, geocerca=58}, {volada=-17, tiempo=10, geocerca=59}, {volada=-18, tiempo=7, geocerca=60}, {volada=-12, tiempo=0, geocerca=61}, {volada=-6, tiempo=0, geocerca=62}, {volada=-4, tiempo=0, geocerca=63}, {volada=3, tiempo=0, geocerca=64}, {volada=11, tiempo=0, geocerca=65}, {volada=0, tiempo=0, geocerca=66}, {volada=35, tiempo=0, geocerca=3}, {volada=32, tiempo=6, geocerca=22}, {volada=33, tiempo=3, geocerca=23}, {volada=36, tiempo=3, geocerca=24}, {volada=37, tiempo=3, geocerca=25}, {volada=40, tiempo=3, geocerca=26}, {volada=43, tiempo=3, geocerca=27}, {volada=44, tiempo=3, geocerca=28}, {volada=43, tiempo=3, geocerca=29}, {volada=44, tiempo=2, geocerca=30}, {volada=43, tiempo=2, geocerca=31}, {volada=43, tiempo=3, geocerca=32}, {volada=43, tiempo=4, geocerca=33}, {volada=43, tiempo=3, geocerca=34}, {volada=46, tiempo=3, geocerca=35}, {volada=48, tiempo=3, geocerca=36}, {volada=48, tiempo=3, geocerca=37}, {volada=47, tiempo=3, geocerca=38}, {volada=69, tiempo=5, geocerca=4}], inicio=2026-09-23T10:20, marcados=[false, false, true, true, true, true, true, true, true, true, true, true, true, true, true, true, false, true, true, true, true, true, true, true, true, true, true, true, true, true, true, true, true, true, true, true], id=39152, conductor=131}
2026-09-23 14:00:34 [SocketService] [ENVIADO] | [NUEVO] (4B) [KEY]: forward_datero [DATA]: {id=0}
2026-09-23 14:00:34 [SocketService] [ENVIADO] | [NUEVO] (3B) [KEY]: backward_datero [DATA]: {id=0}
2026-09-23 14:00:34 [SocketService] [ENVIADO] | [NUEVO] (7B) [KEY]: salida [DATA]: {limit=0, salida=39152}
2026-09-23 14:00:33 [SocketMessageDispatcher] ✅ Login confirmado por servidor (sesión OK)
2026-09-23 14:00:33 [SocketService] [RECIBIDO]| #2 | SID:270 | 48B | operation [DATA]: {section=remote, id=09374710268af53289c05871, value=35417, key=sesion}
2026-09-23 14:00:33 [SocketMessageDispatcher] Mensaje: Header: login, Data: {voice=true, orientation=false, contactless=false, data=2026-09-23T14:00:33, ticket=true, geofence=null, gps=false, schedule=14:55, ads=false, route=1, trip=39152, driver=null, calls=true, padron=124, id=15, state=E, map=false, placa=BCG906, direction=false, order=4}
2026-09-23 14:00:33 [SocketService] [RECIBIDO]| #1 | SID:270 | 35B | login [DATA]: {voice=true, orientation=false, contactless=false, data=2026-09-23T14:00:33, ticket=true, geofence=null, gps=false, schedule=14:55, ads=false, route=1, trip=39152, driver=null, calls=true, padron=124, id=15, state=E, map=false, placa=BCG906, direction=false, order=4}
2026-09-23 14:00:33 [SocketService] 🔒 WakeLock + WifiLock adquiridos
2026-09-23 14:00:33 [SocketService] [ENVIADO] | [NUEVO] (18B) [KEY]: login [DATA]: {serial=864255060447047}
2026-09-23 14:00:33 [ERROR-SocketService] ℹ️ Reconexión cancelada
2026-09-23 14:00:33 [SocketService] 🔑 Enviando login handshake (864255060447047)
2026-09-23 14:00:33 [SocketService] ✅ CONECTADO [ID: 270] en 89881724ms - Code: 101
2026-09-23 14:00:33 [SocketService] 🔄 Reconexión #1 en 630ms
2026-09-23 14:00:33 [ERROR-SocketService] ❌ [onFailure] [ID: 269]: Socket closed
2026-09-23 14:00:33 [SocketService] 🔄 Conectando [ID: 270] a ws://34.71.11.201:22222?schema=android&gps=true&console=true&version=2
2026-09-23 14:00:33 [SocketService] ✅ Recursos completamente limpiados
2026-09-23 14:00:33 [GpsViewModel] No hay conexión. Se omite procesamiento.
2026-09-23 14:00:33 [SocketService] 🔄 Nuevo Socket ID: 270
2026-09-23 14:00:33 [SocketService] 🧹 Limpiando recursos [ID: 269]
2026-09-23 14:00:33 [SocketService] ⏰ Watchdog: 124553ms sin mensajes, forzando reconexión
2026-09-23 13:57:30 [ProtectorVM] TEMP: 48.3C -> cap térmico 45%
2026-09-23 13:57:30 [ProtectorVM] temp: 48.3C
2026-09-23 13:57:30 [SocketMessageDispatcher] Mensaje: Header: report, Data: {positions=1}
2026-09-23 13:57:30 [SocketService] [RECIBIDO]| #6 | SID:269 | 3B | report [DATA]: {positions=1}
2026-09-23 13:57:29 [SocketService] [ENVIADO] | [NUEVO] (36B) [KEY]: report [DATA]: {trip=39152, route=1, positions=[{lng=-76.9662826, busstop=0, angle=0, accuracy=9, time=2026-09-23T13:57:29.887292, lat=-11.9344825, speed=0, mark=0}], state=E, sales=0, events=[], direction=false}
2026-09-23 13:57:29 [PositionRepository] 📤 Enviando 1 (batch=2, pendientes=1)
2026-09-23 13:57:29 [LocationTrackingService] GPS desactivado - Pulso cada 5 min acc:9.935m
2026-09-23 13:57:04 [SocketMessageDispatcher] Mensaje: Header: backward_datero_hide, Data: {pad=132, geofence=38, delta=36, orden=0, id=9071342369}
2026-09-23 13:57:04 [SocketMessageDispatcher] Mensaje: Header: forward_datero_hide, Data: {trip=39152, geofence=53, time=2026-09-23T13:57:04, dateros=[{delta=0, padron=0}]}
2026-09-23 13:57:04 [SocketMessageDispatcher] Mensaje: Header: salida, Data: {lado=true, estado=R, frecuencia=16, ruta=1, geocerca=null, controles=[{volada=0, tiempo=0, geocerca=53}, {volada=0, tiempo=5, geocerca=67}, {volada=-4, tiempo=10, geocerca=54}, {volada=-6, tiempo=6, geocerca=68}, {volada=-10, tiempo=6, geocerca=55}, {volada=-9, tiempo=5, geocerca=69}, {volada=-12, tiempo=12, geocerca=56}, {volada=-15, tiempo=8, geocerca=57}, {volada=-15, tiempo=9, geocerca=58}, {volada=-17, tiempo=10, geocerca=59}, {volada=-18, tiempo=7, geocerca=60}, {volada=-12, tiempo=0, geocerca=61}, {volada=-6, tiempo=0, geocerca=62}, {volada=-4, tiempo=0, geocerca=63}, {volada=3, tiempo=0, geocerca=64}, {volada=11, tiempo=0, geocerca=65}, {volada=0, tiempo=0, geocerca=66}, {volada=35, tiempo=0, geocerca=3}, {volada=32, tiempo=6, geocerca=22}, {volada=33, tiempo=3, geocerca=23}, {volada=36, tiempo=3, geocerca=24}, {volada=37, tiempo=3, geocerca=25}, {volada=40, tiempo=3, geocerca=26}, {volada=43, tiempo=3, geocerca=27}, {volada=44, tiempo=3, geocerca=28}, {volada=43, tiempo=3, geocerca=29}, {volada=44, tiempo=2, geocerca=30}, {volada=43, tiempo=2, geocerca=31}, {volada=43, tiempo=3, geocerca=32}, {volada=43, tiempo=4, geocerca=33}, {volada=43, tiempo=3, geocerca=34}, {volada=46, tiempo=3, geocerca=35}, {volada=48, tiempo=3, geocerca=36}, {volada=48, tiempo=3, geocerca=37}, {volada=47, tiempo=3, geocerca=38}, {volada=69, tiempo=5, geocerca=4}], inicio=2026-09-23T10:20, marcados=[false, false, true, true, true, true, true, true, true, true, true, true, true, true, true, true, false, true, true, true, true, true, true, true, true, true, true, true, true, true, true, true, true, true, true, true], id=39152, conductor=131}
2026-09-23 13:57:04 [SocketMessageDispatcher] Mensaje: Header: operation, Data: {section=remote, id=09374710268af53289c05871, value=35417, key=sesion}
2026-09-23 13:57:04 [SocketService] [RECIBIDO]| #4 | SID:269 | 19B | forward_datero_hide [DATA]: {trip=39152, geofence=53, time=2026-09-23T13:57:04, dateros=[{delta=0, padron=0}]}
2026-09-23 13:57:04 [SocketService] [RECIBIDO]| #5 | SID:269 | 20B | backward_datero_hide [DATA]: {pad=132, geofence=38, delta=36, orden=0, id=9071342369}
2026-09-23 13:57:03 [SocketService] [RECIBIDO]| #3 | SID:269 | 245B | salida [DATA]: {lado=true, estado=R, frecuencia=16, ruta=1, geocerca=null, controles=[{volada=0, tiempo=0, geocerca=53}, {volada=0, tiempo=5, geocerca=67}, {volada=-4, tiempo=10, geocerca=54}, {volada=-6, tiempo=6, geocerca=68}, {volada=-10, tiempo=6, geocerca=55}, {volada=-9, tiempo=5, geocerca=69}, {volada=-12, tiempo=12, geocerca=56}, {volada=-15, tiempo=8, geocerca=57}, {volada=-15, tiempo=9, geocerca=58}, {volada=-17, tiempo=10, geocerca=59}, {volada=-18, tiempo=7, geocerca=60}, {volada=-12, tiempo=0, geocerca=61}, {volada=-6, tiempo=0, geocerca=62}, {volada=-4, tiempo=0, geocerca=63}, {volada=3, tiempo=0, geocerca=64}, {volada=11, tiempo=0, geocerca=65}, {volada=0, tiempo=0, geocerca=66}, {volada=35, tiempo=0, geocerca=3}, {volada=32, tiempo=6, geocerca=22}, {volada=33, tiempo=3, geocerca=23}, {volada=36, tiempo=3, geocerca=24}, {volada=37, tiempo=3, geocerca=25}, {volada=40, tiempo=3, geocerca=26}, {volada=43, tiempo=3, geocerca=27}, {volada=44, tiempo=3, geocerca=28}, {volada=43, tiempo=3, geocerca=29}, {volada=44, tiempo=2, geocerca=30}, {volada=43, tiempo=2, geocerca=31}, {volada=43, tiempo=3, geocerca=32}, {volada=43, tiempo=4, geocerca=33}, {volada=43, tiempo=3, geocerca=34}, {volada=46, tiempo=3, geocerca=35}, {volada=48, tiempo=3, geocerca=36}, {volada=48, tiempo=3, geocerca=37}, {volada=47, tiempo=3, geocerca=38}, {volada=69, tiempo=5, geocerca=4}], inicio=2026-09-23T10:20, marcados=[false, false, true, true, true, true, true, true, true, true, true, true, true, true, true, true, false, true, true, true, true, true, true, true, true, true, true, true, true, true, true, true, true, true, true, true], id=39152, conductor=131}
2026-09-23 13:57:03 [SocketService] [ENVIADO] | [NUEVO] (3B) [KEY]: backward_datero [DATA]: {id=0}
2026-09-23 13:57:03 [SocketService] [ENVIADO] | [NUEVO] (4B) [KEY]: forward_datero [DATA]: {id=0}
2026-09-23 13:57:03 [SocketService] [ENVIADO] | [NUEVO] (7B) [KEY]: salida [DATA]: {limit=0, salida=39152}
2026-09-23 13:57:03 [SocketMessageDispatcher] ✅ Login confirmado por servidor (sesión OK)
2026-09-23 13:57:03 [SocketService] [RECIBIDO]| #2 | SID:269 | 48B | operation [DATA]: {section=remote, id=09374710268af53289c05871, value=35417, key=sesion}
2026-09-23 13:57:03 [SocketMessageDispatcher] Mensaje: Header: login, Data: {voice=true, orientation=false, contactless=false, data=2026-09-23T13:57:03, ticket=true, geofence=null, gps=false, schedule=14:55, ads=false, route=1, trip=39152, driver=null, calls=true, padron=124, id=15, state=E, map=false, placa=BCG906, direction=false, order=4}
2026-09-23 13:57:03 [SocketService] [RECIBIDO]| #1 | SID:269 | 35B | login [DATA]: {voice=true, orientation=false, contactless=false, data=2026-09-23T13:57:03, ticket=true, geofence=null, gps=false, schedule=14:55, ads=false, route=1, trip=39152, driver=null, calls=true, padron=124, id=15, state=E, map=false, placa=BCG906, direction=false, order=4}
2026-09-23 13:57:03 [SocketService] 🔒 WakeLock + WifiLock adquiridos
2026-09-23 13:57:03 [SocketService] [ENVIADO] | [NUEVO] (18B) [KEY]: login [DATA]: {serial=864255060447047}
2026-09-23 13:57:03 [SocketService] 🔑 Enviando login handshake (864255060447047)
2026-09-23 13:57:03 [SocketService] ✅ CONECTADO [ID: 269] en 89671239ms - Code: 101
2026-09-23 13:57:02 [SocketService] 🔄 Conectando [ID: 269] a ws://34.71.11.201:22222?schema=android&gps=true&console=true&version=2
2026-09-23 13:57:02 [SocketService] ✅ Recursos completamente limpiados
2026-09-23 13:57:02 [GpsViewModel] No hay conexión. Se omite procesamiento.
2026-09-23 13:57:02 [SocketService] 🔄 Nuevo Socket ID: 269
2026-09-23 13:57:02 [SocketService] 🧹 Limpiando recursos [ID: 268]
2026-09-23 13:57:02 [SocketService] ⏰ Watchdog: 122262ms sin mensajes, forzando reconexión
2026-09-23 13:55:00 [SocketMessageDispatcher] Mensaje: Header: backward_datero, Data: {pad=132, geofence=38, delta=36, orden=0, id=9071342369}
2026-09-23 13:55:00 [SocketService] [RECIBIDO]| #10 | SID:268 | 19B | backward_datero [DATA]: {pad=132, geofence=38, delta=36, orden=0, id=9071342369}
2026-09-23 13:52:30 [ProtectorVM] TEMP: 48.0C -> cap térmico 47%
2026-09-23 13:52:30 [ProtectorVM] temp: 48.0C
2026-09-23 13:52:30 [SocketMessageDispatcher] Mensaje: Header: report, Data: {positions=1}
2026-09-23 13:52:30 [SocketService] [RECIBIDO]| #8 | SID:268 | 3B | report [DATA]: {positions=1}
2026-09-23 13:52:29 [SocketService] [ENVIADO] | [NUEVO] (36B) [KEY]: report [DATA]: {trip=39152, route=1, positions=[{lng=-76.9662856, busstop=0, angle=0, accuracy=3, time=2026-09-23T13:52:29.883780, lat=-11.9344805, speed=0, mark=0}], state=E, sales=0, events=[], direction=false}
2026-09-23 13:52:29 [PositionRepository] 📤 Enviando 1 (batch=2, pendientes=1)
2026-09-23 13:52:29 [LocationTrackingService] GPS desactivado - Pulso cada 5 min acc:3.79m
2026-09-23 13:52:13 [SocketMessageDispatcher] Mensaje: Header: backward_datero, Data: {pad=132, geofence=37, delta=36, orden=0, id=2350168879}
2026-09-23 13:52:13 [SocketService] [RECIBIDO]| #7 | SID:268 | 19B | backward_datero [DATA]: {pad=132, geofence=37, delta=36, orden=0, id=2350168879}
2026-09-23 13:52:07 [SocketMessageDispatcher] Mensaje: Header: operation, Data: {section=remote, id=6ab41fd627bb27508ccc73e2, value=35417, key=sesion}
2026-09-23 13:52:06 [SocketService] [RECIBIDO]| #6 | SID:268 | 48B | operation [DATA]: {section=remote, id=6ab41fd627bb27508ccc73e2, value=35417, key=sesion}
2026-09-23 13:52:06 [SocketMessageDispatcher] Mensaje: Header: login, Data: {voice=true, orientation=false, contactless=false, data=null, ticket=true, geofence=null, gps=false, schedule=14:55, ads=false, route=1, trip=39152, driver=null, calls=true, padron=124, id=15, state=E, map=false, placa=BCG906, direction=false, order=4}
2026-09-23 13:52:06 [SocketService] [RECIBIDO]| #5 | SID:268 | 35B | login [DATA]: {voice=true, orientation=false, contactless=false, data=null, ticket=true, geofence=null, gps=false, schedule=14:55, ads=false, route=1, trip=39152, driver=null, calls=true, padron=124, id=15, state=E, map=false, placa=BCG906, direction=false, order=4}
2026-09-23 13:50:34 [SocketMessageDispatcher] Mensaje: Header: backward_datero_hide, Data: {pad=132, geofence=36, delta=34, orden=0, id=4121423412}
2026-09-23 13:50:34 [SocketMessageDispatcher] Mensaje: Header: forward_datero_hide, Data: {trip=39152, geofence=53, time=2026-09-23T13:50:33, dateros=[{delta=0, padron=0}]}
2026-09-23 13:50:34 [SocketMessageDispatcher] Mensaje: Header: salida, Data: {lado=true, estado=R, frecuencia=16, ruta=1, geocerca=null, controles=[{volada=0, tiempo=0, geocerca=53}, {volada=0, tiempo=5, geocerca=67}, {volada=-4, tiempo=10, geocerca=54}, {volada=-6, tiempo=6, geocerca=68}, {volada=-10, tiempo=6, geocerca=55}, {volada=-9, tiempo=5, geocerca=69}, {volada=-12, tiempo=12, geocerca=56}, {volada=-15, tiempo=8, geocerca=57}, {volada=-15, tiempo=9, geocerca=58}, {volada=-17, tiempo=10, geocerca=59}, {volada=-18, tiempo=7, geocerca=60}, {volada=-12, tiempo=0, geocerca=61}, {volada=-6, tiempo=0, geocerca=62}, {volada=-4, tiempo=0, geocerca=63}, {volada=3, tiempo=0, geocerca=64}, {volada=11, tiempo=0, geocerca=65}, {volada=0, tiempo=0, geocerca=66}, {volada=35, tiempo=0, geocerca=3}, {volada=32, tiempo=6, geocerca=22}, {volada=33, tiempo=3, geocerca=23}, {volada=36, tiempo=3, geocerca=24}, {volada=37, tiempo=3, geocerca=25}, {volada=40, tiempo=3, geocerca=26}, {volada=43, tiempo=3, geocerca=27}, {volada=44, tiempo=3, geocerca=28}, {volada=43, tiempo=3, geocerca=29}, {volada=44, tiempo=2, geocerca=30}, {volada=43, tiempo=2, geocerca=31}, {volada=43, tiempo=3, geocerca=32}, {volada=43, tiempo=4, geocerca=33}, {volada=43, tiempo=3, geocerca=34}, {volada=46, tiempo=3, geocerca=35}, {volada=48, tiempo=3, geocerca=36}, {volada=48, tiempo=3, geocerca=37}, {volada=47, tiempo=3, geocerca=38}, {volada=69, tiempo=5, geocerca=4}], inicio=2026-09-23T10:20, marcados=[false, false, true, true, true, true, true, true, true, true, true, true, true, true, true, true, false, true, true, true, true, true, true, true, true, true, true, true, true, true, true, true, true, true, true, true], id=39152, conductor=131}
2026-09-23 13:50:33 [SocketService] [RECIBIDO]| #3 | SID:268 | 19B | forward_datero_hide [DATA]: {trip=39152, geofence=53, time=2026-09-23T13:50:33, dateros=[{delta=0, padron=0}]}
2026-09-23 13:50:33 [SocketService] [RECIBIDO]| #4 | SID:268 | 20B | backward_datero_hide [DATA]: {pad=132, geofence=36, delta=34, orden=0, id=4121423412}
2026-09-23 13:50:33 [SocketService] [RECIBIDO]| #2 | SID:268 | 245B | salida [DATA]: {lado=true, estado=R, frecuencia=16, ruta=1, geocerca=null, controles=[{volada=0, tiempo=0, geocerca=53}, {volada=0, tiempo=5, geocerca=67}, {volada=-4, tiempo=10, geocerca=54}, {volada=-6, tiempo=6, geocerca=68}, {volada=-10, tiempo=6, geocerca=55}, {volada=-9, tiempo=5, geocerca=69}, {volada=-12, tiempo=12, geocerca=56}, {volada=-15, tiempo=8, geocerca=57}, {volada=-15, tiempo=9, geocerca=58}, {volada=-17, tiempo=10, geocerca=59}, {volada=-18, tiempo=7, geocerca=60}, {volada=-12, tiempo=0, geocerca=61}, {volada=-6, tiempo=0, geocerca=62}, {volada=-4, tiempo=0, geocerca=63}, {volada=3, tiempo=0, geocerca=64}, {volada=11, tiempo=0, geocerca=65}, {volada=0, tiempo=0, geocerca=66}, {volada=35, tiempo=0, geocerca=3}, {volada=32, tiempo=6, geocerca=22}, {volada=33, tiempo=3, geocerca=23}, {volada=36, tiempo=3, geocerca=24}, {volada=37, tiempo=3, geocerca=25}, {volada=40, tiempo=3, geocerca=26}, {volada=43, tiempo=3, geocerca=27}, {volada=44, tiempo=3, geocerca=28}, {volada=43, tiempo=3, geocerca=29}, {volada=44, tiempo=2, geocerca=30}, {volada=43, tiempo=2, geocerca=31}, {volada=43, tiempo=3, geocerca=32}, {volada=43, tiempo=4, geocerca=33}, {volada=43, tiempo=3, geocerca=34}, {volada=46, tiempo=3, geocerca=35}, {volada=48, tiempo=3, geocerca=36}, {volada=48, tiempo=3, geocerca=37}, {volada=47, tiempo=3, geocerca=38}, {volada=69, tiempo=5, geocerca=4}], inicio=2026-09-23T10:20, marcados=[false, false, true, true, true, true, true, true, true, true, true, true, true, true, true, true, false, true, true, true, true, true, true, true, true, true, true, true, true, true, true, true, true, true, true, true], id=39152, conductor=131}
2026-09-23 13:50:33 [SocketService] [ENVIADO] | [NUEVO] (3B) [KEY]: backward_datero [DATA]: {id=0}
2026-09-23 13:50:33 [SocketService] [ENVIADO] | [NUEVO] (7B) [KEY]: salida [DATA]: {limit=0, salida=39152}
2026-09-23 13:50:33 [SocketService] [ENVIADO] | [NUEVO] (4B) [KEY]: forward_datero [DATA]: {id=0}
2026-09-23 13:50:33 [SocketMessageDispatcher] ✅ Login confirmado por servidor (sesión OK)
2026-09-23 13:50:33 [SocketMessageDispatcher] Mensaje: Header: login, Data: {voice=true, orientation=false, contactless=false, data=2026-09-23T13:50:33, ticket=true, geofence=null, gps=false, schedule=14:55, ads=false, route=1, trip=39152, driver=null, calls=true, padron=124, id=15, state=E, map=false, placa=BCG906, direction=false, order=4}
2026-09-23 13:50:33 [SocketService] [RECIBIDO]| #1 | SID:268 | 35B | login [DATA]: {voice=true, orientation=false, contactless=false, data=2026-09-23T13:50:33, ticket=true, geofence=null, gps=false, schedule=14:55, ads=false, route=1, trip=39152, driver=null, calls=true, padron=124, id=15, state=E, map=false, placa=BCG906, direction=false, order=4}
2026-09-23 13:50:32 [SocketService] 🔒 WakeLock + WifiLock adquiridos
2026-09-23 13:50:32 [SocketService] [ENVIADO] | [NUEVO] (18B) [KEY]: login [DATA]: {serial=864255060447047}
2026-09-23 13:50:32 [SocketService] 🔑 Enviando login handshake (864255060447047)
2026-09-23 13:50:32 [SocketService] ✅ CONECTADO [ID: 268] en 89280739ms - Code: 101
2026-09-23 13:50:32 [SocketService] 🔄 Conectando [ID: 268] a ws://34.71.11.201:22222?schema=android&gps=true&console=true&version=2
2026-09-23 13:50:32 [SocketService] ✅ Recursos completamente limpiados
2026-09-23 13:50:32 [SocketService] 🔄 Nuevo Socket ID: 268
2026-09-23 13:50:32 [GpsViewModel] No hay conexión. Se omite procesamiento.
2026-09-23 13:50:32 [SocketService] 🧹 Limpiando recursos [ID: 267]
2026-09-23 13:50:32 [SocketService] ⏰ Watchdog: 123688ms sin mensajes, forzando reconexión
2026-09-23 13:47:30 [ProtectorVM] TEMP: 47.4C -> cap térmico 51%
2026-09-23 13:47:30 [ProtectorVM] temp: 47.4C
2026-09-23 13:47:27 [SocketService] [RECIBIDO]| #12 | SID:267 | 3B | report [DATA]: {positions=1}
2026-09-23 13:47:27 [SocketMessageDispatcher] Mensaje: Header: report, Data: {positions=1}
2026-09-23 13:47:26 [SocketService] [ENVIADO] | [NUEVO] (36B) [KEY]: report [DATA]: {trip=39152, route=1, positions=[{lng=-76.9661537, busstop=0, angle=215, accuracy=3, time=2026-09-23T13:47:26.898061, lat=-11.9343356, speed=6, mark=0}], state=E, sales=0, events=[], direction=false}
2026-09-23 13:47:26 [PositionRepository] 📤 Enviando 1 (batch=2, pendientes=1)
2026-09-23 13:47:26 [LocationTrackingService] GPS desactivado - Pulso cada 5 min acc:3.79m
2026-09-23 13:47:19 [SocketMessageDispatcher] Mensaje: Header: backward_datero, Data: {pad=132, geofence=36, delta=34, orden=0, id=4121423412}
2026-09-23 13:47:19 [SocketService] [RECIBIDO]| #11 | SID:267 | 19B | backward_datero [DATA]: {pad=132, geofence=36, delta=34, orden=0, id=4121423412}
2026-09-23 13:46:20 [ParaderoManager] Paradero más cercano: Paradero(id=21, lado=true, ruta=Ruta(id=1, codigo=1493, inicio=null, activo=false), activo=true, nombre=TERMINAL, orden=21, latitud=-11.933720921241198, liquidar=true, longitud=-76.96625009712983, radio=127.0, velocidad=30.0, terminal=true, audio=Terminal)
2026-09-23 13:46:20 [SocketMessageDispatcher] Mensaje: Header: login, Data: {voice=true, orientation=false, contactless=false, data=null, ticket=true, geofence=null, gps=false, schedule=14:55, ads=false, route=1, trip=39152, driver=null, calls=true, padron=124, id=15, state=E, map=false, placa=BCG906, direction=false, order=4}
2026-09-23 13:46:20 [SocketService] [RECIBIDO]| #10 | SID:267 | 35B | login [DATA]: {voice=true, orientation=false, contactless=false, data=null, ticket=true, geofence=null, gps=false, schedule=14:55, ads=false, route=1, trip=39152, driver=null, calls=true, padron=124, id=15, state=E, map=false, placa=BCG906, direction=false, order=4}
2026-09-23 13:46:11 [DRIVERAUTO] La dirección de la sesión coincide con el lado del paradero actual
2026-09-23 13:46:11 [DRIVERAUTO] VALIDATE AutoLogin: true - Paradero actual: Paradero(id=1, lado=false, ruta=Ruta(id=1, codigo=1493, inicio=null, activo=false), activo=true, nombre=PRDO INICIAL, orden=1, latitud=-11.93355736049903, liquidar=false, longitud=-76.96625955257089, radio=43.0, velocidad=50.0, terminal=false, audio=PRDO INICIAL)
2026-09-23 13:46:11 [ParaderoManager] Paradero actual: PRDO INICIAL (id=1)
2026-09-23 13:46:11 [DRIVERAUTO] Primera sesión obtenida: SessionDriver(id=35417, driver_id=131, driver_code=ID131, activo=true, castigado=false, conductor=true, vencido=false, route=1, direction=false, start_time=2026-09-23T06:18:59, autoLogin=true)
2026-09-23 13:46:08 [SocketMessageDispatcher] Mensaje: Header: login, Data: {voice=true, orientation=false, contactless=false, data=null, ticket=true, geofence=null, gps=false, schedule=14:40, ads=false, route=1, trip=39152, driver=null, calls=true, padron=124, id=15, state=E, map=false, placa=BCG906, direction=false, order=4}
2026-09-23 13:46:08 [SocketService] [RECIBIDO]| #9 | SID:267 | 35B | login [DATA]: {voice=true, orientation=false, contactless=false, data=null, ticket=true, geofence=null, gps=false, schedule=14:40, ads=false, route=1, trip=39152, driver=null, calls=true, padron=124, id=15, state=E, map=false, placa=BCG906, direction=false, order=4}
2026-09-23 13:45:55 [SocketMessageDispatcher] Mensaje: Header: login, Data: {voice=true, orientation=false, contactless=false, data=null, ticket=true, geofence=null, gps=false, schedule=14:40, ads=false, route=1, trip=39152, driver=null, calls=true, padron=124, id=15, state=E, map=false, placa=BCG906, direction=false, order=4}
2026-09-23 13:45:54 [SocketService] [RECIBIDO]| #8 | SID:267 | 35B | login [DATA]: {voice=true, orientation=false, contactless=false, data=null, ticket=true, geofence=null, gps=false, schedule=14:40, ads=false, route=1, trip=39152, driver=null, calls=true, padron=124, id=15, state=E, map=false, placa=BCG906, direction=false, order=4}
2026-09-23 13:45:54 [ProtectorVM] SCREEN [id=107667746]: state=E sesion=true → protector OFF (sin timers)
2026-09-23 13:45:54 [SocketMessageDispatcher] Mensaje: Header: login, Data: {voice=true, orientation=false, contactless=false, data=null, ticket=true, geofence=null, gps=false, schedule=10:35, ads=false, route=1, trip=39152, driver=null, calls=true, padron=124, id=15, state=E, map=false, placa=BCG906, direction=false, order=1}
2026-09-23 13:45:54 [SocketService] [RECIBIDO]| #7 | SID:267 | 35B | login [DATA]: {voice=true, orientation=false, contactless=false, data=null, ticket=true, geofence=null, gps=false, schedule=10:35, ads=false, route=1, trip=39152, driver=null, calls=true, padron=124, id=15, state=E, map=false, placa=BCG906, direction=false, order=1}
2026-09-23 13:45:53 [DRIVERAUTO] Primera sesión obtenida: SessionDriver(id=35417, driver_id=131, driver_code=ID131, activo=true, castigado=false, conductor=true, vencido=false, route=1, direction=false, start_time=2026-09-23T06:18:59, autoLogin=true)
2026-09-23 13:45:53 [ParaderoManager] Paradero actual: TERMINAL (id=21)
2026-09-23 13:45:52 [SocketMessageDispatcher] Mensaje: Header: forward_datero, Data: {trip=39152, geofence=4, time=2026-09-23T13:45:51, dateros=[{delta=23, padron=124}, {delta=26, padron=128}, {delta=14, padron=107}, {delta=12, padron=146}, {delta=21, padron=149}]}
2026-09-23 13:45:52 [SocketMessageDispatcher] Mensaje: Header: mark, Data: {volada=69, trip=39152, geofence=4, id=1136941, state=M, timestamp=2026-09-23T13:45:51}
2026-09-23 13:45:52 [SocketService] [RECIBIDO]| #6 | SID:267 | 32B | forward_datero [DATA]: {trip=39152, geofence=4, time=2026-09-23T13:45:51, dateros=[{delta=23, padron=124}, {delta=26, padron=128}, {delta=14, padron=107}, {delta=12, padron=146}, {delta=21, padron=149}]}
2026-09-23 13:45:52 [SocketService] [RECIBIDO]| #5 | SID:267 | 25B | mark [DATA]: {volada=69, trip=39152, geofence=4, id=1136941, state=M, timestamp=2026-09-23T13:45:51}
2026-09-23 13:45:47 [ParaderoManager] Paradero más cercano: Paradero(id=1, lado=false, ruta=Ruta(id=1, codigo=1493, inicio=null, activo=false), activo=true, nombre=PRDO INICIAL, orden=1, latitud=-11.93355736049903, liquidar=false, longitud=-76.96625955257089, radio=43.0, velocidad=50.0, terminal=false, audio=PRDO INICIAL)
2026-09-23 13:45:33 [SocketMessageDispatcher] Mensaje: Header: backward_datero_hide, Data: {pad=132, geofence=35, delta=35, orden=0, id=9511252582}
2026-09-23 13:45:33 [SocketMessageDispatcher] Mensaje: Header: forward_datero_hide, Data: {trip=39152, geofence=38, time=2026-09-23T13:18:54, dateros=[{delta=13, padron=124}, {delta=11, padron=128}, {delta=14, padron=107}, {delta=17, padron=146}, {delta=6, padron=131}]}
2026-09-23 13:45:33 [SocketMessageDispatcher] Mensaje: Header: salida, Data: {lado=true, estado=R, frecuencia=16, ruta=1, geocerca=38, controles=[{volada=0, tiempo=0, geocerca=53}, {volada=0, tiempo=5, geocerca=67}, {volada=-4, tiempo=10, geocerca=54}, {volada=-6, tiempo=6, geocerca=68}, {volada=-10, tiempo=6, geocerca=55}, {volada=-9, tiempo=5, geocerca=69}, {volada=-12, tiempo=12, geocerca=56}, {volada=-15, tiempo=8, geocerca=57}, {volada=-15, tiempo=9, geocerca=58}, {volada=-17, tiempo=10, geocerca=59}, {volada=-18, tiempo=7, geocerca=60}, {volada=-12, tiempo=0, geocerca=61}, {volada=-6, tiempo=0, geocerca=62}, {volada=-4, tiempo=0, geocerca=63}, {volada=3, tiempo=0, geocerca=64}, {volada=11, tiempo=0, geocerca=65}, {volada=0, tiempo=0, geocerca=66}, {volada=35, tiempo=0, geocerca=3}, {volada=32, tiempo=6, geocerca=22}, {volada=33, tiempo=3, geocerca=23}, {volada=36, tiempo=3, geocerca=24}, {volada=37, tiempo=3, geocerca=25}, {volada=40, tiempo=3, geocerca=26}, {volada=43, tiempo=3, geocerca=27}, {volada=44, tiempo=3, geocerca=28}, {volada=43, tiempo=3, geocerca=29}, {volada=44, tiempo=2, geocerca=30}, {volada=43, tiempo=2, geocerca=31}, {volada=43, tiempo=3, geocerca=32}, {volada=43, tiempo=4, geocerca=33}, {volada=43, tiempo=3, geocerca=34}, {volada=46, tiempo=3, geocerca=35}, {volada=48, tiempo=3, geocerca=36}, {volada=48, tiempo=3, geocerca=37}, {volada=47, tiempo=3, geocerca=38}, {volada=0, tiempo=5, geocerca=4}], inicio=2026-09-23T10:20, marcados=[false, false, true, true, true, true, true, true, true, true, true, true, true, true, true, true, false, true, true, true, true, true, true, true, true, true, true, true, true, true, true, true, true, true, true, false], id=39152, conductor=131}
2026-09-23 13:45:32 [SocketService] [RECIBIDO]| #4 | SID:267 | 20B | backward_datero_hide [DATA]: {pad=132, geofence=35, delta=35, orden=0, id=9511252582}
2026-09-23 13:45:32 [SocketService] [RECIBIDO]| #3 | SID:267 | 31B | forward_datero_hide [DATA]: {trip=39152, geofence=38, time=2026-09-23T13:18:54, dateros=[{delta=13, padron=124}, {delta=11, padron=128}, {delta=14, padron=107}, {delta=17, padron=146}, {delta=6, padron=131}]}
2026-09-23 13:45:32 [SocketService] [RECIBIDO]| #2 | SID:267 | 245B | salida [DATA]: {lado=true, estado=R, frecuencia=16, ruta=1, geocerca=38, controles=[{volada=0, tiempo=0, geocerca=53}, {volada=0, tiempo=5, geocerca=67}, {volada=-4, tiempo=10, geocerca=54}, {volada=-6, tiempo=6, geocerca=68}, {volada=-10, tiempo=6, geocerca=55}, {volada=-9, tiempo=5, geocerca=69}, {volada=-12, tiempo=12, geocerca=56}, {volada=-15, tiempo=8, geocerca=57}, {volada=-15, tiempo=9, geocerca=58}, {volada=-17, tiempo=10, geocerca=59}, {volada=-18, tiempo=7, geocerca=60}, {volada=-12, tiempo=0, geocerca=61}, {volada=-6, tiempo=0, geocerca=62}, {volada=-4, tiempo=0, geocerca=63}, {volada=3, tiempo=0, geocerca=64}, {volada=11, tiempo=0, geocerca=65}, {volada=0, tiempo=0, geocerca=66}, {volada=35, tiempo=0, geocerca=3}, {volada=32, tiempo=6, geocerca=22}, {volada=33, tiempo=3, geocerca=23}, {volada=36, tiempo=3, geocerca=24}, {volada=37, tiempo=3, geocerca=25}, {volada=40, tiempo=3, geocerca=26}, {volada=43, tiempo=3, geocerca=27}, {volada=44, tiempo=3, geocerca=28}, {volada=43, tiempo=3, geocerca=29}, {volada=44, tiempo=2, geocerca=30}, {volada=43, tiempo=2, geocerca=31}, {volada=43, tiempo=3, geocerca=32}, {volada=43, tiempo=4, geocerca=33}, {volada=43, tiempo=3, geocerca=34}, {volada=46, tiempo=3, geocerca=35}, {volada=48, tiempo=3, geocerca=36}, {volada=48, tiempo=3, geocerca=37}, {volada=47, tiempo=3, geocerca=38}, {volada=0, tiempo=5, geocerca=4}], inicio=2026-09-23T10:20, marcados=[false, false, true, true, true, true, true, true, true, true, true, true, true, true, true, true, false, true, true, true, true, true, true, true, true, true, true, true, true, true, true, true, true, true, true, false], id=39152, conductor=131}
2026-09-23 13:45:32 [SocketService] [ENVIADO] | [NUEVO] (3B) [KEY]: backward_datero [DATA]: {id=0}
2026-09-23 13:45:32 [SocketService] [ENVIADO] | [NUEVO] (4B) [KEY]: forward_datero [DATA]: {id=0}
2026-09-23 13:45:32 [SocketService] [ENVIADO] | [NUEVO] (7B) [KEY]: salida [DATA]: {limit=0, salida=39152}
2026-09-23 13:45:32 [SocketMessageDispatcher] ✅ Login confirmado por servidor (sesión OK)
2026-09-23 13:45:32 [SocketMessageDispatcher] Mensaje: Header: login, Data: {voice=true, orientation=false, contactless=false, data=2026-09-23T13:45:32, ticket=true, geofence=38, gps=false, schedule=10:35, ads=false, route=1, trip=39152, driver=null, calls=true, padron=124, id=15, state=R, map=false, placa=BCG906, direction=true, order=1}
2026-09-23 13:45:32 [SocketService] [RECIBIDO]| #1 | SID:267 | 35B | login [DATA]: {voice=true, orientation=false, contactless=false, data=2026-09-23T13:45:32, ticket=true, geofence=38, gps=false, schedule=10:35, ads=false, route=1, trip=39152, driver=null, calls=true, padron=124, id=15, state=R, map=false, placa=BCG906, direction=true, order=1}
2026-09-23 13:45:32 [SocketService] 🔒 WakeLock + WifiLock adquiridos
2026-09-23 13:45:32 [SocketService] [ENVIADO] | [NUEVO] (18B) [KEY]: login [DATA]: {serial=864255060447047}
2026-09-23 13:45:32 [SocketService] 🔑 Enviando login handshake (864255060447047)
2026-09-23 13:45:32 [SocketService] ✅ CONECTADO [ID: 267] en 88980180ms - Code: 101
2026-09-23 13:45:31 [SocketService] 🔄 Conectando [ID: 267] a ws://34.71.11.201:22222?schema=android&gps=true&console=true&version=2
2026-09-23 13:45:31 [SocketService] ✅ Recursos completamente limpiados
2026-09-23 13:45:31 [GpsViewModel] No hay conexión. Se omite procesamiento.
2026-09-23 13:45:31 [SocketService] 🔄 Nuevo Socket ID: 267
2026-09-23 13:45:31 [SocketService] 🧹 Limpiando recursos [ID: 266]
2026-09-23 13:45:31 [SocketService] ⏰ Watchdog: 123209ms sin mensajes, forzando reconexión
2026-09-23 13:43:18 [SocketMessageDispatcher] Mensaje: Header: backward_datero, Data: {pad=132, geofence=35, delta=35, orden=0, id=9511252582}
2026-09-23 13:43:18 [SocketService] [RECIBIDO]| #6 | SID:266 | 19B | backward_datero [DATA]: {pad=132, geofence=35, delta=35, orden=0, id=9511252582}
2026-09-23 13:42:30 [ProtectorVM] TEMP: 46.8C -> cap térmico 55%
2026-09-23 13:42:30 [ProtectorVM] temp: 46.8C
2026-09-23 13:42:24 [SocketMessageDispatcher] Mensaje: Header: report, Data: {positions=1}
2026-09-23 13:42:24 [SocketService] [RECIBIDO]| #5 | SID:266 | 3B | report [DATA]: {positions=1}
2026-09-23 13:42:23 [SocketService] [ENVIADO] | [NUEVO] (36B) [KEY]: report [DATA]: {trip=39152, route=1, positions=[{lng=-76.9681886, busstop=0, angle=0, accuracy=3, time=2026-09-23T13:42:23.888248, lat=-11.93314, speed=0, mark=0}], state=R, sales=0, events=[], direction=true}
2026-09-23 13:42:23 [PositionRepository] 📤 Enviando 1 (batch=2, pendientes=1)
2026-09-23 13:42:23 [LocationTrackingService] GPS desactivado - Pulso cada 5 min acc:3.79m
2026-09-23 13:41:32 [SocketMessageDispatcher] Mensaje: Header: salida, Data: {lado=true, estado=R, frecuencia=16, ruta=1, geocerca=38, controles=[{volada=0, tiempo=0, geocerca=53}, {volada=0, tiempo=5, geocerca=67}, {volada=-4, tiempo=10, geocerca=54}, {volada=-6, tiempo=6, geocerca=68}, {volada=-10, tiempo=6, geocerca=55}, {volada=-9, tiempo=5, geocerca=69}, {volada=-12, tiempo=12, geocerca=56}, {volada=-15, tiempo=8, geocerca=57}, {volada=-15, tiempo=9, geocerca=58}, {volada=-17, tiempo=10, geocerca=59}, {volada=-18, tiempo=7, geocerca=60}, {volada=-12, tiempo=0, geocerca=61}, {volada=-6, tiempo=0, geocerca=62}, {volada=-4, tiempo=0, geocerca=63}, {volada=3, tiempo=0, geocerca=64}, {volada=11, tiempo=0, geocerca=65}, {volada=0, tiempo=0, geocerca=66}, {volada=35, tiempo=0, geocerca=3}, {volada=32, tiempo=6, geocerca=22}, {volada=33, tiempo=3, geocerca=23}, {volada=36, tiempo=3, geocerca=24}, {volada=37, tiempo=3, geocerca=25}, {volada=40, tiempo=3, geocerca=26}, {volada=43, tiempo=3, geocerca=27}, {volada=44, tiempo=3, geocerca=28}, {volada=43, tiempo=3, geocerca=29}, {volada=44, tiempo=2, geocerca=30}, {volada=43, tiempo=2, geocerca=31}, {volada=43, tiempo=3, geocerca=32}, {volada=43, tiempo=4, geocerca=33}, {volada=43, tiempo=3, geocerca=34}, {volada=46, tiempo=3, geocerca=35}, {volada=48, tiempo=3, geocerca=36}, {volada=48, tiempo=3, geocerca=37}, {volada=47, tiempo=3, geocerca=38}, {volada=0, tiempo=5, geocerca=4}], inicio=2026-09-23T10:20, marcados=[false, false, true, true, true, true, true, true, true, true, true, true, true, true, true, true, false, true, true, true, true, true, true, true, true, true, true, true, true, true, true, true, true, true, true, false], id=39152, conductor=131}
2026-09-23 13:41:32 [SocketMessageDispatcher] Mensaje: Header: backward_datero_hide, Data: {pad=132, geofence=34, delta=37, orden=0, id=9578273282}
2026-09-23 13:41:32 [SocketMessageDispatcher] Mensaje: Header: forward_datero_hide, Data: {trip=39152, geofence=38, time=2026-09-23T13:18:54, dateros=[{delta=13, padron=124}, {delta=11, padron=128}, {delta=14, padron=107}, {delta=17, padron=146}, {delta=6, padron=131}]}
2026-09-23 13:41:32 [SocketService] [RECIBIDO]| #4 | SID:266 | 245B | salida [DATA]: {lado=true, estado=R, frecuencia=16, ruta=1, geocerca=38, controles=[{volada=0, tiempo=0, geocerca=53}, {volada=0, tiempo=5, geocerca=67}, {volada=-4, tiempo=10, geocerca=54}, {volada=-6, tiempo=6, geocerca=68}, {volada=-10, tiempo=6, geocerca=55}, {volada=-9, tiempo=5, geocerca=69}, {volada=-12, tiempo=12, geocerca=56}, {volada=-15, tiempo=8, geocerca=57}, {volada=-15, tiempo=9, geocerca=58}, {volada=-17, tiempo=10, geocerca=59}, {volada=-18, tiempo=7, geocerca=60}, {volada=-12, tiempo=0, geocerca=61}, {volada=-6, tiempo=0, geocerca=62}, {volada=-4, tiempo=0, geocerca=63}, {volada=3, tiempo=0, geocerca=64}, {volada=11, tiempo=0, geocerca=65}, {volada=0, tiempo=0, geocerca=66}, {volada=35, tiempo=0, geocerca=3}, {volada=32, tiempo=6, geocerca=22}, {volada=33, tiempo=3, geocerca=23}, {volada=36, tiempo=3, geocerca=24}, {volada=37, tiempo=3, geocerca=25}, {volada=40, tiempo=3, geocerca=26}, {volada=43, tiempo=3, geocerca=27}, {volada=44, tiempo=3, geocerca=28}, {volada=43, tiempo=3, geocerca=29}, {volada=44, tiempo=2, geocerca=30}, {volada=43, tiempo=2, geocerca=31}, {volada=43, tiempo=3, geocerca=32}, {volada=43, tiempo=4, geocerca=33}, {volada=43, tiempo=3, geocerca=34}, {volada=46, tiempo=3, geocerca=35}, {volada=48, tiempo=3, geocerca=36}, {volada=48, tiempo=3, geocerca=37}, {volada=47, tiempo=3, geocerca=38}, {volada=0, tiempo=5, geocerca=4}], inicio=2026-09-23T10:20, marcados=[false, false, true, true, true, true, true, true, true, true, true, true, true, true, true, true, false, true, true, true, true, true, true, true, true, true, true, true, true, true, true, true, true, true, true, false], id=39152, conductor=131}
2026-09-23 13:41:32 [SocketService] [RECIBIDO]| #3 | SID:266 | 20B | backward_datero_hide [DATA]: {pad=132, geofence=34, delta=37, orden=0, id=9578273282}
2026-09-23 13:41:32 [SocketService] [RECIBIDO]| #2 | SID:266 | 31B | forward_datero_hide [DATA]: {trip=39152, geofence=38, time=2026-09-23T13:18:54, dateros=[{delta=13, padron=124}, {delta=11, padron=128}, {delta=14, padron=107}, {delta=17, padron=146}, {delta=6, padron=131}]}
2026-09-23 13:41:32 [SocketService] [ENVIADO] | [NUEVO] (3B) [KEY]: backward_datero [DATA]: {id=0}
2026-09-23 13:41:32 [SocketService] [ENVIADO] | [NUEVO] (7B) [KEY]: salida [DATA]: {limit=0, salida=39152}
2026-09-23 13:41:32 [SocketService] [ENVIADO] | [NUEVO] (4B) [KEY]: forward_datero [DATA]: {id=0}
2026-09-23 13:41:31 [SocketMessageDispatcher] ✅ Login confirmado por servidor (sesión OK)
2026-09-23 13:41:31 [SocketMessageDispatcher] Mensaje: Header: login, Data: {voice=true, orientation=false, contactless=false, data=2026-09-23T13:41:32, ticket=true, geofence=38, gps=false, schedule=10:35, ads=false, route=1, trip=39152, driver=null, calls=true, padron=124, id=15, state=R, map=false, placa=BCG906, direction=true, order=1}
2026-09-23 13:41:31 [SocketService] [RECIBIDO]| #1 | SID:266 | 35B | login [DATA]: {voice=true, orientation=false, contactless=false, data=2026-09-23T13:41:32, ticket=true, geofence=38, gps=false, schedule=10:35, ads=false, route=1, trip=39152, driver=null, calls=true, padron=124, id=15, state=R, map=false, placa=BCG906, direction=true, order=1}
2026-09-23 13:41:31 [SocketService] 🔒 WakeLock + WifiLock adquiridos
2026-09-23 13:41:31 [SocketService] [ENVIADO] | [NUEVO] (18B) [KEY]: login [DATA]: {serial=864255060447047}
2026-09-23 13:41:31 [SocketService] 🔑 Enviando login handshake (864255060447047)
2026-09-23 13:41:31 [SocketService] ✅ CONECTADO [ID: 266] en 88739698ms - Code: 101
2026-09-23 13:41:31 [SocketService] ✅ Recursos completamente limpiados
2026-09-23 13:41:31 [SocketService] 🔄 Conectando [ID: 266] a ws://34.71.11.201:22222?schema=android&gps=true&console=true&version=2
2026-09-23 13:41:31 [GpsViewModel] No hay conexión. Se omite procesamiento.
2026-09-23 13:41:31 [SocketService] 🔄 Nuevo Socket ID: 266
2026-09-23 13:41:31 [SocketService] ⏰ Watchdog: 140764ms sin mensajes, forzando reconexión
2026-09-23 13:41:31 [SocketService] 🧹 Limpiando recursos [ID: 265]
2026-09-23 13:39:10 [SocketMessageDispatcher] Mensaje: Header: backward_datero, Data: {pad=132, geofence=34, delta=37, orden=0, id=9578273282}
2026-09-23 13:39:10 [SocketService] [RECIBIDO]| #8 | SID:265 | 19B | backward_datero [DATA]: {pad=132, geofence=34, delta=37, orden=0, id=9578273282}
2026-09-23 13:37:30 [ProtectorVM] TEMP: 46.1C -> cap térmico 59%
2026-09-23 13:37:30 [ProtectorVM] temp: 46.1C
2026-09-23 13:37:21 [SocketMessageDispatcher] Mensaje: Header: report, Data: {positions=1}
2026-09-23 13:37:21 [SocketService] [RECIBIDO]| #6 | SID:265 | 3B | report [DATA]: {positions=1}
2026-09-23 13:37:20 [SocketService] [ENVIADO] | [NUEVO] (36B) [KEY]: report [DATA]: {trip=39152, route=1, positions=[{lng=-76.9681943, busstop=0, angle=27, accuracy=9, time=2026-09-23T13:37:20.896905, lat=-11.9331523, speed=3, mark=0}], state=R, sales=0, events=[], direction=true}
2026-09-23 13:37:20 [PositionRepository] 📤 Enviando 1 (batch=2, pendientes=1)
2026-09-23 13:37:20 [LocationTrackingService] GPS desactivado - Pulso cada 5 min acc:9.935m
2026-09-23 13:36:33 [SocketMessageDispatcher] Mensaje: Header: backward_datero, Data: {pad=132, geofence=33, delta=37, orden=0, id=2497100412}
2026-09-23 13:36:33 [SocketService] [RECIBIDO]| #5 | SID:265 | 19B | backward_datero [DATA]: {pad=132, geofence=33, delta=37, orden=0, id=2497100412}
2026-09-23 13:35:32 [SocketMessageDispatcher] Mensaje: Header: backward_datero_hide, Data: {pad=132, geofence=32, delta=36, orden=0, id=6010200853}
2026-09-23 13:35:32 [SocketMessageDispatcher] Mensaje: Header: forward_datero_hide, Data: {trip=39152, geofence=38, time=2026-09-23T13:18:54, dateros=[{delta=13, padron=124}, {delta=11, padron=128}, {delta=14, padron=107}, {delta=17, padron=146}, {delta=6, padron=131}]}
2026-09-23 13:35:32 [SocketMessageDispatcher] Mensaje: Header: salida, Data: {lado=true, estado=R, frecuencia=16, ruta=1, geocerca=38, controles=[{volada=0, tiempo=0, geocerca=53}, {volada=0, tiempo=5, geocerca=67}, {volada=-4, tiempo=10, geocerca=54}, {volada=-6, tiempo=6, geocerca=68}, {volada=-10, tiempo=6, geocerca=55}, {volada=-9, tiempo=5, geocerca=69}, {volada=-12, tiempo=12, geocerca=56}, {volada=-15, tiempo=8, geocerca=57}, {volada=-15, tiempo=9, geocerca=58}, {volada=-17, tiempo=10, geocerca=59}, {volada=-18, tiempo=7, geocerca=60}, {volada=-12, tiempo=0, geocerca=61}, {volada=-6, tiempo=0, geocerca=62}, {volada=-4, tiempo=0, geocerca=63}, {volada=3, tiempo=0, geocerca=64}, {volada=11, tiempo=0, geocerca=65}, {volada=0, tiempo=0, geocerca=66}, {volada=35, tiempo=0, geocerca=3}, {volada=32, tiempo=6, geocerca=22}, {volada=33, tiempo=3, geocerca=23}, {volada=36, tiempo=3, geocerca=24}, {volada=37, tiempo=3, geocerca=25}, {volada=40, tiempo=3, geocerca=26}, {volada=43, tiempo=3, geocerca=27}, {volada=44, tiempo=3, geocerca=28}, {volada=43, tiempo=3, geocerca=29}, {volada=44, tiempo=2, geocerca=30}, {volada=43, tiempo=2, geocerca=31}, {volada=43, tiempo=3, geocerca=32}, {volada=43, tiempo=4, geocerca=33}, {volada=43, tiempo=3, geocerca=34}, {volada=46, tiempo=3, geocerca=35}, {volada=48, tiempo=3, geocerca=36}, {volada=48, tiempo=3, geocerca=37}, {volada=47, tiempo=3, geocerca=38}, {volada=0, tiempo=5, geocerca=4}], inicio=2026-09-23T10:20, marcados=[false, false, true, true, true, true, true, true, true, true, true, true, true, true, true, true, false, true, true, true, true, true, true, true, true, true, true, true, true, true, true, true, true, true, true, false], id=39152, conductor=131}
2026-09-23 13:35:32 [SocketService] [RECIBIDO]| #4 | SID:265 | 20B | backward_datero_hide [DATA]: {pad=132, geofence=32, delta=36, orden=0, id=6010200853}
2026-09-23 13:35:32 [SocketService] [RECIBIDO]| #3 | SID:265 | 31B | forward_datero_hide [DATA]: {trip=39152, geofence=38, time=2026-09-23T13:18:54, dateros=[{delta=13, padron=124}, {delta=11, padron=128}, {delta=14, padron=107}, {delta=17, padron=146}, {delta=6, padron=131}]}
2026-09-23 13:35:31 [SocketService] [RECIBIDO]| #2 | SID:265 | 245B | salida [DATA]: {lado=true, estado=R, frecuencia=16, ruta=1, geocerca=38, controles=[{volada=0, tiempo=0, geocerca=53}, {volada=0, tiempo=5, geocerca=67}, {volada=-4, tiempo=10, geocerca=54}, {volada=-6, tiempo=6, geocerca=68}, {volada=-10, tiempo=6, geocerca=55}, {volada=-9, tiempo=5, geocerca=69}, {volada=-12, tiempo=12, geocerca=56}, {volada=-15, tiempo=8, geocerca=57}, {volada=-15, tiempo=9, geocerca=58}, {volada=-17, tiempo=10, geocerca=59}, {volada=-18, tiempo=7, geocerca=60}, {volada=-12, tiempo=0, geocerca=61}, {volada=-6, tiempo=0, geocerca=62}, {volada=-4, tiempo=0, geocerca=63}, {volada=3, tiempo=0, geocerca=64}, {volada=11, tiempo=0, geocerca=65}, {volada=0, tiempo=0, geocerca=66}, {volada=35, tiempo=0, geocerca=3}, {volada=32, tiempo=6, geocerca=22}, {volada=33, tiempo=3, geocerca=23}, {volada=36, tiempo=3, geocerca=24}, {volada=37, tiempo=3, geocerca=25}, {volada=40, tiempo=3, geocerca=26}, {volada=43, tiempo=3, geocerca=27}, {volada=44, tiempo=3, geocerca=28}, {volada=43, tiempo=3, geocerca=29}, {volada=44, tiempo=2, geocerca=30}, {volada=43, tiempo=2, geocerca=31}, {volada=43, tiempo=3, geocerca=32}, {volada=43, tiempo=4, geocerca=33}, {volada=43, tiempo=3, geocerca=34}, {volada=46, tiempo=3, geocerca=35}, {volada=48, tiempo=3, geocerca=36}, {volada=48, tiempo=3, geocerca=37}, {volada=47, tiempo=3, geocerca=38}, {volada=0, tiempo=5, geocerca=4}], inicio=2026-09-23T10:20, marcados=[false, false, true, true, true, true, true, true, true, true, true, true, true, true, true, true, false, true, true, true, true, true, true, true, true, true, true, true, true, true, true, true, true, true, true, false], id=39152, conductor=131}
2026-09-23 13:35:31 [SocketService] [ENVIADO] | [NUEVO] (3B) [KEY]: backward_datero [DATA]: {id=0}
2026-09-23 13:35:31 [SocketService] [ENVIADO] | [NUEVO] (7B) [KEY]: salida [DATA]: {limit=0, salida=39152}
2026-09-23 13:35:31 [SocketService] [ENVIADO] | [NUEVO] (4B) [KEY]: forward_datero [DATA]: {id=0}
2026-09-23 13:35:31 [SocketMessageDispatcher] ✅ Login confirmado por servidor (sesión OK)
2026-09-23 13:35:31 [SocketMessageDispatcher] Mensaje: Header: login, Data: {voice=true, orientation=false, contactless=false, data=2026-09-23T13:35:31, ticket=true, geofence=38, gps=false, schedule=10:35, ads=false, route=1, trip=39152, driver=null, calls=true, padron=124, id=15, state=R, map=false, placa=BCG906, direction=true, order=1}
2026-09-23 13:35:31 [SocketService] [RECIBIDO]| #1 | SID:265 | 35B | login [DATA]: {voice=true, orientation=false, contactless=false, data=2026-09-23T13:35:31, ticket=true, geofence=38, gps=false, schedule=10:35, ads=false, route=1, trip=39152, driver=null, calls=true, padron=124, id=15, state=R, map=false, placa=BCG906, direction=true, order=1}
2026-09-23 13:35:31 [SocketService] 🔒 WakeLock + WifiLock adquiridos
2026-09-23 13:35:31 [SocketService] 🔑 Enviando login handshake (864255060447047)
2026-09-23 13:35:31 [ERROR-SocketService] ℹ️ Reconexión cancelada
2026-09-23 13:35:31 [SocketService] [ENVIADO] | [NUEVO] (18B) [KEY]: login [DATA]: {serial=864255060447047}
2026-09-23 13:35:31 [SocketService] ✅ CONECTADO [ID: 265] en 88379224ms - Code: 101
2026-09-23 13:35:30 [SocketService] 🔄 Conectando [ID: 265] a ws://34.71.11.201:22222?schema=android&gps=true&console=true&version=2
2026-09-23 13:35:30 [SocketService] ✅ Recursos completamente limpiados
2026-09-23 13:35:30 [SocketService] 🔄 Reconexión #1 en 684ms
2026-09-23 13:35:30 [SocketService] 🔄 Nuevo Socket ID: 265
2026-09-23 13:35:30 [GpsViewModel] No hay conexión. Se omite procesamiento.
2026-09-23 13:35:30 [ERROR-SocketService] ❌ [onFailure] [ID: 264]: Socket closed
2026-09-23 13:35:30 [SocketService] 🧹 Limpiando recursos [ID: 264]
2026-09-23 13:35:30 [SocketService] ⏰ Watchdog: 122581ms sin mensajes, forzando reconexión
2026-09-23 13:32:30 [ProtectorVM] TEMP: 45.5C -> cap térmico 63%
2026-09-23 13:32:30 [ProtectorVM] temp: 45.5C
2026-09-23 13:32:21 [SocketMessageDispatcher] Mensaje: Header: report, Data: {positions=1}
2026-09-23 13:32:21 [SocketService] [RECIBIDO]| #6 | SID:264 | 3B | report [DATA]: {positions=1}
2026-09-23 13:32:20 [SocketService] [ENVIADO] | [NUEVO] (36B) [KEY]: report [DATA]: {trip=39152, route=1, positions=[{lng=-76.9682934, busstop=0, angle=0, accuracy=9, time=2026-09-23T13:32:20.892815, lat=-11.9333062, speed=0, mark=0}], state=R, sales=0, events=[], direction=true}
2026-09-23 13:32:20 [PositionRepository] 📤 Enviando 1 (batch=2, pendientes=1)
2026-09-23 13:32:20 [LocationTrackingService] GPS desactivado - Pulso cada 5 min acc:9.935m
2026-09-23 13:31:55 [SocketMessageDispatcher] Mensaje: Header: backward_datero, Data: {pad=132, geofence=32, delta=36, orden=0, id=6010200853}
2026-09-23 13:31:55 [SocketService] [RECIBIDO]| #5 | SID:264 | 19B | backward_datero [DATA]: {pad=132, geofence=32, delta=36, orden=0, id=6010200853}
2026-09-23 13:30:32 [SocketMessageDispatcher] Mensaje: Header: backward_datero_hide, Data: {pad=132, geofence=31, delta=36, orden=0, id=4248090766}
2026-09-23 13:30:32 [SocketMessageDispatcher] Mensaje: Header: forward_datero_hide, Data: {trip=39152, geofence=38, time=2026-09-23T13:18:54, dateros=[{delta=13, padron=124}, {delta=11, padron=128}, {delta=14, padron=107}, {delta=17, padron=146}, {delta=6, padron=131}]}
2026-09-23 13:30:32 [SocketMessageDispatcher] Mensaje: Header: salida, Data: {lado=true, estado=R, frecuencia=16, ruta=1, geocerca=38, controles=[{volada=0, tiempo=0, geocerca=53}, {volada=0, tiempo=5, geocerca=67}, {volada=-4, tiempo=10, geocerca=54}, {volada=-6, tiempo=6, geocerca=68}, {volada=-10, tiempo=6, geocerca=55}, {volada=-9, tiempo=5, geocerca=69}, {volada=-12, tiempo=12, geocerca=56}, {volada=-15, tiempo=8, geocerca=57}, {volada=-15, tiempo=9, geocerca=58}, {volada=-17, tiempo=10, geocerca=59}, {volada=-18, tiempo=7, geocerca=60}, {volada=-12, tiempo=0, geocerca=61}, {volada=-6, tiempo=0, geocerca=62}, {volada=-4, tiempo=0, geocerca=63}, {volada=3, tiempo=0, geocerca=64}, {volada=11, tiempo=0, geocerca=65}, {volada=0, tiempo=0, geocerca=66}, {volada=35, tiempo=0, geocerca=3}, {volada=32, tiempo=6, geocerca=22}, {volada=33, tiempo=3, geocerca=23}, {volada=36, tiempo=3, geocerca=24}, {volada=37, tiempo=3, geocerca=25}, {volada=40, tiempo=3, geocerca=26}, {volada=43, tiempo=3, geocerca=27}, {volada=44, tiempo=3, geocerca=28}, {volada=43, tiempo=3, geocerca=29}, {volada=44, tiempo=2, geocerca=30}, {volada=43, tiempo=2, geocerca=31}, {volada=43, tiempo=3, geocerca=32}, {volada=43, tiempo=4, geocerca=33}, {volada=43, tiempo=3, geocerca=34}, {volada=46, tiempo=3, geocerca=35}, {volada=48, tiempo=3, geocerca=36}, {volada=48, tiempo=3, geocerca=37}, {volada=47, tiempo=3, geocerca=38}, {volada=0, tiempo=5, geocerca=4}], inicio=2026-09-23T10:20, marcados=[false, false, true, true, true, true, true, true, true, true, true, true, true, true, true, true, false, true, true, true, true, true, true, true, true, true, true, true, true, true, true, true, true, true, true, false], id=39152, conductor=131}
2026-09-23 13:30:31 [SocketService] [RECIBIDO]| #4 | SID:264 | 20B | backward_datero_hide [DATA]: {pad=132, geofence=31, delta=36, orden=0, id=4248090766}
2026-09-23 13:30:31 [SocketService] [RECIBIDO]| #3 | SID:264 | 31B | forward_datero_hide [DATA]: {trip=39152, geofence=38, time=2026-09-23T13:18:54, dateros=[{delta=13, padron=124}, {delta=11, padron=128}, {delta=14, padron=107}, {delta=17, padron=146}, {delta=6, padron=131}]}
2026-09-23 13:30:31 [SocketService] [RECIBIDO]| #2 | SID:264 | 245B | salida [DATA]: {lado=true, estado=R, frecuencia=16, ruta=1, geocerca=38, controles=[{volada=0, tiempo=0, geocerca=53}, {volada=0, tiempo=5, geocerca=67}, {volada=-4, tiempo=10, geocerca=54}, {volada=-6, tiempo=6, geocerca=68}, {volada=-10, tiempo=6, geocerca=55}, {volada=-9, tiempo=5, geocerca=69}, {volada=-12, tiempo=12, geocerca=56}, {volada=-15, tiempo=8, geocerca=57}, {volada=-15, tiempo=9, geocerca=58}, {volada=-17, tiempo=10, geocerca=59}, {volada=-18, tiempo=7, geocerca=60}, {volada=-12, tiempo=0, geocerca=61}, {volada=-6, tiempo=0, geocerca=62}, {volada=-4, tiempo=0, geocerca=63}, {volada=3, tiempo=0, geocerca=64}, {volada=11, tiempo=0, geocerca=65}, {volada=0, tiempo=0, geocerca=66}, {volada=35, tiempo=0, geocerca=3}, {volada=32, tiempo=6, geocerca=22}, {volada=33, tiempo=3, geocerca=23}, {volada=36, tiempo=3, geocerca=24}, {volada=37, tiempo=3, geocerca=25}, {volada=40, tiempo=3, geocerca=26}, {volada=43, tiempo=3, geocerca=27}, {volada=44, tiempo=3, geocerca=28}, {volada=43, tiempo=3, geocerca=29}, {volada=44, tiempo=2, geocerca=30}, {volada=43, tiempo=2, geocerca=31}, {volada=43, tiempo=3, geocerca=32}, {volada=43, tiempo=4, geocerca=33}, {volada=43, tiempo=3, geocerca=34}, {volada=46, tiempo=3, geocerca=35}, {volada=48, tiempo=3, geocerca=36}, {volada=48, tiempo=3, geocerca=37}, {volada=47, tiempo=3, geocerca=38}, {volada=0, tiempo=5, geocerca=4}], inicio=2026-09-23T10:20, marcados=[false, false, true, true, true, true, true, true, true, true, true, true, true, true, true, true, false, true, true, true, true, true, true, true, true, true, true, true, true, true, true, true, true, true, true, false], id=39152, conductor=131}
2026-09-23 13:30:31 [SocketService] [ENVIADO] | [NUEVO] (3B) [KEY]: backward_datero [DATA]: {id=0}
2026-09-23 13:30:31 [SocketService] [ENVIADO] | [NUEVO] (4B) [KEY]: forward_datero [DATA]: {id=0}
2026-09-23 13:30:31 [SocketService] [ENVIADO] | [NUEVO] (7B) [KEY]: salida [DATA]: {limit=0, salida=39152}
2026-09-23 13:30:31 [SocketMessageDispatcher] ✅ Login confirmado por servidor (sesión OK)
2026-09-23 13:30:31 [SocketMessageDispatcher] Mensaje: Header: login, Data: {voice=true, orientation=false, contactless=false, data=2026-09-23T13:30:31, ticket=true, geofence=38, gps=false, schedule=10:35, ads=false, route=1, trip=39152, driver=null, calls=true, padron=124, id=15, state=R, map=false, placa=BCG906, direction=true, order=1}
2026-09-23 13:30:31 [SocketService] [RECIBIDO]| #1 | SID:264 | 35B | login [DATA]: {voice=true, orientation=false, contactless=false, data=2026-09-23T13:30:31, ticket=true, geofence=38, gps=false, schedule=10:35, ads=false, route=1, trip=39152, driver=null, calls=true, padron=124, id=15, state=R, map=false, placa=BCG906, direction=true, order=1}
2026-09-23 13:30:30 [SocketService] 🔒 WakeLock + WifiLock adquiridos
2026-09-23 13:30:30 [SocketService] [ENVIADO] | [NUEVO] (18B) [KEY]: login [DATA]: {serial=864255060447047}
2026-09-23 13:30:30 [SocketService] 🔑 Enviando login handshake (864255060447047)
2026-09-23 13:30:30 [SocketService] ✅ CONECTADO [ID: 264] en 88078752ms - Code: 101
2026-09-23 13:30:30 [SocketService] ✅ Recursos completamente limpiados
2026-09-23 13:30:30 [SocketService] 🔄 Conectando [ID: 264] a ws://34.71.11.201:22222?schema=android&gps=true&console=true&version=2
2026-09-23 13:30:30 [GpsViewModel] No hay conexión. Se omite procesamiento.
2026-09-23 13:30:30 [SocketService] 🔄 Nuevo Socket ID: 264
2026-09-23 13:30:30 [SocketService] 🧹 Limpiando recursos [ID: 263]
2026-09-23 13:30:30 [SocketService] ⏰ Watchdog: 120450ms sin mensajes, forzando reconexión
2026-09-23 13:28:29 [SocketMessageDispatcher] Mensaje: Header: backward_datero, Data: {pad=132, geofence=31, delta=36, orden=0, id=4248090766}
2026-09-23 13:28:29 [SocketService] [RECIBIDO]| #8 | SID:263 | 19B | backward_datero [DATA]: {pad=132, geofence=31, delta=36, orden=0, id=4248090766}
2026-09-23 13:27:30 [ProtectorVM] TEMP: 44.3C -> cap térmico 71%
2026-09-23 13:27:30 [ProtectorVM] temp: 44.3C
2026-09-23 13:27:21 [SocketMessageDispatcher] Mensaje: Header: report, Data: {positions=1}
2026-09-23 13:27:21 [SocketService] [RECIBIDO]| #6 | SID:263 | 3B | report [DATA]: {positions=1}
2026-09-23 13:27:20 [SocketService] [ENVIADO] | [NUEVO] (36B) [KEY]: report [DATA]: {trip=39152, route=1, positions=[{lng=-76.9683295, busstop=0, angle=0, accuracy=4, time=2026-09-23T13:27:20.888092, lat=-11.9333462, speed=0, mark=0}], state=R, sales=0, events=[], direction=true}
2026-09-23 13:27:20 [PositionRepository] 📤 Enviando 1 (batch=2, pendientes=1)
2026-09-23 13:27:20 [LocationTrackingService] GPS desactivado - Pulso cada 5 min acc:4.903m
2026-09-23 13:27:16 [SocketMessageDispatcher] Mensaje: Header: backward_datero, Data: {pad=132, geofence=30, delta=36, orden=0, id=9813145654}
2026-09-23 13:27:16 [SocketService] [RECIBIDO]| #5 | SID:263 | 19B | backward_datero [DATA]: {pad=132, geofence=30, delta=36, orden=0, id=9813145654}
2026-09-23 13:27:01 [SocketMessageDispatcher] Mensaje: Header: backward_datero_hide, Data: {pad=132, geofence=29, delta=36, orden=0, id=4525715874}
2026-09-23 13:27:01 [SocketMessageDispatcher] Mensaje: Header: forward_datero_hide, Data: {trip=39152, geofence=38, time=2026-09-23T13:18:54, dateros=[{delta=13, padron=124}, {delta=11, padron=128}, {delta=14, padron=107}, {delta=17, padron=146}, {delta=6, padron=131}]}
2026-09-23 13:27:01 [SocketMessageDispatcher] Mensaje: Header: salida, Data: {lado=true, estado=R, frecuencia=16, ruta=1, geocerca=38, controles=[{volada=0, tiempo=0, geocerca=53}, {volada=0, tiempo=5, geocerca=67}, {volada=-4, tiempo=10, geocerca=54}, {volada=-6, tiempo=6, geocerca=68}, {volada=-10, tiempo=6, geocerca=55}, {volada=-9, tiempo=5, geocerca=69}, {volada=-12, tiempo=12, geocerca=56}, {volada=-15, tiempo=8, geocerca=57}, {volada=-15, tiempo=9, geocerca=58}, {volada=-17, tiempo=10, geocerca=59}, {volada=-18, tiempo=7, geocerca=60}, {volada=-12, tiempo=0, geocerca=61}, {volada=-6, tiempo=0, geocerca=62}, {volada=-4, tiempo=0, geocerca=63}, {volada=3, tiempo=0, geocerca=64}, {volada=11, tiempo=0, geocerca=65}, {volada=0, tiempo=0, geocerca=66}, {volada=35, tiempo=0, geocerca=3}, {volada=32, tiempo=6, geocerca=22}, {volada=33, tiempo=3, geocerca=23}, {volada=36, tiempo=3, geocerca=24}, {volada=37, tiempo=3, geocerca=25}, {volada=40, tiempo=3, geocerca=26}, {volada=43, tiempo=3, geocerca=27}, {volada=44, tiempo=3, geocerca=28}, {volada=43, tiempo=3, geocerca=29}, {volada=44, tiempo=2, geocerca=30}, {volada=43, tiempo=2, geocerca=31}, {volada=43, tiempo=3, geocerca=32}, {volada=43, tiempo=4, geocerca=33}, {volada=43, tiempo=3, geocerca=34}, {volada=46, tiempo=3, geocerca=35}, {volada=48, tiempo=3, geocerca=36}, {volada=48, tiempo=3, geocerca=37}, {volada=47, tiempo=3, geocerca=38}, {volada=0, tiempo=5, geocerca=4}], inicio=2026-09-23T10:20, marcados=[false, false, true, true, true, true, true, true, true, true, true, true, true, true, true, true, false, true, true, true, true, true, true, true, true, true, true, true, true, true, true, true, true, true, true, false], id=39152, conductor=131}
2026-09-23 13:27:01 [SocketService] [RECIBIDO]| #4 | SID:263 | 20B | backward_datero_hide [DATA]: {pad=132, geofence=29, delta=36, orden=0, id=4525715874}
2026-09-23 13:27:01 [SocketService] [RECIBIDO]| #3 | SID:263 | 31B | forward_datero_hide [DATA]: {trip=39152, geofence=38, time=2026-09-23T13:18:54, dateros=[{delta=13, padron=124}, {delta=11, padron=128}, {delta=14, padron=107}, {delta=17, padron=146}, {delta=6, padron=131}]}
2026-09-23 13:27:00 [SocketService] [RECIBIDO]| #2 | SID:263 | 245B | salida [DATA]: {lado=true, estado=R, frecuencia=16, ruta=1, geocerca=38, controles=[{volada=0, tiempo=0, geocerca=53}, {volada=0, tiempo=5, geocerca=67}, {volada=-4, tiempo=10, geocerca=54}, {volada=-6, tiempo=6, geocerca=68}, {volada=-10, tiempo=6, geocerca=55}, {volada=-9, tiempo=5, geocerca=69}, {volada=-12, tiempo=12, geocerca=56}, {volada=-15, tiempo=8, geocerca=57}, {volada=-15, tiempo=9, geocerca=58}, {volada=-17, tiempo=10, geocerca=59}, {volada=-18, tiempo=7, geocerca=60}, {volada=-12, tiempo=0, geocerca=61}, {volada=-6, tiempo=0, geocerca=62}, {volada=-4, tiempo=0, geocerca=63}, {volada=3, tiempo=0, geocerca=64}, {volada=11, tiempo=0, geocerca=65}, {volada=0, tiempo=0, geocerca=66}, {volada=35, tiempo=0, geocerca=3}, {volada=32, tiempo=6, geocerca=22}, {volada=33, tiempo=3, geocerca=23}, {volada=36, tiempo=3, geocerca=24}, {volada=37, tiempo=3, geocerca=25}, {volada=40, tiempo=3, geocerca=26}, {volada=43, tiempo=3, geocerca=27}, {volada=44, tiempo=3, geocerca=28}, {volada=43, tiempo=3, geocerca=29}, {volada=44, tiempo=2, geocerca=30}, {volada=43, tiempo=2, geocerca=31}, {volada=43, tiempo=3, geocerca=32}, {volada=43, tiempo=4, geocerca=33}, {volada=43, tiempo=3, geocerca=34}, {volada=46, tiempo=3, geocerca=35}, {volada=48, tiempo=3, geocerca=36}, {volada=48, tiempo=3, geocerca=37}, {volada=47, tiempo=3, geocerca=38}, {volada=0, tiempo=5, geocerca=4}], inicio=2026-09-23T10:20, marcados=[false, false, true, true, true, true, true, true, true, true, true, true, true, true, true, true, false, true, true, true, true, true, true, true, true, true, true, true, true, true, true, true, true, true, true, false], id=39152, conductor=131}
2026-09-23 13:27:00 [SocketService] [ENVIADO] | [NUEVO] (3B) [KEY]: backward_datero [DATA]: {id=0}
2026-09-23 13:27:00 [SocketService] [ENVIADO] | [NUEVO] (4B) [KEY]: forward_datero [DATA]: {id=0}
2026-09-23 13:27:00 [SocketService] [ENVIADO] | [NUEVO] (7B) [KEY]: salida [DATA]: {limit=0, salida=39152}
2026-09-23 13:27:00 [SocketMessageDispatcher] ✅ Login confirmado por servidor (sesión OK)
2026-09-23 13:27:00 [SocketMessageDispatcher] Mensaje: Header: login, Data: {voice=true, orientation=false, contactless=false, data=2026-09-23T13:27, ticket=true, geofence=38, gps=false, schedule=10:35, ads=false, route=1, trip=39152, driver=null, calls=true, padron=124, id=15, state=R, map=false, placa=BCG906, direction=true, order=1}
2026-09-23 13:27:00 [SocketService] [RECIBIDO]| #1 | SID:263 | 35B | login [DATA]: {voice=true, orientation=false, contactless=false, data=2026-09-23T13:27, ticket=true, geofence=38, gps=false, schedule=10:35, ads=false, route=1, trip=39152, driver=null, calls=true, padron=124, id=15, state=R, map=false, placa=BCG906, direction=true, order=1}
2026-09-23 13:27:00 [SocketService] 🔒 WakeLock + WifiLock adquiridos
2026-09-23 13:27:00 [SocketService] [ENVIADO] | [NUEVO] (18B) [KEY]: login [DATA]: {serial=864255060447047}
2026-09-23 13:27:00 [SocketService] 🔑 Enviando login handshake (864255060447047)
2026-09-23 13:27:00 [SocketService] ✅ CONECTADO [ID: 263] en 87868286ms - Code: 101
2026-09-23 13:26:59 [SocketService] 🔄 Conectando [ID: 263] a ws://34.71.11.201:22222?schema=android&gps=true&console=true&version=2
2026-09-23 13:26:59 [SocketService] ✅ Recursos completamente limpiados
2026-09-23 13:26:59 [GpsViewModel] No hay conexión. Se omite procesamiento.
2026-09-23 13:26:59 [SocketService] 🔄 Nuevo Socket ID: 263
2026-09-23 13:26:59 [SocketService] 🧹 Limpiando recursos [ID: 262]
2026-09-23 13:26:59 [SocketService] ⏰ Watchdog: 120842ms sin mensajes, forzando reconexión
2026-09-23 13:24:58 [SocketMessageDispatcher] Mensaje: Header: backward_datero, Data: {pad=132, geofence=29, delta=36, orden=0, id=4525715874}
2026-09-23 13:24:58 [SocketService] [RECIBIDO]| #8 | SID:262 | 19B | backward_datero [DATA]: {pad=132, geofence=29, delta=36, orden=0, id=4525715874}
2026-09-23 13:23:02 [SocketMessageDispatcher] Mensaje: Header: backward_datero, Data: {pad=132, geofence=28, delta=36, orden=0, id=7702676051}
2026-09-23 13:23:02 [SocketService] [RECIBIDO]| #6 | SID:262 | 19B | backward_datero [DATA]: {pad=132, geofence=28, delta=36, orden=0, id=7702676051}
2026-09-23 13:22:30 [ProtectorVM] temp: 44.6C
2026-09-23 13:22:30 [ProtectorVM] TEMP: 44.6C -> cap térmico 69%
2026-09-23 13:22:21 [SocketMessageDispatcher] Mensaje: Header: report, Data: {positions=1}
2026-09-23 13:22:21 [SocketService] [RECIBIDO]| #5 | SID:262 | 3B | report [DATA]: {positions=1}
2026-09-23 13:22:20 [SocketService] [ENVIADO] | [NUEVO] (36B) [KEY]: report [DATA]: {trip=39152, route=1, positions=[{lng=-76.9683501, busstop=0, angle=119, accuracy=9, time=2026-09-23T13:22:20.886825, lat=-11.9333653, speed=5, mark=0}], state=R, sales=0, events=[], direction=true}
2026-09-23 13:22:20 [PositionRepository] 📤 Enviando 1 (batch=2, pendientes=1)
2026-09-23 13:22:20 [LocationTrackingService] GPS desactivado - Pulso cada 5 min acc:9.474m
2026-09-23 13:21:01 [SocketMessageDispatcher] Mensaje: Header: salida, Data: {lado=true, estado=R, frecuencia=16, ruta=1, geocerca=38, controles=[{volada=0, tiempo=0, geocerca=53}, {volada=0, tiempo=5, geocerca=67}, {volada=-4, tiempo=10, geocerca=54}, {volada=-6, tiempo=6, geocerca=68}, {volada=-10, tiempo=6, geocerca=55}, {volada=-9, tiempo=5, geocerca=69}, {volada=-12, tiempo=12, geocerca=56}, {volada=-15, tiempo=8, geocerca=57}, {volada=-15, tiempo=9, geocerca=58}, {volada=-17, tiempo=10, geocerca=59}, {volada=-18, tiempo=7, geocerca=60}, {volada=-12, tiempo=0, geocerca=61}, {volada=-6, tiempo=0, geocerca=62}, {volada=-4, tiempo=0, geocerca=63}, {volada=3, tiempo=0, geocerca=64}, {volada=11, tiempo=0, geocerca=65}, {volada=0, tiempo=0, geocerca=66}, {volada=35, tiempo=0, geocerca=3}, {volada=32, tiempo=6, geocerca=22}, {volada=33, tiempo=3, geocerca=23}, {volada=36, tiempo=3, geocerca=24}, {volada=37, tiempo=3, geocerca=25}, {volada=40, tiempo=3, geocerca=26}, {volada=43, tiempo=3, geocerca=27}, {volada=44, tiempo=3, geocerca=28}, {volada=43, tiempo=3, geocerca=29}, {volada=44, tiempo=2, geocerca=30}, {volada=43, tiempo=2, geocerca=31}, {volada=43, tiempo=3, geocerca=32}, {volada=43, tiempo=4, geocerca=33}, {volada=43, tiempo=3, geocerca=34}, {volada=46, tiempo=3, geocerca=35}, {volada=48, tiempo=3, geocerca=36}, {volada=48, tiempo=3, geocerca=37}, {volada=47, tiempo=3, geocerca=38}, {volada=0, tiempo=5, geocerca=4}], inicio=2026-09-23T10:20, marcados=[false, false, true, true, true, true, true, true, true, true, true, true, true, true, true, true, false, true, true, true, true, true, true, true, true, true, true, true, true, true, true, true, true, true, true, false], id=39152, conductor=131}
2026-09-23 13:21:01 [SocketMessageDispatcher] Mensaje: Header: backward_datero_hide, Data: {pad=132, geofence=27, delta=36, orden=0, id=1405429667}
2026-09-23 13:21:01 [SocketMessageDispatcher] Mensaje: Header: forward_datero_hide, Data: {trip=39152, geofence=38, time=2026-09-23T13:18:54, dateros=[{delta=13, padron=124}, {delta=11, padron=128}, {delta=14, padron=107}, {delta=17, padron=146}, {delta=6, padron=131}]}
2026-09-23 13:21:00 [SocketService] [RECIBIDO]| #4 | SID:262 | 245B | salida [DATA]: {lado=true, estado=R, frecuencia=16, ruta=1, geocerca=38, controles=[{volada=0, tiempo=0, geocerca=53}, {volada=0, tiempo=5, geocerca=67}, {volada=-4, tiempo=10, geocerca=54}, {volada=-6, tiempo=6, geocerca=68}, {volada=-10, tiempo=6, geocerca=55}, {volada=-9, tiempo=5, geocerca=69}, {volada=-12, tiempo=12, geocerca=56}, {volada=-15, tiempo=8, geocerca=57}, {volada=-15, tiempo=9, geocerca=58}, {volada=-17, tiempo=10, geocerca=59}, {volada=-18, tiempo=7, geocerca=60}, {volada=-12, tiempo=0, geocerca=61}, {volada=-6, tiempo=0, geocerca=62}, {volada=-4, tiempo=0, geocerca=63}, {volada=3, tiempo=0, geocerca=64}, {volada=11, tiempo=0, geocerca=65}, {volada=0, tiempo=0, geocerca=66}, {volada=35, tiempo=0, geocerca=3}, {volada=32, tiempo=6, geocerca=22}, {volada=33, tiempo=3, geocerca=23}, {volada=36, tiempo=3, geocerca=24}, {volada=37, tiempo=3, geocerca=25}, {volada=40, tiempo=3, geocerca=26}, {volada=43, tiempo=3, geocerca=27}, {volada=44, tiempo=3, geocerca=28}, {volada=43, tiempo=3, geocerca=29}, {volada=44, tiempo=2, geocerca=30}, {volada=43, tiempo=2, geocerca=31}, {volada=43, tiempo=3, geocerca=32}, {volada=43, tiempo=4, geocerca=33}, {volada=43, tiempo=3, geocerca=34}, {volada=46, tiempo=3, geocerca=35}, {volada=48, tiempo=3, geocerca=36}, {volada=48, tiempo=3, geocerca=37}, {volada=47, tiempo=3, geocerca=38}, {volada=0, tiempo=5, geocerca=4}], inicio=2026-09-23T10:20, marcados=[false, false, true, true, true, true, true, true, true, true, true, true, true, true, true, true, false, true, true, true, true, true, true, true, true, true, true, true, true, true, true, true, true, true, true, false], id=39152, conductor=131}
2026-09-23 13:21:00 [SocketService] [RECIBIDO]| #3 | SID:262 | 20B | backward_datero_hide [DATA]: {pad=132, geofence=27, delta=36, orden=0, id=1405429667}
2026-09-23 13:21:00 [SocketService] [RECIBIDO]| #2 | SID:262 | 31B | forward_datero_hide [DATA]: {trip=39152, geofence=38, time=2026-09-23T13:18:54, dateros=[{delta=13, padron=124}, {delta=11, padron=128}, {delta=14, padron=107}, {delta=17, padron=146}, {delta=6, padron=131}]}
2026-09-23 13:21:00 [SocketService] [ENVIADO] | [NUEVO] (4B) [KEY]: forward_datero [DATA]: {id=0}
2026-09-23 13:21:00 [SocketService] [ENVIADO] | [NUEVO] (3B) [KEY]: backward_datero [DATA]: {id=0}
2026-09-23 13:21:00 [SocketService] [ENVIADO] | [NUEVO] (7B) [KEY]: salida [DATA]: {limit=0, salida=39152}
2026-09-23 13:21:00 [SocketMessageDispatcher] ✅ Login confirmado por servidor (sesión OK)
2026-09-23 13:21:00 [SocketMessageDispatcher] Mensaje: Header: login, Data: {voice=true, orientation=false, contactless=false, data=2026-09-23T13:21, ticket=true, geofence=38, gps=false, schedule=10:35, ads=false, route=1, trip=39152, driver=null, calls=true, padron=124, id=15, state=R, map=false, placa=BCG906, direction=true, order=1}
2026-09-23 13:21:00 [SocketService] [RECIBIDO]| #1 | SID:262 | 35B | login [DATA]: {voice=true, orientation=false, contactless=false, data=2026-09-23T13:21, ticket=true, geofence=38, gps=false, schedule=10:35, ads=false, route=1, trip=39152, driver=null, calls=true, padron=124, id=15, state=R, map=false, placa=BCG906, direction=true, order=1}
2026-09-23 13:20:59 [SocketService] 🔒 WakeLock + WifiLock adquiridos
2026-09-23 13:20:59 [SocketService] [ENVIADO] | [NUEVO] (18B) [KEY]: login [DATA]: {serial=864255060447047}
2026-09-23 13:20:59 [SocketService] 🔑 Enviando login handshake (864255060447047)
2026-09-23 13:20:59 [SocketService] ✅ CONECTADO [ID: 262] en 87507802ms - Code: 101
2026-09-23 13:20:58 [SocketService] 🔄 Conectando [ID: 262] a ws://34.71.11.201:22222?schema=android&gps=true&console=true&version=2
2026-09-23 13:20:58 [SocketService] ✅ Recursos completamente limpiados
2026-09-23 13:20:58 [GpsViewModel] No hay conexión. Se omite procesamiento.
2026-09-23 13:20:58 [SocketService] 🔄 Nuevo Socket ID: 262
2026-09-23 13:20:58 [SocketService] ⏰ Watchdog: 123208ms sin mensajes, forzando reconexión
2026-09-23 13:20:58 [SocketService] 🧹 Limpiando recursos [ID: 261]
2026-09-23 13:19:14 [ParaderoManager] Paradero más cercano: Paradero(id=2, lado=false, ruta=Ruta(id=1, codigo=1493, inicio=null, activo=false), activo=true, nombre=PORTON, orden=2, latitud=-11.932748232704121, liquidar=false, longitud=-76.96870172206671, radio=50.0, velocidad=50.0, terminal=false, audio=PORTON)
2026-09-23 13:18:55 [SocketMessageDispatcher] Mensaje: Header: forward_datero, Data: {trip=39152, geofence=38, time=2026-09-23T13:18:54, dateros=[{delta=13, padron=124}, {delta=11, padron=128}, {delta=14, padron=107}, {delta=17, padron=146}, {delta=6, padron=131}]}
2026-09-23 13:18:55 [SocketService] [RECIBIDO]| #11 | SID:261 | 32B | forward_datero [DATA]: {trip=39152, geofence=38, time=2026-09-23T13:18:54, dateros=[{delta=13, padron=124}, {delta=11, padron=128}, {delta=14, padron=107}, {delta=17, padron=146}, {delta=6, padron=131}]}
2026-09-23 13:18:55 [SocketMessageDispatcher] Mensaje: Header: mark, Data: {volada=47, trip=39152, geofence=38, id=1136940, state=M, timestamp=2026-09-23T13:18:54}
2026-09-23 13:18:55 [SocketService] [RECIBIDO]| #10 | SID:261 | 25B | mark [DATA]: {volada=47, trip=39152, geofence=38, id=1136940, state=M, timestamp=2026-09-23T13:18:54}
2026-09-23 13:18:47 [ParaderoManager] Paradero actual: PORTÓN (id=17)
2026-09-23 13:18:47 [DRIVERAUTO] Primera sesión obtenida: SessionDriver(id=35417, driver_id=131, driver_code=ID131, activo=true, castigado=false, conductor=true, vencido=false, route=1, direction=false, start_time=2026-09-23T06:18:59, autoLogin=true)
2026-09-23 13:18:37 [SocketMessageDispatcher] Mensaje: Header: backward_datero, Data: {pad=132, geofence=27, delta=36, orden=0, id=1405429667}
2026-09-23 13:18:37 [SocketService] [RECIBIDO]| #9 | SID:261 | 19B | backward_datero [DATA]: {pad=132, geofence=27, delta=36, orden=0, id=1405429667}
2026-09-23 13:18:08 [ParaderoManager] Paradero más cercano: Paradero(id=17, lado=true, ruta=Ruta(id=1, codigo=1493, inicio=null, activo=false), activo=true, nombre=PORTÓN, orden=20, latitud=-11.934689065833092, liquidar=true, longitud=-76.96993722941288, radio=132.0, velocidad=50.0, terminal=true, audio=PORTÓN)
2026-09-23 13:17:30 [ProtectorVM] TEMP: 45.5C -> cap térmico 63%
2026-09-23 13:17:30 [ProtectorVM] temp: 45.5C
2026-09-23 13:17:18 [SocketMessageDispatcher] Mensaje: Header: report, Data: {positions=1}
2026-09-23 13:17:18 [SocketService] [RECIBIDO]| #7 | SID:261 | 3B | report [DATA]: {positions=1}
2026-09-23 13:17:17 [SocketService] [ENVIADO] | [NUEVO] (36B) [KEY]: report [DATA]: {trip=39152, route=1, positions=[{lng=-76.9721898, busstop=0, angle=314, accuracy=9, time=2026-09-23T13:17:17.899295, lat=-11.9396603, speed=7, mark=0}], state=R, sales=0, events=[], direction=true}
2026-09-23 13:17:17 [PositionRepository] 📤 Enviando 1 (batch=2, pendientes=1)
2026-09-23 13:17:17 [LocationTrackingService] GPS desactivado - Pulso cada 5 min acc:9.935m
2026-09-23 13:16:44 [SocketMessageDispatcher] Mensaje: Header: forward_datero, Data: {trip=39152, geofence=37, time=2026-09-23T13:16:43, dateros=[{delta=14, padron=124}, {delta=11, padron=128}, {delta=14, padron=107}, {delta=17, padron=146}, {delta=6, padron=131}]}
2026-09-23 13:16:44 [SocketService] [RECIBIDO]| #6 | SID:261 | 32B | forward_datero [DATA]: {trip=39152, geofence=37, time=2026-09-23T13:16:43, dateros=[{delta=14, padron=124}, {delta=11, padron=128}, {delta=14, padron=107}, {delta=17, padron=146}, {delta=6, padron=131}]}
2026-09-23 13:16:44 [SocketMessageDispatcher] Mensaje: Header: mark, Data: {volada=48, trip=39152, geofence=37, id=1136939, state=M, timestamp=2026-09-23T13:16:43}
2026-09-23 13:16:44 [SocketService] [RECIBIDO]| #5 | SID:261 | 25B | mark [DATA]: {volada=48, trip=39152, geofence=37, id=1136939, state=M, timestamp=2026-09-23T13:16:43}
2026-09-23 13:16:00 [SocketMessageDispatcher] Mensaje: Header: forward_datero_hide, Data: {trip=39152, geofence=36, time=2026-09-23T13:13:02, dateros=[{delta=14, padron=124}, {delta=11, padron=128}, {delta=14, padron=107}, {delta=17, padron=146}, {delta=6, padron=131}]}
2026-09-23 13:16:00 [SocketMessageDispatcher] Mensaje: Header: backward_datero_hide, Data: {pad=132, geofence=26, delta=37, orden=0, id=6334819257}
2026-09-23 13:16:00 [SocketMessageDispatcher] Mensaje: Header: salida, Data: {lado=true, estado=R, frecuencia=16, ruta=1, geocerca=36, controles=[{volada=0, tiempo=0, geocerca=53}, {volada=0, tiempo=5, geocerca=67}, {volada=-4, tiempo=10, geocerca=54}, {volada=-6, tiempo=6, geocerca=68}, {volada=-10, tiempo=6, geocerca=55}, {volada=-9, tiempo=5, geocerca=69}, {volada=-12, tiempo=12, geocerca=56}, {volada=-15, tiempo=8, geocerca=57}, {volada=-15, tiempo=9, geocerca=58}, {volada=-17, tiempo=10, geocerca=59}, {volada=-18, tiempo=7, geocerca=60}, {volada=-12, tiempo=0, geocerca=61}, {volada=-6, tiempo=0, geocerca=62}, {volada=-4, tiempo=0, geocerca=63}, {volada=3, tiempo=0, geocerca=64}, {volada=11, tiempo=0, geocerca=65}, {volada=0, tiempo=0, geocerca=66}, {volada=35, tiempo=0, geocerca=3}, {volada=32, tiempo=6, geocerca=22}, {volada=33, tiempo=3, geocerca=23}, {volada=36, tiempo=3, geocerca=24}, {volada=37, tiempo=3, geocerca=25}, {volada=40, tiempo=3, geocerca=26}, {volada=43, tiempo=3, geocerca=27}, {volada=44, tiempo=3, geocerca=28}, {volada=43, tiempo=3, geocerca=29}, {volada=44, tiempo=2, geocerca=30}, {volada=43, tiempo=2, geocerca=31}, {volada=43, tiempo=3, geocerca=32}, {volada=43, tiempo=4, geocerca=33}, {volada=43, tiempo=3, geocerca=34}, {volada=46, tiempo=3, geocerca=35}, {volada=48, tiempo=3, geocerca=36}, {volada=0, tiempo=3, geocerca=37}, {volada=0, tiempo=3, geocerca=38}, {volada=0, tiempo=5, geocerca=4}], inicio=2026-09-23T10:20, marcados=[false, false, true, true, true, true, true, true, true, true, true, true, true, true, true, true, false, true, true, true, true, true, true, true, true, true, true, true, true, true, true, true, true, false, false, false], id=39152, conductor=131}
2026-09-23 13:16:00 [SocketService] [RECIBIDO]| #3 | SID:261 | 20B | backward_datero_hide [DATA]: {pad=132, geofence=26, delta=37, orden=0, id=6334819257}
2026-09-23 13:16:00 [SocketService] [RECIBIDO]| #4 | SID:261 | 31B | forward_datero_hide [DATA]: {trip=39152, geofence=36, time=2026-09-23T13:13:02, dateros=[{delta=14, padron=124}, {delta=11, padron=128}, {delta=14, padron=107}, {delta=17, padron=146}, {delta=6, padron=131}]}
2026-09-23 13:15:59 [SocketService] [RECIBIDO]| #2 | SID:261 | 245B | salida [DATA]: {lado=true, estado=R, frecuencia=16, ruta=1, geocerca=36, controles=[{volada=0, tiempo=0, geocerca=53}, {volada=0, tiempo=5, geocerca=67}, {volada=-4, tiempo=10, geocerca=54}, {volada=-6, tiempo=6, geocerca=68}, {volada=-10, tiempo=6, geocerca=55}, {volada=-9, tiempo=5, geocerca=69}, {volada=-12, tiempo=12, geocerca=56}, {volada=-15, tiempo=8, geocerca=57}, {volada=-15, tiempo=9, geocerca=58}, {volada=-17, tiempo=10, geocerca=59}, {volada=-18, tiempo=7, geocerca=60}, {volada=-12, tiempo=0, geocerca=61}, {volada=-6, tiempo=0, geocerca=62}, {volada=-4, tiempo=0, geocerca=63}, {volada=3, tiempo=0, geocerca=64}, {volada=11, tiempo=0, geocerca=65}, {volada=0, tiempo=0, geocerca=66}, {volada=35, tiempo=0, geocerca=3}, {volada=32, tiempo=6, geocerca=22}, {volada=33, tiempo=3, geocerca=23}, {volada=36, tiempo=3, geocerca=24}, {volada=37, tiempo=3, geocerca=25}, {volada=40, tiempo=3, geocerca=26}, {volada=43, tiempo=3, geocerca=27}, {volada=44, tiempo=3, geocerca=28}, {volada=43, tiempo=3, geocerca=29}, {volada=44, tiempo=2, geocerca=30}, {volada=43, tiempo=2, geocerca=31}, {volada=43, tiempo=3, geocerca=32}, {volada=43, tiempo=4, geocerca=33}, {volada=43, tiempo=3, geocerca=34}, {volada=46, tiempo=3, geocerca=35}, {volada=48, tiempo=3, geocerca=36}, {volada=0, tiempo=3, geocerca=37}, {volada=0, tiempo=3, geocerca=38}, {volada=0, tiempo=5, geocerca=4}], inicio=2026-09-23T10:20, marcados=[false, false, true, true, true, true, true, true, true, true, true, true, true, true, true, true, false, true, true, true, true, true, true, true, true, true, true, true, true, true, true, true, true, false, false, false], id=39152, conductor=131}
2026-09-23 13:15:59 [SocketService] [ENVIADO] | [NUEVO] (3B) [KEY]: backward_datero [DATA]: {id=0}
2026-09-23 13:15:59 [SocketService] [ENVIADO] | [NUEVO] (4B) [KEY]: forward_datero [DATA]: {id=0}
2026-09-23 13:15:59 [SocketService] [ENVIADO] | [NUEVO] (7B) [KEY]: salida [DATA]: {limit=0, salida=39152}
2026-09-23 13:15:59 [SocketMessageDispatcher] ✅ Login confirmado por servidor (sesión OK)
2026-09-23 13:15:59 [SocketMessageDispatcher] Mensaje: Header: login, Data: {voice=true, orientation=false, contactless=false, data=2026-09-23T13:15:59, ticket=true, geofence=36, gps=false, schedule=10:35, ads=false, route=1, trip=39152, driver=null, calls=true, padron=124, id=15, state=R, map=false, placa=BCG906, direction=true, order=1}
2026-09-23 13:15:59 [SocketService] [RECIBIDO]| #1 | SID:261 | 35B | login [DATA]: {voice=true, orientation=false, contactless=false, data=2026-09-23T13:15:59, ticket=true, geofence=36, gps=false, schedule=10:35, ads=false, route=1, trip=39152, driver=null, calls=true, padron=124, id=15, state=R, map=false, placa=BCG906, direction=true, order=1}
2026-09-23 13:15:58 [SocketService] 🔒 WakeLock + WifiLock adquiridos
2026-09-23 13:15:58 [SocketService] [ENVIADO] | [NUEVO] (18B) [KEY]: login [DATA]: {serial=864255060447047}
2026-09-23 13:15:58 [SocketService] 🔑 Enviando login handshake (864255060447047)
2026-09-23 13:15:58 [ERROR-SocketService] ℹ️ Reconexión cancelada
2026-09-23 13:15:58 [SocketService] ✅ CONECTADO [ID: 261] en 87207073ms - Code: 101
2026-09-23 13:15:58 [SocketService] 🔄 Reconexión #1 en 500ms
2026-09-23 13:15:58 [ERROR-SocketService] ❌ [onFailure] [ID: 260]: Socket closed
2026-09-23 13:15:58 [SocketService] 🔄 Conectando [ID: 261] a ws://34.71.11.201:22222?schema=android&gps=true&console=true&version=2
2026-09-23 13:15:58 [SocketService] ✅ Recursos completamente limpiados
2026-09-23 13:15:58 [GpsViewModel] No hay conexión. Se omite procesamiento.
2026-09-23 13:15:58 [SocketService] 🔄 Nuevo Socket ID: 261
2026-09-23 13:15:58 [SocketService] ⏰ Watchdog: 129657ms sin mensajes, forzando reconexión
2026-09-23 13:15:58 [SocketService] 🧹 Limpiando recursos [ID: 260]
2026-09-23 13:13:48 [SocketMessageDispatcher] Mensaje: Header: backward_datero, Data: {pad=132, geofence=26, delta=37, orden=0, id=6334819257}
2026-09-23 13:13:48 [SocketService] [RECIBIDO]| #9 | SID:260 | 19B | backward_datero [DATA]: {pad=132, geofence=26, delta=37, orden=0, id=6334819257}
2026-09-23 13:13:03 [SocketMessageDispatcher] Mensaje: Header: forward_datero, Data: {trip=39152, geofence=36, time=2026-09-23T13:13:02, dateros=[{delta=14, padron=124}, {delta=11, padron=128}, {delta=14, padron=107}, {delta=17, padron=146}, {delta=6, padron=131}]}
2026-09-23 13:13:03 [SocketMessageDispatcher] Mensaje: Header: mark, Data: {volada=48, trip=39152, geofence=36, id=1136938, state=M, timestamp=2026-09-23T13:13:02}
2026-09-23 13:13:03 [SocketService] [RECIBIDO]| #7 | SID:260 | 32B | forward_datero [DATA]: {trip=39152, geofence=36, time=2026-09-23T13:13:02, dateros=[{delta=14, padron=124}, {delta=11, padron=128}, {delta=14, padron=107}, {delta=17, padron=146}, {delta=6, padron=131}]}
2026-09-23 13:13:03 [SocketService] [RECIBIDO]| #6 | SID:260 | 25B | mark [DATA]: {volada=48, trip=39152, geofence=36, id=1136938, state=M, timestamp=2026-09-23T13:13:02}
2026-09-23 13:12:30 [ProtectorVM] temp: 44.8C
2026-09-23 13:12:30 [ProtectorVM] TEMP: 44.8C -> cap térmico 68%
2026-09-23 13:12:18 [SocketMessageDispatcher] Mensaje: Header: report, Data: {positions=1}
2026-09-23 13:12:18 [SocketService] [RECIBIDO]| #5 | SID:260 | 3B | report [DATA]: {positions=1}
2026-09-23 13:12:17 [SocketService] [ENVIADO] | [NUEVO] (36B) [KEY]: report [DATA]: {trip=39152, route=1, positions=[{lng=-76.9806613, busstop=0, angle=31, accuracy=9, time=2026-09-23T13:12:17.897508, lat=-11.9502666, speed=25, mark=0}], state=R, sales=0, events=[], direction=true}
2026-09-23 13:12:17 [PositionRepository] 📤 Enviando 1 (batch=2, pendientes=1)
2026-09-23 13:12:17 [LocationTrackingService] GPS desactivado - Pulso cada 5 min acc:9.935m
2026-09-23 13:11:29 [SocketMessageDispatcher] Mensaje: Header: backward_datero_hide, Data: {pad=132, geofence=25, delta=37, orden=0, id=1500521498}
2026-09-23 13:11:29 [SocketMessageDispatcher] Mensaje: Header: forward_datero_hide, Data: {trip=39152, geofence=35, time=2026-09-23T13:08:59, dateros=[{delta=14, padron=124}, {delta=11, padron=128}, {delta=14, padron=107}, {delta=18, padron=146}, {delta=7, padron=131}]}
2026-09-23 13:11:29 [SocketMessageDispatcher] Mensaje: Header: salida, Data: {lado=true, estado=R, frecuencia=16, ruta=1, geocerca=35, controles=[{volada=0, tiempo=0, geocerca=53}, {volada=0, tiempo=5, geocerca=67}, {volada=-4, tiempo=10, geocerca=54}, {volada=-6, tiempo=6, geocerca=68}, {volada=-10, tiempo=6, geocerca=55}, {volada=-9, tiempo=5, geocerca=69}, {volada=-12, tiempo=12, geocerca=56}, {volada=-15, tiempo=8, geocerca=57}, {volada=-15, tiempo=9, geocerca=58}, {volada=-17, tiempo=10, geocerca=59}, {volada=-18, tiempo=7, geocerca=60}, {volada=-12, tiempo=0, geocerca=61}, {volada=-6, tiempo=0, geocerca=62}, {volada=-4, tiempo=0, geocerca=63}, {volada=3, tiempo=0, geocerca=64}, {volada=11, tiempo=0, geocerca=65}, {volada=0, tiempo=0, geocerca=66}, {volada=35, tiempo=0, geocerca=3}, {volada=32, tiempo=6, geocerca=22}, {volada=33, tiempo=3, geocerca=23}, {volada=36, tiempo=3, geocerca=24}, {volada=37, tiempo=3, geocerca=25}, {volada=40, tiempo=3, geocerca=26}, {volada=43, tiempo=3, geocerca=27}, {volada=44, tiempo=3, geocerca=28}, {volada=43, tiempo=3, geocerca=29}, {volada=44, tiempo=2, geocerca=30}, {volada=43, tiempo=2, geocerca=31}, {volada=43, tiempo=3, geocerca=32}, {volada=43, tiempo=4, geocerca=33}, {volada=43, tiempo=3, geocerca=34}, {volada=46, tiempo=3, geocerca=35}, {volada=0, tiempo=3, geocerca=36}, {volada=0, tiempo=3, geocerca=37}, {volada=0, tiempo=3, geocerca=38}, {volada=0, tiempo=5, geocerca=4}], inicio=2026-09-23T10:20, marcados=[false, false, true, true, true, true, true, true, true, true, true, true, true, true, true, true, false, true, true, true, true, true, true, true, true, true, true, true, true, true, true, true, false, false, false, false], id=39152, conductor=131}
2026-09-23 13:11:29 [SocketService] [RECIBIDO]| #4 | SID:260 | 20B | backward_datero_hide [DATA]: {pad=132, geofence=25, delta=37, orden=0, id=1500521498}
2026-09-23 13:11:29 [SocketService] [RECIBIDO]| #3 | SID:260 | 31B | forward_datero_hide [DATA]: {trip=39152, geofence=35, time=2026-09-23T13:08:59, dateros=[{delta=14, padron=124}, {delta=11, padron=128}, {delta=14, padron=107}, {delta=18, padron=146}, {delta=7, padron=131}]}
2026-09-23 13:11:29 [SocketService] [RECIBIDO]| #2 | SID:260 | 245B | salida [DATA]: {lado=true, estado=R, frecuencia=16, ruta=1, geocerca=35, controles=[{volada=0, tiempo=0, geocerca=53}, {volada=0, tiempo=5, geocerca=67}, {volada=-4, tiempo=10, geocerca=54}, {volada=-6, tiempo=6, geocerca=68}, {volada=-10, tiempo=6, geocerca=55}, {volada=-9, tiempo=5, geocerca=69}, {volada=-12, tiempo=12, geocerca=56}, {volada=-15, tiempo=8, geocerca=57}, {volada=-15, tiempo=9, geocerca=58}, {volada=-17, tiempo=10, geocerca=59}, {volada=-18, tiempo=7, geocerca=60}, {volada=-12, tiempo=0, geocerca=61}, {volada=-6, tiempo=0, geocerca=62}, {volada=-4, tiempo=0, geocerca=63}, {volada=3, tiempo=0, geocerca=64}, {volada=11, tiempo=0, geocerca=65}, {volada=0, tiempo=0, geocerca=66}, {volada=35, tiempo=0, geocerca=3}, {volada=32, tiempo=6, geocerca=22}, {volada=33, tiempo=3, geocerca=23}, {volada=36, tiempo=3, geocerca=24}, {volada=37, tiempo=3, geocerca=25}, {volada=40, tiempo=3, geocerca=26}, {volada=43, tiempo=3, geocerca=27}, {volada=44, tiempo=3, geocerca=28}, {volada=43, tiempo=3, geocerca=29}, {volada=44, tiempo=2, geocerca=30}, {volada=43, tiempo=2, geocerca=31}, {volada=43, tiempo=3, geocerca=32}, {volada=43, tiempo=4, geocerca=33}, {volada=43, tiempo=3, geocerca=34}, {volada=46, tiempo=3, geocerca=35}, {volada=0, tiempo=3, geocerca=36}, {volada=0, tiempo=3, geocerca=37}, {volada=0, tiempo=3, geocerca=38}, {volada=0, tiempo=5, geocerca=4}], inicio=2026-09-23T10:20, marcados=[false, false, true, true, true, true, true, true, true, true, true, true, true, true, true, true, false, true, true, true, true, true, true, true, true, true, true, true, true, true, true, true, false, false, false, false], id=39152, conductor=131}
2026-09-23 13:11:28 [SocketService] [ENVIADO] | [NUEVO] (3B) [KEY]: backward_datero [DATA]: {id=0}
2026-09-23 13:11:28 [SocketService] [ENVIADO] | [NUEVO] (4B) [KEY]: forward_datero [DATA]: {id=0}
2026-09-23 13:11:28 [SocketService] [ENVIADO] | [NUEVO] (7B) [KEY]: salida [DATA]: {limit=0, salida=39152}
2026-09-23 13:11:28 [SocketMessageDispatcher] ✅ Login confirmado por servidor (sesión OK)
2026-09-23 13:11:28 [SocketMessageDispatcher] Mensaje: Header: login, Data: {voice=true, orientation=false, contactless=false, data=2026-09-23T13:11:28, ticket=true, geofence=35, gps=false, schedule=10:35, ads=false, route=1, trip=39152, driver=null, calls=true, padron=124, id=15, state=R, map=false, placa=BCG906, direction=true, order=1}
2026-09-23 13:11:28 [SocketService] [RECIBIDO]| #1 | SID:260 | 35B | login [DATA]: {voice=true, orientation=false, contactless=false, data=2026-09-23T13:11:28, ticket=true, geofence=35, gps=false, schedule=10:35, ads=false, route=1, trip=39152, driver=null, calls=true, padron=124, id=15, state=R, map=false, placa=BCG906, direction=true, order=1}
2026-09-23 13:11:28 [SocketService] 🔒 WakeLock + WifiLock adquiridos
2026-09-23 13:11:28 [SocketService] [ENVIADO] | [NUEVO] (18B) [KEY]: login [DATA]: {serial=864255060447047}
2026-09-23 13:11:28 [SocketService] 🔑 Enviando login handshake (864255060447047)
2026-09-23 13:11:28 [SocketService] ✅ CONECTADO [ID: 260] en 86936555ms - Code: 101
2026-09-23 13:11:27 [SocketService] ✅ Recursos completamente limpiados
2026-09-23 13:11:27 [SocketService] 🔄 Conectando [ID: 260] a ws://34.71.11.201:22222?schema=android&gps=true&console=true&version=2
2026-09-23 13:11:27 [SocketService] 🔄 Nuevo Socket ID: 260
2026-09-23 13:11:27 [GpsViewModel] No hay conexión. Se omite procesamiento.
2026-09-23 13:11:27 [SocketService] 🧹 Limpiando recursos [ID: 259]
2026-09-23 13:11:27 [SocketService] ⏰ Watchdog: 147223ms sin mensajes, forzando reconexión
2026-09-23 13:10:32 [ParaderoManager] Paradero más cercano: Paradero(id=3, lado=false, ruta=Ruta(id=1, codigo=1493, inicio=null, activo=false), activo=true, nombre=AV. CENTRAL, orden=3, latitud=-11.939571880082564, liquidar=false, longitud=-76.97244333449471, radio=50.0, velocidad=50.0, terminal=false, audio=AV. CENTRAL)
2026-09-23 13:09:00 [SocketMessageDispatcher] Mensaje: Header: forward_datero, Data: {trip=39152, geofence=35, time=2026-09-23T13:08:59, dateros=[{delta=14, padron=124}, {delta=11, padron=128}, {delta=14, padron=107}, {delta=18, padron=146}, {delta=7, padron=131}]}
2026-09-23 13:09:00 [SocketMessageDispatcher] Mensaje: Header: mark, Data: {volada=46, trip=39152, geofence=35, id=1136937, state=M, timestamp=2026-09-23T13:08:59}
2026-09-23 13:09:00 [SocketService] [RECIBIDO]| #9 | SID:259 | 32B | forward_datero [DATA]: {trip=39152, geofence=35, time=2026-09-23T13:08:59, dateros=[{delta=14, padron=124}, {delta=11, padron=128}, {delta=14, padron=107}, {delta=18, padron=146}, {delta=7, padron=131}]}
2026-09-23 13:09:00 [SocketService] [RECIBIDO]| #8 | SID:259 | 25B | mark [DATA]: {volada=46, trip=39152, geofence=35, id=1136937, state=M, timestamp=2026-09-23T13:08:59}
2026-09-23 13:07:42 [SocketMessageDispatcher] Mensaje: Header: backward_datero, Data: {pad=132, geofence=25, delta=37, orden=0, id=1500521498}
2026-09-23 13:07:42 [SocketService] [RECIBIDO]| #6 | SID:259 | 19B | backward_datero [DATA]: {pad=132, geofence=25, delta=37, orden=0, id=1500521498}
2026-09-23 13:07:30 [ProtectorVM] temp: 44.5C
2026-09-23 13:07:30 [ProtectorVM] TEMP: 44.5C -> cap térmico 70%
2026-09-23 13:07:15 [SocketMessageDispatcher] Mensaje: Header: report, Data: {positions=1}
2026-09-23 13:07:15 [SocketService] [RECIBIDO]| #5 | SID:259 | 3B | report [DATA]: {positions=1}
2026-09-23 13:07:14 [SocketService] [ENVIADO] | [NUEVO] (36B) [KEY]: report [DATA]: {trip=39152, route=1, positions=[{lng=-76.9841945, busstop=0, angle=0, accuracy=3, time=2026-09-23T13:07:14.915821, lat=-11.9609642, speed=0, mark=0}], state=R, sales=0, events=[], direction=true}
2026-09-23 13:07:14 [PositionRepository] 📤 Enviando 1 (batch=2, pendientes=1)
2026-09-23 13:07:14 [LocationTrackingService] GPS desactivado - Pulso cada 5 min acc:3.79m
2026-09-23 13:05:59 [SocketMessageDispatcher] Mensaje: Header: backward_datero_hide, Data: {pad=132, geofence=24, delta=37, orden=0, id=3098044977}
2026-09-23 13:05:59 [SocketMessageDispatcher] Mensaje: Header: forward_datero_hide, Data: {trip=39152, geofence=34, time=2026-09-23T13:02:26, dateros=[{delta=12, padron=124}, {delta=12, padron=128}, {delta=14, padron=107}, {delta=16, padron=146}, {delta=8, padron=131}]}
2026-09-23 13:05:59 [SocketMessageDispatcher] Mensaje: Header: salida, Data: {lado=true, estado=R, frecuencia=16, ruta=1, geocerca=34, controles=[{volada=0, tiempo=0, geocerca=53}, {volada=0, tiempo=5, geocerca=67}, {volada=-4, tiempo=10, geocerca=54}, {volada=-6, tiempo=6, geocerca=68}, {volada=-10, tiempo=6, geocerca=55}, {volada=-9, tiempo=5, geocerca=69}, {volada=-12, tiempo=12, geocerca=56}, {volada=-15, tiempo=8, geocerca=57}, {volada=-15, tiempo=9, geocerca=58}, {volada=-17, tiempo=10, geocerca=59}, {volada=-18, tiempo=7, geocerca=60}, {volada=-12, tiempo=0, geocerca=61}, {volada=-6, tiempo=0, geocerca=62}, {volada=-4, tiempo=0, geocerca=63}, {volada=3, tiempo=0, geocerca=64}, {volada=11, tiempo=0, geocerca=65}, {volada=0, tiempo=0, geocerca=66}, {volada=35, tiempo=0, geocerca=3}, {volada=32, tiempo=6, geocerca=22}, {volada=33, tiempo=3, geocerca=23}, {volada=36, tiempo=3, geocerca=24}, {volada=37, tiempo=3, geocerca=25}, {volada=40, tiempo=3, geocerca=26}, {volada=43, tiempo=3, geocerca=27}, {volada=44, tiempo=3, geocerca=28}, {volada=43, tiempo=3, geocerca=29}, {volada=44, tiempo=2, geocerca=30}, {volada=43, tiempo=2, geocerca=31}, {volada=43, tiempo=3, geocerca=32}, {volada=43, tiempo=4, geocerca=33}, {volada=43, tiempo=3, geocerca=34}, {volada=0, tiempo=3, geocerca=35}, {volada=0, tiempo=3, geocerca=36}, {volada=0, tiempo=3, geocerca=37}, {volada=0, tiempo=3, geocerca=38}, {volada=0, tiempo=5, geocerca=4}], inicio=2026-09-23T10:20, marcados=[false, false, true, true, true, true, true, true, true, true, true, true, true, true, true, true, false, true, true, true, true, true, true, true, true, true, true, true, true, true, true, false, false, false, false, false], id=39152, conductor=131}
2026-09-23 13:05:58 [SocketService] [RECIBIDO]| #4 | SID:259 | 20B | backward_datero_hide [DATA]: {pad=132, geofence=24, delta=37, orden=0, id=3098044977}
2026-09-23 13:05:58 [SocketService] [RECIBIDO]| #3 | SID:259 | 31B | forward_datero_hide [DATA]: {trip=39152, geofence=34, time=2026-09-23T13:02:26, dateros=[{delta=12, padron=124}, {delta=12, padron=128}, {delta=14, padron=107}, {delta=16, padron=146}, {delta=8, padron=131}]}
2026-09-23 13:05:58 [SocketService] [RECIBIDO]| #2 | SID:259 | 245B | salida [DATA]: {lado=true, estado=R, frecuencia=16, ruta=1, geocerca=34, controles=[{volada=0, tiempo=0, geocerca=53}, {volada=0, tiempo=5, geocerca=67}, {volada=-4, tiempo=10, geocerca=54}, {volada=-6, tiempo=6, geocerca=68}, {volada=-10, tiempo=6, geocerca=55}, {volada=-9, tiempo=5, geocerca=69}, {volada=-12, tiempo=12, geocerca=56}, {volada=-15, tiempo=8, geocerca=57}, {volada=-15, tiempo=9, geocerca=58}, {volada=-17, tiempo=10, geocerca=59}, {volada=-18, tiempo=7, geocerca=60}, {volada=-12, tiempo=0, geocerca=61}, {volada=-6, tiempo=0, geocerca=62}, {volada=-4, tiempo=0, geocerca=63}, {volada=3, tiempo=0, geocerca=64}, {volada=11, tiempo=0, geocerca=65}, {volada=0, tiempo=0, geocerca=66}, {volada=35, tiempo=0, geocerca=3}, {volada=32, tiempo=6, geocerca=22}, {volada=33, tiempo=3, geocerca=23}, {volada=36, tiempo=3, geocerca=24}, {volada=37, tiempo=3, geocerca=25}, {volada=40, tiempo=3, geocerca=26}, {volada=43, tiempo=3, geocerca=27}, {volada=44, tiempo=3, geocerca=28}, {volada=43, tiempo=3, geocerca=29}, {volada=44, tiempo=2, geocerca=30}, {volada=43, tiempo=2, geocerca=31}, {volada=43, tiempo=3, geocerca=32}, {volada=43, tiempo=4, geocerca=33}, {volada=43, tiempo=3, geocerca=34}, {volada=0, tiempo=3, geocerca=35}, {volada=0, tiempo=3, geocerca=36}, {volada=0, tiempo=3, geocerca=37}, {volada=0, tiempo=3, geocerca=38}, {volada=0, tiempo=5, geocerca=4}], inicio=2026-09-23T10:20, marcados=[false, false, true, true, true, true, true, true, true, true, true, true, true, true, true, true, false, true, true, true, true, true, true, true, true, true, true, true, true, true, true, false, false, false, false, false], id=39152, conductor=131}
2026-09-23 13:05:58 [SocketService] [ENVIADO] | [NUEVO] (3B) [KEY]: backward_datero [DATA]: {id=0}
2026-09-23 13:05:58 [SocketService] [ENVIADO] | [NUEVO] (4B) [KEY]: forward_datero [DATA]: {id=0}
2026-09-23 13:05:58 [SocketService] [ENVIADO] | [NUEVO] (7B) [KEY]: salida [DATA]: {limit=0, salida=39152}
2026-09-23 13:05:58 [SocketMessageDispatcher] ✅ Login confirmado por servidor (sesión OK)
2026-09-23 13:05:58 [SocketMessageDispatcher] Mensaje: Header: login, Data: {voice=true, orientation=false, contactless=false, data=2026-09-23T13:05:58, ticket=true, geofence=34, gps=false, schedule=10:35, ads=false, route=1, trip=39152, driver=null, calls=true, padron=124, id=15, state=R, map=false, placa=BCG906, direction=true, order=1}
2026-09-23 13:05:58 [SocketService] [RECIBIDO]| #1 | SID:259 | 35B | login [DATA]: {voice=true, orientation=false, contactless=false, data=2026-09-23T13:05:58, ticket=true, geofence=34, gps=false, schedule=10:35, ads=false, route=1, trip=39152, driver=null, calls=true, padron=124, id=15, state=R, map=false, placa=BCG906, direction=true, order=1}
2026-09-23 13:05:57 [SocketService] 🔒 WakeLock + WifiLock adquiridos
2026-09-23 13:05:57 [SocketService] [ENVIADO] | [NUEVO] (18B) [KEY]: login [DATA]: {serial=864255060447047}
2026-09-23 13:05:57 [SocketService] 🔑 Enviando login handshake (864255060447047)
2026-09-23 13:05:57 [SocketService] ✅ CONECTADO [ID: 259] en 86605913ms - Code: 101
2026-09-23 13:05:57 [SocketService] 🔄 Conectando [ID: 259] a ws://34.71.11.201:22222?schema=android&gps=true&console=true&version=2
2026-09-23 13:05:57 [SocketService] ✅ Recursos completamente limpiados
2026-09-23 13:05:57 [SocketService] 🔄 Nuevo Socket ID: 259
2026-09-23 13:05:57 [GpsViewModel] No hay conexión. Se omite procesamiento.
2026-09-23 13:05:57 [SocketService] 🧹 Limpiando recursos [ID: 258]
2026-09-23 13:05:57 [SocketService] ⏰ Watchdog: 129148ms sin mensajes, forzando reconexión
2026-09-23 13:03:47 [SocketMessageDispatcher] Mensaje: Header: backward_datero, Data: {pad=132, geofence=24, delta=37, orden=0, id=3098044977}
2026-09-23 13:03:47 [SocketService] [RECIBIDO]| #9 | SID:258 | 19B | backward_datero [DATA]: {pad=132, geofence=24, delta=37, orden=0, id=3098044977}
2026-09-23 13:02:30 [ProtectorVM] temp: 44.5C
2026-09-23 13:02:30 [ProtectorVM] TEMP: 44.5C -> cap térmico 70%
2026-09-23 13:02:27 [SocketMessageDispatcher] Mensaje: Header: forward_datero, Data: {trip=39152, geofence=34, time=2026-09-23T13:02:26, dateros=[{delta=12, padron=124}, {delta=12, padron=128}, {delta=14, padron=107}, {delta=16, padron=146}, {delta=8, padron=131}]}
2026-09-23 13:02:27 [SocketService] [RECIBIDO]| #7 | SID:258 | 32B | forward_datero [DATA]: {trip=39152, geofence=34, time=2026-09-23T13:02:26, dateros=[{delta=12, padron=124}, {delta=12, padron=128}, {delta=14, padron=107}, {delta=16, padron=146}, {delta=8, padron=131}]}
2026-09-23 13:02:27 [SocketMessageDispatcher] Mensaje: Header: mark, Data: {volada=43, trip=39152, geofence=34, id=1136936, state=M, timestamp=2026-09-23T13:02:26}
2026-09-23 13:02:27 [SocketService] [RECIBIDO]| #6 | SID:258 | 25B | mark [DATA]: {volada=43, trip=39152, geofence=34, id=1136936, state=M, timestamp=2026-09-23T13:02:26}
2026-09-23 13:02:15 [SocketMessageDispatcher] Mensaje: Header: report, Data: {positions=1}
2026-09-23 13:02:15 [SocketService] [RECIBIDO]| #5 | SID:258 | 3B | report [DATA]: {positions=1}
2026-09-23 13:02:14 [SocketService] [ENVIADO] | [NUEVO] (36B) [KEY]: report [DATA]: {trip=39152, route=1, positions=[{lng=-76.9877852, busstop=0, angle=34, accuracy=3, time=2026-09-23T13:02:14.906226, lat=-11.9659306, speed=34, mark=0}], state=R, sales=0, events=[], direction=true}
2026-09-23 13:02:14 [PositionRepository] 📤 Enviando 1 (batch=2, pendientes=1)
2026-09-23 13:02:14 [LocationTrackingService] GPS desactivado - Pulso cada 5 min acc:3.79m
2026-09-23 13:01:58 [SocketMessageDispatcher] Mensaje: Header: backward_datero_hide, Data: {pad=132, geofence=23, delta=33, orden=0, id=8002150432}
2026-09-23 13:01:58 [SocketMessageDispatcher] Mensaje: Header: forward_datero_hide, Data: {trip=39152, geofence=33, time=2026-09-23T12:59:46, dateros=[{delta=11, padron=124}, {delta=12, padron=128}, {delta=14, padron=107}, {delta=17, padron=146}, {delta=8, padron=131}]}
2026-09-23 13:01:58 [SocketMessageDispatcher] Mensaje: Header: salida, Data: {lado=true, estado=R, frecuencia=16, ruta=1, geocerca=33, controles=[{volada=0, tiempo=0, geocerca=53}, {volada=0, tiempo=5, geocerca=67}, {volada=-4, tiempo=10, geocerca=54}, {volada=-6, tiempo=6, geocerca=68}, {volada=-10, tiempo=6, geocerca=55}, {volada=-9, tiempo=5, geocerca=69}, {volada=-12, tiempo=12, geocerca=56}, {volada=-15, tiempo=8, geocerca=57}, {volada=-15, tiempo=9, geocerca=58}, {volada=-17, tiempo=10, geocerca=59}, {volada=-18, tiempo=7, geocerca=60}, {volada=-12, tiempo=0, geocerca=61}, {volada=-6, tiempo=0, geocerca=62}, {volada=-4, tiempo=0, geocerca=63}, {volada=3, tiempo=0, geocerca=64}, {volada=11, tiempo=0, geocerca=65}, {volada=0, tiempo=0, geocerca=66}, {volada=35, tiempo=0, geocerca=3}, {volada=32, tiempo=6, geocerca=22}, {volada=33, tiempo=3, geocerca=23}, {volada=36, tiempo=3, geocerca=24}, {volada=37, tiempo=3, geocerca=25}, {volada=40, tiempo=3, geocerca=26}, {volada=43, tiempo=3, geocerca=27}, {volada=44, tiempo=3, geocerca=28}, {volada=43, tiempo=3, geocerca=29}, {volada=44, tiempo=2, geocerca=30}, {volada=43, tiempo=2, geocerca=31}, {volada=43, tiempo=3, geocerca=32}, {volada=43, tiempo=4, geocerca=33}, {volada=0, tiempo=3, geocerca=34}, {volada=0, tiempo=3, geocerca=35}, {volada=0, tiempo=3, geocerca=36}, {volada=0, tiempo=3, geocerca=37}, {volada=0, tiempo=3, geocerca=38}, {volada=0, tiempo=5, geocerca=4}], inicio=2026-09-23T10:20, marcados=[false, false, true, true, true, true, true, true, true, true, true, true, true, true, true, true, false, true, true, true, true, true, true, true, true, true, true, true, true, true, false, false, false, false, false, false], id=39152, conductor=131}
2026-09-23 13:01:58 [SocketService] [RECIBIDO]| #4 | SID:258 | 20B | backward_datero_hide [DATA]: {pad=132, geofence=23, delta=33, orden=0, id=8002150432}
2026-09-23 13:01:58 [SocketService] [RECIBIDO]| #3 | SID:258 | 31B | forward_datero_hide [DATA]: {trip=39152, geofence=33, time=2026-09-23T12:59:46, dateros=[{delta=11, padron=124}, {delta=12, padron=128}, {delta=14, padron=107}, {delta=17, padron=146}, {delta=8, padron=131}]}
2026-09-23 13:01:57 [SocketService] [RECIBIDO]| #2 | SID:258 | 245B | salida [DATA]: {lado=true, estado=R, frecuencia=16, ruta=1, geocerca=33, controles=[{volada=0, tiempo=0, geocerca=53}, {volada=0, tiempo=5, geocerca=67}, {volada=-4, tiempo=10, geocerca=54}, {volada=-6, tiempo=6, geocerca=68}, {volada=-10, tiempo=6, geocerca=55}, {volada=-9, tiempo=5, geocerca=69}, {volada=-12, tiempo=12, geocerca=56}, {volada=-15, tiempo=8, geocerca=57}, {volada=-15, tiempo=9, geocerca=58}, {volada=-17, tiempo=10, geocerca=59}, {volada=-18, tiempo=7, geocerca=60}, {volada=-12, tiempo=0, geocerca=61}, {volada=-6, tiempo=0, geocerca=62}, {volada=-4, tiempo=0, geocerca=63}, {volada=3, tiempo=0, geocerca=64}, {volada=11, tiempo=0, geocerca=65}, {volada=0, tiempo=0, geocerca=66}, {volada=35, tiempo=0, geocerca=3}, {volada=32, tiempo=6, geocerca=22}, {volada=33, tiempo=3, geocerca=23}, {volada=36, tiempo=3, geocerca=24}, {volada=37, tiempo=3, geocerca=25}, {volada=40, tiempo=3, geocerca=26}, {volada=43, tiempo=3, geocerca=27}, {volada=44, tiempo=3, geocerca=28}, {volada=43, tiempo=3, geocerca=29}, {volada=44, tiempo=2, geocerca=30}, {volada=43, tiempo=2, geocerca=31}, {volada=43, tiempo=3, geocerca=32}, {volada=43, tiempo=4, geocerca=33}, {volada=0, tiempo=3, geocerca=34}, {volada=0, tiempo=3, geocerca=35}, {volada=0, tiempo=3, geocerca=36}, {volada=0, tiempo=3, geocerca=37}, {volada=0, tiempo=3, geocerca=38}, {volada=0, tiempo=5, geocerca=4}], inicio=2026-09-23T10:20, marcados=[false, false, true, true, true, true, true, true, true, true, true, true, true, true, true, true, false, true, true, true, true, true, true, true, true, true, true, true, true, true, false, false, false, false, false, false], id=39152, conductor=131}
2026-09-23 13:01:57 [SocketService] [ENVIADO] | [NUEVO] (3B) [KEY]: backward_datero [DATA]: {id=0}
2026-09-23 13:01:57 [SocketService] [ENVIADO] | [NUEVO] (4B) [KEY]: forward_datero [DATA]: {id=0}
2026-09-23 13:01:57 [SocketService] [ENVIADO] | [NUEVO] (7B) [KEY]: salida [DATA]: {limit=0, salida=39152}
2026-09-23 13:01:57 [SocketMessageDispatcher] ✅ Login confirmado por servidor (sesión OK)
2026-09-23 13:01:57 [SocketMessageDispatcher] Mensaje: Header: login, Data: {voice=true, orientation=false, contactless=false, data=2026-09-23T13:01:57, ticket=true, geofence=33, gps=false, schedule=10:35, ads=false, route=1, trip=39152, driver=null, calls=true, padron=124, id=15, state=R, map=false, placa=BCG906, direction=true, order=1}
2026-09-23 13:01:57 [SocketService] [RECIBIDO]| #1 | SID:258 | 35B | login [DATA]: {voice=true, orientation=false, contactless=false, data=2026-09-23T13:01:57, ticket=true, geofence=33, gps=false, schedule=10:35, ads=false, route=1, trip=39152, driver=null, calls=true, padron=124, id=15, state=R, map=false, placa=BCG906, direction=true, order=1}
2026-09-23 13:01:57 [SocketService] 🔒 WakeLock + WifiLock adquiridos
2026-09-23 13:01:57 [SocketService] [ENVIADO] | [NUEVO] (18B) [KEY]: login [DATA]: {serial=864255060447047}
2026-09-23 13:01:57 [SocketService] 🔑 Enviando login handshake (864255060447047)
2026-09-23 13:01:57 [SocketService] ✅ CONECTADO [ID: 258] en 86365237ms - Code: 101
2026-09-23 13:01:56 [SocketService] ✅ Recursos completamente limpiados
2026-09-23 13:01:56 [SocketService] 🔄 Conectando [ID: 258] a ws://34.71.11.201:22222?schema=android&gps=true&console=true&version=2
2026-09-23 13:01:56 [GpsViewModel] No hay conexión. Se omite procesamiento.
2026-09-23 13:01:56 [SocketService] 🔄 Nuevo Socket ID: 258
2026-09-23 13:01:56 [SocketService] 🧹 Limpiando recursos [ID: 257]
2026-09-23 13:01:56 [SocketService] ⏰ Watchdog: 128843ms sin mensajes, forzando reconexión
2026-09-23 13:00:20 [ParaderoManager] Paradero más cercano: Paradero(id=4, lado=false, ruta=Ruta(id=1, codigo=1493, inicio=null, activo=false), activo=true, nombre=STA ROSA, orden=4, latitud=-11.97045763119205, liquidar=false, longitud=-76.99128464070169, radio=50.0, velocidad=50.0, terminal=false, audio=STA ROSA)
2026-09-23 12:59:47 [SocketMessageDispatcher] Mensaje: Header: forward_datero, Data: {trip=39152, geofence=33, time=2026-09-23T12:59:46, dateros=[{delta=11, padron=124}, {delta=12, padron=128}, {delta=14, padron=107}, {delta=17, padron=146}, {delta=8, padron=131}]}
2026-09-23 12:59:47 [SocketMessageDispatcher] Mensaje: Header: mark, Data: {volada=43, trip=39152, geofence=33, id=1136935, state=M, timestamp=2026-09-23T12:59:46}
2026-09-23 12:59:47 [SocketService] [RECIBIDO]| #11 | SID:257 | 32B | forward_datero [DATA]: {trip=39152, geofence=33, time=2026-09-23T12:59:46, dateros=[{delta=11, padron=124}, {delta=12, padron=128}, {delta=14, padron=107}, {delta=17, padron=146}, {delta=8, padron=131}]}
2026-09-23 12:59:47 [SocketService] [RECIBIDO]| #10 | SID:257 | 25B | mark [DATA]: {volada=43, trip=39152, geofence=33, id=1136935, state=M, timestamp=2026-09-23T12:59:46}
2026-09-23 12:59:41 [DRIVERAUTO] Primera sesión obtenida: SessionDriver(id=35417, driver_id=131, driver_code=ID131, activo=true, castigado=false, conductor=true, vencido=false, route=1, direction=false, start_time=2026-09-23T06:18:59, autoLogin=true)
2026-09-23 12:59:41 [ParaderoManager] Paradero actual: AV. CENTRAL (id=16)
2026-09-23 12:58:27 [SocketMessageDispatcher] Mensaje: Header: tickets, Data: {tickets=[{correlative=9390, id=6ab4134327bb27508ccc4856}]}
2026-09-23 12:58:27 [SocketService] [RECIBIDO]| #8 | SID:257 | 32B | tickets [DATA]: {tickets=[{correlative=9390, id=6ab4134327bb27508ccc4856}]}
2026-09-23 12:58:26 [SocketService] [ENVIADO] | [NUEVO] (43B) [KEY]: tickets [DATA]: {tickets=[{fare=6, correlative=9390, session=35417, busstop_end=null, inspector=null, vehicle=15, number=1345, route=1, driver=131, price=150.0, time=2026-09-23T12:58:26.502646, busstop_start=15, day=2026-09-23, payment_method=1, card=null}]}
2026-09-23 12:57:30 [ProtectorVM] temp: 44.5C
2026-09-23 12:57:30 [ProtectorVM] TEMP: 44.5C -> cap térmico 70%
2026-09-23 12:57:12 [SocketMessageDispatcher] Mensaje: Header: report, Data: {positions=1}
2026-09-23 12:57:12 [SocketService] [RECIBIDO]| #5 | SID:257 | 3B | report [DATA]: {positions=1}
2026-09-23 12:57:11 [SocketService] [ENVIADO] | [NUEVO] (36B) [KEY]: report [DATA]: {trip=39152, route=1, positions=[{lng=-76.9918527, busstop=0, angle=9, accuracy=9, time=2026-09-23T12:57:11.897042, lat=-11.9794226, speed=22, mark=0}], state=R, sales=0, events=[], direction=true}
2026-09-23 12:57:11 [PositionRepository] 📤 Enviando 1 (batch=2, pendientes=1)
2026-09-23 12:57:11 [LocationTrackingService] GPS desactivado - Pulso cada 5 min acc:9.935m
2026-09-23 12:56:59 [ParaderoManager] Paradero más cercano: Paradero(id=16, lado=true, ruta=Ruta(id=1, codigo=1493, inicio=null, activo=false), activo=true, nombre=AV. CENTRAL, orden=19, latitud=-11.971707452362327, liquidar=false, longitud=-76.99207737678509, radio=50.0, velocidad=50.0, terminal=false, audio=AV. CENTRAL)
2026-09-23 12:55:57 [SocketMessageDispatcher] Mensaje: Header: backward_datero_hide, Data: {pad=132, geofence=23, delta=33, orden=0, id=8002150432}
2026-09-23 12:55:57 [SocketMessageDispatcher] Mensaje: Header: forward_datero_hide, Data: {trip=39152, geofence=32, time=2026-09-23T12:55:52, dateros=[{delta=12, padron=124}, {delta=12, padron=128}, {delta=25, padron=107}, {delta=18, padron=146}, {delta=6, padron=131}]}
2026-09-23 12:55:57 [SocketMessageDispatcher] Mensaje: Header: salida, Data: {lado=true, estado=R, frecuencia=16, ruta=1, geocerca=32, controles=[{volada=0, tiempo=0, geocerca=53}, {volada=0, tiempo=5, geocerca=67}, {volada=-4, tiempo=10, geocerca=54}, {volada=-6, tiempo=6, geocerca=68}, {volada=-10, tiempo=6, geocerca=55}, {volada=-9, tiempo=5, geocerca=69}, {volada=-12, tiempo=12, geocerca=56}, {volada=-15, tiempo=8, geocerca=57}, {volada=-15, tiempo=9, geocerca=58}, {volada=-17, tiempo=10, geocerca=59}, {volada=-18, tiempo=7, geocerca=60}, {volada=-12, tiempo=0, geocerca=61}, {volada=-6, tiempo=0, geocerca=62}, {volada=-4, tiempo=0, geocerca=63}, {volada=3, tiempo=0, geocerca=64}, {volada=11, tiempo=0, geocerca=65}, {volada=0, tiempo=0, geocerca=66}, {volada=35, tiempo=0, geocerca=3}, {volada=32, tiempo=6, geocerca=22}, {volada=33, tiempo=3, geocerca=23}, {volada=36, tiempo=3, geocerca=24}, {volada=37, tiempo=3, geocerca=25}, {volada=40, tiempo=3, geocerca=26}, {volada=43, tiempo=3, geocerca=27}, {volada=44, tiempo=3, geocerca=28}, {volada=43, tiempo=3, geocerca=29}, {volada=44, tiempo=2, geocerca=30}, {volada=43, tiempo=2, geocerca=31}, {volada=43, tiempo=3, geocerca=32}, {volada=0, tiempo=4, geocerca=33}, {volada=0, tiempo=3, geocerca=34}, {volada=0, tiempo=3, geocerca=35}, {volada=0, tiempo=3, geocerca=36}, {volada=0, tiempo=3, geocerca=37}, {volada=0, tiempo=3, geocerca=38}, {volada=0, tiempo=5, geocerca=4}], inicio=2026-09-23T10:20, marcados=[false, false, true, true, true, true, true, true, true, true, true, true, true, true, true, true, false, true, true, true, true, true, true, true, true, true, true, true, true, false, false, false, false, false, false, false], id=39152, conductor=131}
2026-09-23 12:55:57 [SocketService] [RECIBIDO]| #4 | SID:257 | 20B | backward_datero_hide [DATA]: {pad=132, geofence=23, delta=33, orden=0, id=8002150432}
2026-09-23 12:55:57 [SocketService] [RECIBIDO]| #3 | SID:257 | 31B | forward_datero_hide [DATA]: {trip=39152, geofence=32, time=2026-09-23T12:55:52, dateros=[{delta=12, padron=124}, {delta=12, padron=128}, {delta=25, padron=107}, {delta=18, padron=146}, {delta=6, padron=131}]}
2026-09-23 12:55:57 [SocketService] [RECIBIDO]| #2 | SID:257 | 245B | salida [DATA]: {lado=true, estado=R, frecuencia=16, ruta=1, geocerca=32, controles=[{volada=0, tiempo=0, geocerca=53}, {volada=0, tiempo=5, geocerca=67}, {volada=-4, tiempo=10, geocerca=54}, {volada=-6, tiempo=6, geocerca=68}, {volada=-10, tiempo=6, geocerca=55}, {volada=-9, tiempo=5, geocerca=69}, {volada=-12, tiempo=12, geocerca=56}, {volada=-15, tiempo=8, geocerca=57}, {volada=-15, tiempo=9, geocerca=58}, {volada=-17, tiempo=10, geocerca=59}, {volada=-18, tiempo=7, geocerca=60}, {volada=-12, tiempo=0, geocerca=61}, {volada=-6, tiempo=0, geocerca=62}, {volada=-4, tiempo=0, geocerca=63}, {volada=3, tiempo=0, geocerca=64}, {volada=11, tiempo=0, geocerca=65}, {volada=0, tiempo=0, geocerca=66}, {volada=35, tiempo=0, geocerca=3}, {volada=32, tiempo=6, geocerca=22}, {volada=33, tiempo=3, geocerca=23}, {volada=36, tiempo=3, geocerca=24}, {volada=37, tiempo=3, geocerca=25}, {volada=40, tiempo=3, geocerca=26}, {volada=43, tiempo=3, geocerca=27}, {volada=44, tiempo=3, geocerca=28}, {volada=43, tiempo=3, geocerca=29}, {volada=44, tiempo=2, geocerca=30}, {volada=43, tiempo=2, geocerca=31}, {volada=43, tiempo=3, geocerca=32}, {volada=0, tiempo=4, geocerca=33}, {volada=0, tiempo=3, geocerca=34}, {volada=0, tiempo=3, geocerca=35}, {volada=0, tiempo=3, geocerca=36}, {volada=0, tiempo=3, geocerca=37}, {volada=0, tiempo=3, geocerca=38}, {volada=0, tiempo=5, geocerca=4}], inicio=2026-09-23T10:20, marcados=[false, false, true, true, true, true, true, true, true, true, true, true, true, true, true, true, false, true, true, true, true, true, true, true, true, true, true, true, true, false, false, false, false, false, false, false], id=39152, conductor=131}
2026-09-23 12:55:57 [SocketService] [ENVIADO] | [NUEVO] (4B) [KEY]: forward_datero [DATA]: {id=0}
2026-09-23 12:55:57 [SocketService] [ENVIADO] | [NUEVO] (3B) [KEY]: backward_datero [DATA]: {id=0}
2026-09-23 12:55:57 [SocketService] [ENVIADO] | [NUEVO] (7B) [KEY]: salida [DATA]: {limit=0, salida=39152}
2026-09-23 12:55:56 [SocketMessageDispatcher] ✅ Login confirmado por servidor (sesión OK)
2026-09-23 12:55:56 [SocketMessageDispatcher] Mensaje: Header: login, Data: {voice=true, orientation=false, contactless=false, data=2026-09-23T12:55:56, ticket=true, geofence=32, gps=false, schedule=10:35, ads=false, route=1, trip=39152, driver=null, calls=true, padron=124, id=15, state=R, map=false, placa=BCG906, direction=true, order=1}
2026-09-23 12:55:56 [SocketService] [RECIBIDO]| #1 | SID:257 | 35B | login [DATA]: {voice=true, orientation=false, contactless=false, data=2026-09-23T12:55:56, ticket=true, geofence=32, gps=false, schedule=10:35, ads=false, route=1, trip=39152, driver=null, calls=true, padron=124, id=15, state=R, map=false, placa=BCG906, direction=true, order=1}
2026-09-23 12:55:56 [SocketService] 🔒 WakeLock + WifiLock adquiridos
2026-09-23 12:55:56 [SocketService] [ENVIADO] | [NUEVO] (18B) [KEY]: login [DATA]: {serial=864255060447047}
2026-09-23 12:55:56 [SocketService] 🔑 Enviando login handshake (864255060447047)
2026-09-23 12:55:56 [SocketService] ✅ CONECTADO [ID: 257] en 86004623ms - Code: 101
2026-09-23 12:55:55 [SocketService] ✅ Recursos completamente limpiados
2026-09-23 12:55:55 [SocketService] 🔄 Conectando [ID: 257] a ws://34.71.11.201:22222?schema=android&gps=true&console=true&version=2
2026-09-23 12:55:55 [SocketService] 🧹 Limpiando recursos [ID: 257]
2026-09-23 12:55:55 [SocketService] 🔄 EJECUTANDO reconexión #7
2026-09-23 12:54:35 [SocketService] [ENVIADO] | [ERROR🔴] :No conectado (false)
2026-09-23 12:54:29 [SocketService] 🔄 Reconexión #7 en 86009ms
2026-09-23 12:54:29 [ERROR-SocketService] ❌ [onFailure] [ID: 257]: Failed to connect to /34.71.11.201:22222
2026-09-23 12:54:29 [SocketService] 🔄 Conectando [ID: 257] a ws://34.71.11.201:22222?schema=android&gps=true&console=true&version=2
2026-09-23 12:54:29 [SocketService] ✅ Recursos completamente limpiados
2026-09-23 12:54:29 [SocketService] 🧹 Limpiando recursos [ID: 257]
2026-09-23 12:54:29 [SocketService] 🔄 EJECUTANDO reconexión #6
2026-09-23 12:54:12 [SocketService] 🔄 Reconexión #6 en 17523ms
2026-09-23 12:54:12 [ERROR-SocketService] ❌ [onFailure] [ID: 257]: Failed to connect to /34.71.11.201:22222
2026-09-23 12:54:12 [SocketService] 🔄 Conectando [ID: 257] a ws://34.71.11.201:22222?schema=android&gps=true&console=true&version=2
2026-09-23 12:54:12 [SocketService] ✅ Recursos completamente limpiados
2026-09-23 12:54:12 [SocketService] 🧹 Limpiando recursos [ID: 257]
2026-09-23 12:54:12 [SocketService] 🔄 EJECUTANDO reconexión #5
2026-09-23 12:54:08 [DRIVERAUTO] Primera sesión obtenida: SessionDriver(id=35417, driver_id=131, driver_code=ID131, activo=true, castigado=false, conductor=true, vencido=false, route=1, direction=false, start_time=2026-09-23T06:18:59, autoLogin=true)
2026-09-23 12:54:08 [ParaderoManager] Paradero actual: AV. STA ROSA (id=15)
2026-09-23 12:54:02 [ParaderoManager] Paradero más cercano: Paradero(id=15, lado=true, ruta=Ruta(id=1, codigo=1493, inicio=null, activo=false), activo=true, nombre=AV. STA ROSA, orden=18, latitud=-11.988237112611474, liquidar=false, longitud=-76.99615361068685, radio=50.0, velocidad=50.0, terminal=false, audio=AV. STA ROSA)
2026-09-23 12:53:54 [SocketService] 🔄 Reconexión #5 en 17247ms
2026-09-23 12:53:54 [ERROR-SocketService] ❌ [onFailure] [ID: 257]: Failed to connect to /34.71.11.201:22222
2026-09-23 12:53:54 [SocketService] 🔄 Conectando [ID: 257] a ws://34.71.11.201:22222?schema=android&gps=true&console=true&version=2
2026-09-23 12:53:54 [SocketService] ✅ Recursos completamente limpiados
2026-09-23 12:53:54 [SocketService] 🧹 Limpiando recursos [ID: 257]
2026-09-23 12:53:54 [SocketService] 🔄 EJECUTANDO reconexión #4
2026-09-23 12:53:48 [SocketService] 🔄 Reconexión #4 en 6689ms
2026-09-23 12:53:48 [ERROR-SocketService] ❌ [onFailure] [ID: 257]: Failed to connect to /34.71.11.201:22222
2026-09-23 12:53:48 [SocketService] 🔄 Conectando [ID: 257] a ws://34.71.11.201:22222?schema=android&gps=true&console=true&version=2
2026-09-23 12:53:48 [SocketService] ✅ Recursos completamente limpiados
2026-09-23 12:53:48 [SocketService] 🔄 EJECUTANDO reconexión #3
2026-09-23 12:53:48 [SocketService] 🧹 Limpiando recursos [ID: 257]
2026-09-23 12:53:44 [SocketService] [ENVIADO] | [ERROR🔴] :No conectado (false)
2026-09-23 12:53:43 [SocketService] 🔄 Reconexión #3 en 4929ms
2026-09-23 12:53:43 [ERROR-SocketService] ❌ [onFailure] [ID: 257]: Failed to connect to /34.71.11.201:22222
2026-09-23 12:53:43 [SocketService] 🔄 Conectando [ID: 257] a ws://34.71.11.201:22222?schema=android&gps=true&console=true&version=2
2026-09-23 12:53:43 [SocketService] ✅ Recursos completamente limpiados
2026-09-23 12:53:43 [SocketService] 🔄 EJECUTANDO reconexión #2
2026-09-23 12:53:43 [SocketService] 🧹 Limpiando recursos [ID: 257]
2026-09-23 12:53:42 [ERROR-SocketService] ❌ [onFailure] [ID: 257]: Failed to connect to /34.71.11.201:22222
2026-09-23 12:53:42 [SocketService] 🔄 Reconexión #2 en 880ms
2026-09-23 12:53:42 [SocketService] ✅ Recursos completamente limpiados
2026-09-23 12:53:42 [SocketService] 🔄 Conectando [ID: 257] a ws://34.71.11.201:22222?schema=android&gps=true&console=true&version=2
2026-09-23 12:53:42 [SocketService] 🧹 Limpiando recursos [ID: 257]
2026-09-23 12:53:42 [SocketService] 🔄 EJECUTANDO reconexión #1
2026-09-23 12:53:41 [SocketService] 🔄 Reconexión #1 en 500ms
2026-09-23 12:53:41 [GpsViewModel] No hay conexión. Se omite procesamiento.
2026-09-23 12:53:41 [ERROR-SocketService] ❌ [onFailure] [ID: 257]: Software caused connection abort
2026-09-23 12:53:14 [ParaderoManager] Paradero más cercano: Paradero(id=5, lado=false, ruta=Ruta(id=1, codigo=1493, inicio=null, activo=false), activo=true, nombre=AV. EL SOL, orden=5, latitud=-11.989396000987927, liquidar=false, longitud=-76.99663506677095, radio=50.0, velocidad=50.0, terminal=false, audio=AV. EL SOL)
2026-09-23 12:52:31 [SocketMessageDispatcher] Mensaje: Header: forward_datero, Data: {trip=39152, geofence=31, time=2026-09-23T12:52:30, dateros=[{delta=13, padron=124}, {delta=10, padron=128}, {delta=24, padron=107}, {delta=17, padron=146}, {delta=6, padron=131}]}
2026-09-23 12:52:31 [SocketService] [RECIBIDO]| #47 | SID:257 | 32B | forward_datero [DATA]: {trip=39152, geofence=31, time=2026-09-23T12:52:30, dateros=[{delta=13, padron=124}, {delta=10, padron=128}, {delta=24, padron=107}, {delta=17, padron=146}, {delta=6, padron=131}]}
2026-09-23 12:52:31 [SocketMessageDispatcher] Mensaje: Header: mark, Data: {volada=43, trip=39152, geofence=31, id=1136933, state=M, timestamp=2026-09-23T12:52:30}
2026-09-23 12:52:31 [SocketService] [RECIBIDO]| #46 | SID:257 | 25B | mark [DATA]: {volada=43, trip=39152, geofence=31, id=1136933, state=M, timestamp=2026-09-23T12:52:30}
2026-09-23 12:52:30 [ProtectorVM] TEMP: 45.5C -> cap térmico 63%
2026-09-23 12:52:30 [ProtectorVM] temp: 45.5C
2026-09-23 12:52:11 [DRIVERAUTO] Primera sesión obtenida: SessionDriver(id=35417, driver_id=131, driver_code=ID131, activo=true, castigado=false, conductor=true, vencido=false, route=1, direction=false, start_time=2026-09-23T06:18:59, autoLogin=true)
2026-09-23 12:52:11 [ParaderoManager] Paradero actual: AV. EL SOL (id=14)
2026-09-23 12:52:09 [SocketMessageDispatcher] Mensaje: Header: report, Data: {positions=1}
2026-09-23 12:52:09 [SocketService] [RECIBIDO]| #45 | SID:257 | 3B | report [DATA]: {positions=1}
2026-09-23 12:52:09 [SocketService] [ENVIADO] | [NUEVO] (36B) [KEY]: report [DATA]: {trip=39152, route=1, positions=[{lng=-76.9990721, busstop=0, angle=43, accuracy=9, time=2026-09-23T12:52:08.933168, lat=-11.9897078, speed=12, mark=0}], state=R, sales=0, events=[], direction=true}
2026-09-23 12:52:08 [PositionRepository] 📤 Enviando 1 (batch=10, pendientes=1)
2026-09-23 12:52:08 [LocationTrackingService] GPS desactivado - Pulso cada 5 min acc:9.935m
2026-09-23 12:51:02 [SocketMessageDispatcher] Mensaje: Header: forward_datero, Data: {trip=39152, geofence=30, time=2026-09-23T12:51, dateros=[{delta=13, padron=124}, {delta=10, padron=128}, {delta=23, padron=107}, {delta=16, padron=146}, {delta=6, padron=131}]}
2026-09-23 12:51:02 [SocketService] [RECIBIDO]| #44 | SID:257 | 32B | forward_datero [DATA]: {trip=39152, geofence=30, time=2026-09-23T12:51, dateros=[{delta=13, padron=124}, {delta=10, padron=128}, {delta=23, padron=107}, {delta=16, padron=146}, {delta=6, padron=131}]}
2026-09-23 12:51:02 [SocketMessageDispatcher] Mensaje: Header: mark, Data: {volada=44, trip=39152, geofence=30, id=1136932, state=M, timestamp=2026-09-23T12:51}
2026-09-23 12:51:02 [SocketService] [RECIBIDO]| #43 | SID:257 | 25B | mark [DATA]: {volada=44, trip=39152, geofence=30, id=1136932, state=M, timestamp=2026-09-23T12:51}
2026-09-23 12:50:06 [SocketMessageDispatcher] Mensaje: Header: tickets, Data: {tickets=[{correlative=9389, id=6ab4114e27bb27508ccc415a}]}
2026-09-23 12:50:06 [SocketService] [RECIBIDO]| #39 | SID:257 | 32B | tickets [DATA]: {tickets=[{correlative=9389, id=6ab4114e27bb27508ccc415a}]}
2026-09-23 12:50:05 [SocketService] [ENVIADO] | [NUEVO] (43B) [KEY]: tickets [DATA]: {tickets=[{fare=7, correlative=9389, session=35417, busstop_end=null, inspector=null, vehicle=15, number=1858, route=1, driver=131, price=100.0, time=2026-09-23T12:50:05.651765, busstop_start=13, day=2026-09-23, payment_method=1, card=null}]}
2026-09-23 12:49:24 [SocketMessageDispatcher] Mensaje: Header: backward_datero, Data: {pad=132, geofence=22, delta=33, orden=0, id=855725632}
2026-09-23 12:49:24 [SocketService] [RECIBIDO]| #38 | SID:257 | 18B | backward_datero [DATA]: {pad=132, geofence=22, delta=33, orden=0, id=855725632}
2026-09-23 12:48:03 [SocketMessageDispatcher] Mensaje: Header: forward_datero, Data: {trip=39152, geofence=29, time=2026-09-23T12:48:02, dateros=[{delta=12, padron=124}, {delta=11, padron=128}, {delta=23, padron=107}, {delta=16, padron=146}, {delta=6, padron=131}]}
2026-09-23 12:48:03 [SocketMessageDispatcher] Mensaje: Header: mark, Data: {volada=43, trip=39152, geofence=29, id=1136931, state=M, timestamp=2026-09-23T12:48:02}
2026-09-23 12:48:03 [SocketService] [RECIBIDO]| #37 | SID:257 | 32B | forward_datero [DATA]: {trip=39152, geofence=29, time=2026-09-23T12:48:02, dateros=[{delta=12, padron=124}, {delta=11, padron=128}, {delta=23, padron=107}, {delta=16, padron=146}, {delta=6, padron=131}]}
2026-09-23 12:48:03 [SocketService] [RECIBIDO]| #36 | SID:257 | 25B | mark [DATA]: {volada=43, trip=39152, geofence=29, id=1136931, state=M, timestamp=2026-09-23T12:48:02}
2026-09-23 12:47:30 [ProtectorVM] TEMP: 43.1C -> cap térmico 79%
2026-09-23 12:47:30 [ProtectorVM] temp: 43.1C
2026-09-23 12:47:23 [ParaderoManager] Paradero más cercano: Paradero(id=14, lado=true, ruta=Ruta(id=1, codigo=1493, inicio=null, activo=false), activo=true, nombre=AV. EL SOL, orden=17, latitud=-11.989355684723067, liquidar=false, longitud=-76.99874520524043, radio=50.0, velocidad=50.0, terminal=false, audio=AV. EL SOL)
2026-09-23 12:47:09 [SocketMessageDispatcher] Mensaje: Header: report, Data: {positions=1}
2026-09-23 12:47:09 [SocketService] [RECIBIDO]| #35 | SID:257 | 3B | report [DATA]: {positions=1}
2026-09-23 12:47:09 [SocketService] [ENVIADO] | [NUEVO] (36B) [KEY]: report [DATA]: {trip=39152, route=1, positions=[{lng=-76.9996078, busstop=0, angle=339, accuracy=3, time=2026-09-23T12:47:08.927043, lat=-12.0010174, speed=39, mark=0}], state=R, sales=0, events=[], direction=true}
2026-09-23 12:47:08 [PositionRepository] 📤 Enviando 1 (batch=5, pendientes=1)
2026-09-23 12:47:08 [LocationTrackingService] GPS desactivado - Pulso cada 5 min acc:3.79m
2026-09-23 12:46:17 [SocketMessageDispatcher] Mensaje: Header: tickets, Data: {tickets=[{correlative=9388, id=6ab4106927bb27508ccc3e11}]}
2026-09-23 12:46:17 [SocketService] [RECIBIDO]| #31 | SID:257 | 32B | tickets [DATA]: {tickets=[{correlative=9388, id=6ab4106927bb27508ccc3e11}]}
2026-09-23 12:46:16 [SocketService] [ENVIADO] | [NUEVO] (43B) [KEY]: tickets [DATA]: {tickets=[{fare=7, correlative=9388, session=35417, busstop_end=null, inspector=null, vehicle=15, number=1857, route=1, driver=131, price=100.0, time=2026-09-23T12:46:16.827623, busstop_start=13, day=2026-09-23, payment_method=1, card=null}]}
2026-09-23 12:46:08 [SocketMessageDispatcher] Mensaje: Header: tickets, Data: {tickets=[{correlative=9387, id=6ab4106027bb27508ccc3dec}]}
2026-09-23 12:46:08 [SocketService] [RECIBIDO]| #27 | SID:257 | 32B | tickets [DATA]: {tickets=[{correlative=9387, id=6ab4106027bb27508ccc3dec}]}
2026-09-23 12:46:07 [SocketService] [ENVIADO] | [NUEVO] (43B) [KEY]: tickets [DATA]: {tickets=[{fare=6, correlative=9387, session=35417, busstop_end=null, inspector=null, vehicle=15, number=1344, route=1, driver=131, price=150.0, time=2026-09-23T12:46:07.695737, busstop_start=13, day=2026-09-23, payment_method=1, card=null}]}
2026-09-23 12:46:02 [SocketMessageDispatcher] Mensaje: Header: forward_datero, Data: {trip=39152, geofence=28, time=2026-09-23T12:46, dateros=[{delta=12, padron=124}, {delta=11, padron=128}, {delta=21, padron=107}, {delta=16, padron=146}, {delta=6, padron=131}]}
2026-09-23 12:46:02 [SocketService] [RECIBIDO]| #26 | SID:257 | 32B | forward_datero [DATA]: {trip=39152, geofence=28, time=2026-09-23T12:46, dateros=[{delta=12, padron=124}, {delta=11, padron=128}, {delta=21, padron=107}, {delta=16, padron=146}, {delta=6, padron=131}]}
2026-09-23 12:46:02 [SocketMessageDispatcher] Mensaje: Header: mark, Data: {volada=44, trip=39152, geofence=28, id=1136930, state=M, timestamp=2026-09-23T12:46}
2026-09-23 12:46:02 [SocketService] [RECIBIDO]| #25 | SID:257 | 25B | mark [DATA]: {volada=44, trip=39152, geofence=28, id=1136930, state=M, timestamp=2026-09-23T12:46}
2026-09-23 12:44:56 [SocketMessageDispatcher] Mensaje: Header: tickets, Data: {tickets=[{correlative=9386, id=6ab4101827bb27508ccc3cf5}]}
2026-09-23 12:44:56 [SocketService] [RECIBIDO]| #21 | SID:257 | 32B | tickets [DATA]: {tickets=[{correlative=9386, id=6ab4101827bb27508ccc3cf5}]}
2026-09-23 12:44:55 [SocketService] [ENVIADO] | [NUEVO] (43B) [KEY]: tickets [DATA]: {tickets=[{fare=7, correlative=9386, session=35417, busstop_end=null, inspector=null, vehicle=15, number=1856, route=1, driver=131, price=100.0, time=2026-09-23T12:44:55.679259, busstop_start=13, day=2026-09-23, payment_method=1, card=null}]}
2026-09-23 12:43:45 [SocketMessageDispatcher] Mensaje: Header: backward_datero, Data: {pad=132, geofence=3, delta=30, orden=0, id=5084635431}
2026-09-23 12:43:45 [SocketService] [RECIBIDO]| #20 | SID:257 | 19B | backward_datero [DATA]: {pad=132, geofence=3, delta=30, orden=0, id=5084635431}
2026-09-23 12:43:41 [SocketMessageDispatcher] Mensaje: Header: tickets, Data: {tickets=[{correlative=9385, id=6ab40fcd27bb27508ccc3c06}]}
2026-09-23 12:43:41 [SocketService] [RECIBIDO]| #16 | SID:257 | 32B | tickets [DATA]: {tickets=[{correlative=9385, id=6ab40fcd27bb27508ccc3c06}]}
2026-09-23 12:43:41 [SocketService] [ENVIADO] | [NUEVO] (43B) [KEY]: tickets [DATA]: {tickets=[{fare=3, correlative=9385, session=35417, busstop_end=null, inspector=null, vehicle=15, number=700, route=1, driver=131, price=300.0, time=2026-09-23T12:43:41.498191, busstop_start=13, day=2026-09-23, payment_method=1, card=null}]}
2026-09-23 12:42:30 [SocketMessageDispatcher] Mensaje: Header: forward_datero, Data: {trip=39152, geofence=27, time=2026-09-23T12:42:29, dateros=[{delta=10, padron=124}, {delta=11, padron=128}, {delta=23, padron=107}, {delta=17, padron=146}, {delta=6, padron=131}]}
2026-09-23 12:42:30 [SocketMessageDispatcher] Mensaje: Header: mark, Data: {volada=43, trip=39152, geofence=27, id=1136929, state=M, timestamp=2026-09-23T12:42:29}
2026-09-23 12:42:30 [SocketService] [RECIBIDO]| #15 | SID:257 | 32B | forward_datero [DATA]: {trip=39152, geofence=27, time=2026-09-23T12:42:29, dateros=[{delta=10, padron=124}, {delta=11, padron=128}, {delta=23, padron=107}, {delta=17, padron=146}, {delta=6, padron=131}]}
2026-09-23 12:42:30 [SocketService] [RECIBIDO]| #14 | SID:257 | 25B | mark [DATA]: {volada=43, trip=39152, geofence=27, id=1136929, state=M, timestamp=2026-09-23T12:42:29}
2026-09-23 12:42:30 [ProtectorVM] TEMP: 41.5C -> cap térmico 90%
2026-09-23 12:42:30 [ProtectorVM] temp: 41.5C
2026-09-23 12:42:09 [SocketMessageDispatcher] Mensaje: Header: report, Data: {positions=1}
2026-09-23 12:42:09 [SocketService] [RECIBIDO]| #13 | SID:257 | 3B | report [DATA]: {positions=1}
2026-09-23 12:42:08 [SocketService] [ENVIADO] | [NUEVO] (36B) [KEY]: report [DATA]: {trip=39152, route=1, positions=[{lng=-76.997503, busstop=0, angle=333, accuracy=8, time=2026-09-23T12:42:08.931092, lat=-12.0132428, speed=42, mark=0}], state=R, sales=0, events=[], direction=true}
2026-09-23 12:42:08 [PositionRepository] 📤 Enviando 1 (batch=2, pendientes=1)
2026-09-23 12:42:08 [LocationTrackingService] GPS desactivado - Pulso cada 5 min acc:8.655m
2026-09-23 12:42:05 [ParaderoManager] Paradero más cercano: Paradero(id=6, lado=false, ruta=Ruta(id=1, codigo=1493, inicio=null, activo=false), activo=true, nombre=AV. 13 DE ENERO, orden=6, latitud=-12.010963483894393, liquidar=false, longitud=-76.99762231581786, radio=50.0, velocidad=50.0, terminal=false, audio=AV. PRÓCERES)
2026-09-23 12:41:43 [SocketMessageDispatcher] Mensaje: Header: tickets, Data: {tickets=[{correlative=9384, id=6ab40f5727bb27508ccc3a47}]}
2026-09-23 12:41:43 [SocketService] [RECIBIDO]| #9 | SID:257 | 32B | tickets [DATA]: {tickets=[{correlative=9384, id=6ab40f5727bb27508ccc3a47}]}
2026-09-23 12:41:43 [SocketService] [ENVIADO] | [NUEVO] (43B) [KEY]: tickets [DATA]: {tickets=[{fare=5, correlative=9384, session=35417, busstop_end=null, inspector=null, vehicle=15, number=1456, route=1, driver=131, price=200.0, time=2026-09-23T12:41:42.900268, busstop_start=13, day=2026-09-23, payment_method=1, card=null}]}
2026-09-23 12:41:37 [SocketMessageDispatcher] Mensaje: Header: tickets, Data: {tickets=[{correlative=9383, id=6ab40f5127bb27508ccc3a37}]}
2026-09-23 12:41:37 [SocketService] [RECIBIDO]| #5 | SID:257 | 32B | tickets [DATA]: {tickets=[{correlative=9383, id=6ab40f5127bb27508ccc3a37}]}
2026-09-23 12:41:37 [SocketService] [ENVIADO] | [NUEVO] (43B) [KEY]: tickets [DATA]: {tickets=[{fare=7, correlative=9383, session=35417, busstop_end=null, inspector=null, vehicle=15, number=1855, route=1, driver=131, price=100.0, time=2026-09-23T12:41:37.203602, busstop_start=13, day=2026-09-23, payment_method=1, card=null}]}
2026-09-23 12:41:10 [SocketMessageDispatcher] Mensaje: Header: backward_datero_hide, Data: {pad=132, geofence=65, delta=31, orden=0, id=2607031865}
2026-09-23 12:41:10 [SocketMessageDispatcher] Mensaje: Header: forward_datero_hide, Data: {trip=39152, geofence=26, time=2026-09-23T12:36:47, dateros=[{delta=12, padron=124}, {delta=12, padron=128}, {delta=21, padron=107}, {delta=17, padron=146}, {delta=6, padron=131}]}
2026-09-23 12:41:10 [SocketMessageDispatcher] Mensaje: Header: salida, Data: {lado=true, estado=R, frecuencia=16, ruta=1, geocerca=26, controles=[{volada=0, tiempo=0, geocerca=53}, {volada=0, tiempo=5, geocerca=67}, {volada=-4, tiempo=10, geocerca=54}, {volada=-6, tiempo=6, geocerca=68}, {volada=-10, tiempo=6, geocerca=55}, {volada=-9, tiempo=5, geocerca=69}, {volada=-12, tiempo=12, geocerca=56}, {volada=-15, tiempo=8, geocerca=57}, {volada=-15, tiempo=9, geocerca=58}, {volada=-17, tiempo=10, geocerca=59}, {volada=-18, tiempo=7, geocerca=60}, {volada=-12, tiempo=0, geocerca=61}, {volada=-6, tiempo=0, geocerca=62}, {volada=-4, tiempo=0, geocerca=63}, {volada=3, tiempo=0, geocerca=64}, {volada=11, tiempo=0, geocerca=65}, {volada=0, tiempo=0, geocerca=66}, {volada=35, tiempo=0, geocerca=3}, {volada=32, tiempo=6, geocerca=22}, {volada=33, tiempo=3, geocerca=23}, {volada=36, tiempo=3, geocerca=24}, {volada=37, tiempo=3, geocerca=25}, {volada=40, tiempo=3, geocerca=26}, {volada=0, tiempo=3, geocerca=27}, {volada=0, tiempo=3, geocerca=28}, {volada=0, tiempo=3, geocerca=29}, {volada=0, tiempo=2, geocerca=30}, {volada=0, tiempo=2, geocerca=31}, {volada=0, tiempo=3, geocerca=32}, {volada=0, tiempo=4, geocerca=33}, {volada=0, tiempo=3, geocerca=34}, {volada=0, tiempo=3, geocerca=35}, {volada=0, tiempo=3, geocerca=36}, {volada=0, tiempo=3, geocerca=37}, {volada=0, tiempo=3, geocerca=38}, {volada=0, tiempo=5, geocerca=4}], inicio=2026-09-23T10:20, marcados=[false, false, true, true, true, true, true, true, true, true, true, true, true, true, true, true, false, true, true, true, true, true, true, false, false, false, false, false, false, false, false, false, false, false, false, false], id=39152, conductor=131}
2026-09-23 12:41:10 [SocketService] [RECIBIDO]| #4 | SID:257 | 20B | backward_datero_hide [DATA]: {pad=132, geofence=65, delta=31, orden=0, id=2607031865}
2026-09-23 12:41:10 [SocketService] [RECIBIDO]| #3 | SID:257 | 31B | forward_datero_hide [DATA]: {trip=39152, geofence=26, time=2026-09-23T12:36:47, dateros=[{delta=12, padron=124}, {delta=12, padron=128}, {delta=21, padron=107}, {delta=17, padron=146}, {delta=6, padron=131}]}
2026-09-23 12:41:10 [SocketService] [RECIBIDO]| #2 | SID:257 | 245B | salida [DATA]: {lado=true, estado=R, frecuencia=16, ruta=1, geocerca=26, controles=[{volada=0, tiempo=0, geocerca=53}, {volada=0, tiempo=5, geocerca=67}, {volada=-4, tiempo=10, geocerca=54}, {volada=-6, tiempo=6, geocerca=68}, {volada=-10, tiempo=6, geocerca=55}, {volada=-9, tiempo=5, geocerca=69}, {volada=-12, tiempo=12, geocerca=56}, {volada=-15, tiempo=8, geocerca=57}, {volada=-15, tiempo=9, geocerca=58}, {volada=-17, tiempo=10, geocerca=59}, {volada=-18, tiempo=7, geocerca=60}, {volada=-12, tiempo=0, geocerca=61}, {volada=-6, tiempo=0, geocerca=62}, {volada=-4, tiempo=0, geocerca=63}, {volada=3, tiempo=0, geocerca=64}, {volada=11, tiempo=0, geocerca=65}, {volada=0, tiempo=0, geocerca=66}, {volada=35, tiempo=0, geocerca=3}, {volada=32, tiempo=6, geocerca=22}, {volada=33, tiempo=3, geocerca=23}, {volada=36, tiempo=3, geocerca=24}, {volada=37, tiempo=3, geocerca=25}, {volada=40, tiempo=3, geocerca=26}, {volada=0, tiempo=3, geocerca=27}, {volada=0, tiempo=3, geocerca=28}, {volada=0, tiempo=3, geocerca=29}, {volada=0, tiempo=2, geocerca=30}, {volada=0, tiempo=2, geocerca=31}, {volada=0, tiempo=3, geocerca=32}, {volada=0, tiempo=4, geocerca=33}, {volada=0, tiempo=3, geocerca=34}, {volada=0, tiempo=3, geocerca=35}, {volada=0, tiempo=3, geocerca=36}, {volada=0, tiempo=3, geocerca=37}, {volada=0, tiempo=3, geocerca=38}, {volada=0, tiempo=5, geocerca=4}], inicio=2026-09-23T10:20, marcados=[false, false, true, true, true, true, true, true, true, true, true, true, true, true, true, true, false, true, true, true, true, true, true, false, false, false, false, false, false, false, false, false, false, false, false, false], id=39152, conductor=131}
2026-09-23 12:41:10 [SocketService] [ENVIADO] | [NUEVO] (3B) [KEY]: backward_datero [DATA]: {id=0}
2026-09-23 12:41:10 [SocketService] [ENVIADO] | [NUEVO] (7B) [KEY]: salida [DATA]: {limit=0, salida=39152}
2026-09-23 12:41:10 [SocketService] [ENVIADO] | [NUEVO] (4B) [KEY]: forward_datero [DATA]: {id=0}
2026-09-23 12:41:09 [SocketMessageDispatcher] ✅ Login confirmado por servidor (sesión OK)
2026-09-23 12:41:09 [SocketMessageDispatcher] Mensaje: Header: login, Data: {voice=true, orientation=false, contactless=false, data=2026-09-23T12:41:09, ticket=true, geofence=26, gps=false, schedule=10:35, ads=false, route=1, trip=39152, driver=null, calls=true, padron=124, id=15, state=R, map=false, placa=BCG906, direction=true, order=1}
2026-09-23 12:41:09 [SocketService] [RECIBIDO]| #1 | SID:257 | 35B | login [DATA]: {voice=true, orientation=false, contactless=false, data=2026-09-23T12:41:09, ticket=true, geofence=26, gps=false, schedule=10:35, ads=false, route=1, trip=39152, driver=null, calls=true, padron=124, id=15, state=R, map=false, placa=BCG906, direction=true, order=1}
2026-09-23 12:41:09 [SocketService] 🔒 WakeLock + WifiLock adquiridos
2026-09-23 12:41:09 [SocketService] [ENVIADO] | [NUEVO] (18B) [KEY]: login [DATA]: {serial=864255060447047}
2026-09-23 12:41:09 [SocketService] 🔑 Enviando login handshake (864255060447047)
2026-09-23 12:41:09 [SocketService] ✅ CONECTADO [ID: 257] en 85117685ms - Code: 101
2026-09-23 12:41:08 [SocketService] ✅ Recursos completamente limpiados
2026-09-23 12:41:08 [SocketService] 🔄 Conectando [ID: 257] a ws://34.71.11.201:22222?schema=android&gps=true&console=true&version=2
2026-09-23 12:41:08 [SocketService] 🔄 Nuevo Socket ID: 257
2026-09-23 12:41:08 [GpsViewModel] No hay conexión. Se omite procesamiento.
2026-09-23 12:41:08 [SocketService] 🧹 Limpiando recursos [ID: 256]
2026-09-23 12:41:08 [SocketService] ⏰ Watchdog: 141272ms sin mensajes, forzando reconexión
2026-09-23 12:40:19 [DRIVERAUTO] Primera sesión obtenida: SessionDriver(id=35417, driver_id=131, driver_code=ID131, activo=true, castigado=false, conductor=true, vencido=false, route=1, direction=false, start_time=2026-09-23T06:18:59, autoLogin=true)
2026-09-23 12:40:19 [ParaderoManager] Paradero actual: AV. 13 DE ENERO (id=13)
2026-09-23 12:38:47 [SocketMessageDispatcher] Mensaje: Header: tickets, Data: {tickets=[{correlative=9382, id=6ab40ea627bb27508ccc3852}]}
2026-09-23 12:38:47 [SocketService] [RECIBIDO]| #13 | SID:256 | 32B | tickets [DATA]: {tickets=[{correlative=9382, id=6ab40ea627bb27508ccc3852}]}
2026-09-23 12:38:46 [SocketService] [ENVIADO] | [NUEVO] (43B) [KEY]: tickets [DATA]: {tickets=[{fare=7, correlative=9382, session=35417, busstop_end=null, inspector=null, vehicle=15, number=1854, route=1, driver=131, price=100.0, time=2026-09-23T12:38:46.626222, busstop_start=12, day=2026-09-23, payment_method=1, card=null}]}
2026-09-23 12:38:37 [SocketMessageDispatcher] Mensaje: Header: tickets, Data: {tickets=[{correlative=9381, id=6ab40e9d27bb27508ccc3827}]}
2026-09-23 12:38:37 [SocketService] [RECIBIDO]| #9 | SID:256 | 32B | tickets [DATA]: {tickets=[{correlative=9381, id=6ab40e9d27bb27508ccc3827}]}
2026-09-23 12:38:36 [SocketService] [ENVIADO] | [NUEVO] (43B) [KEY]: tickets [DATA]: {tickets=[{fare=6, correlative=9381, session=35417, busstop_end=null, inspector=null, vehicle=15, number=1343, route=1, driver=131, price=150.0, time=2026-09-23T12:38:36.606549, busstop_start=12, day=2026-09-23, payment_method=1, card=null}]}
2026-09-23 12:37:30 [ProtectorVM] temp: 41.4C
2026-09-23 12:37:30 [ProtectorVM] TEMP: 41.4C -> cap térmico 90%
2026-09-23 12:37:08 [SocketMessageDispatcher] Mensaje: Header: report, Data: {positions=1}
2026-09-23 12:37:08 [SocketService] [RECIBIDO]| #7 | SID:256 | 3B | report [DATA]: {positions=1}
2026-09-23 12:37:07 [SocketService] [ENVIADO] | [NUEVO] (36B) [KEY]: report [DATA]: {trip=39152, route=1, positions=[{lng=-77.0009311, busstop=0, angle=351, accuracy=5, time=2026-09-23T12:37:07.927743, lat=-12.0180106, speed=0, mark=0}], state=R, sales=0, events=[], direction=true}
2026-09-23 12:37:07 [PositionRepository] 📤 Enviando 1 (batch=2, pendientes=1)
2026-09-23 12:37:07 [LocationTrackingService] GPS desactivado - Pulso cada 5 min acc:5.832m
2026-09-23 12:36:50 [SocketMessageDispatcher] Mensaje: Header: forward_datero, Data: {trip=39152, geofence=26, time=2026-09-23T12:36:47, dateros=[{delta=12, padron=124}, {delta=12, padron=128}, {delta=21, padron=107}, {delta=17, padron=146}, {delta=6, padron=131}]}
2026-09-23 12:36:50 [SocketMessageDispatcher] Mensaje: Header: mark, Data: {volada=40, trip=39152, geofence=26, id=1136928, state=M, timestamp=2026-09-23T12:36:47}
2026-09-23 12:36:50 [SocketService] [RECIBIDO]| #6 | SID:256 | 32B | forward_datero [DATA]: {trip=39152, geofence=26, time=2026-09-23T12:36:47, dateros=[{delta=12, padron=124}, {delta=12, padron=128}, {delta=21, padron=107}, {delta=17, padron=146}, {delta=6, padron=131}]}
2026-09-23 12:36:50 [SocketService] [RECIBIDO]| #5 | SID:256 | 25B | mark [DATA]: {volada=40, trip=39152, geofence=26, id=1136928, state=M, timestamp=2026-09-23T12:36:47}
2026-09-23 12:34:40 [SocketMessageDispatcher] Mensaje: Header: forward_datero_hide, Data: {trip=39152, geofence=25, time=2026-09-23T12:30:34, dateros=[{delta=10, padron=124}, {delta=10, padron=128}, {delta=20, padron=107}, {delta=17, padron=146}, {delta=6, padron=131}]}
2026-09-23 12:34:40 [SocketMessageDispatcher] Mensaje: Header: backward_datero_hide, Data: {pad=132, geofence=65, delta=31, orden=0, id=2607031865}
2026-09-23 12:34:40 [SocketMessageDispatcher] Mensaje: Header: salida, Data: {lado=true, estado=R, frecuencia=16, ruta=1, geocerca=25, controles=[{volada=0, tiempo=0, geocerca=53}, {volada=0, tiempo=5, geocerca=67}, {volada=-4, tiempo=10, geocerca=54}, {volada=-6, tiempo=6, geocerca=68}, {volada=-10, tiempo=6, geocerca=55}, {volada=-9, tiempo=5, geocerca=69}, {volada=-12, tiempo=12, geocerca=56}, {volada=-15, tiempo=8, geocerca=57}, {volada=-15, tiempo=9, geocerca=58}, {volada=-17, tiempo=10, geocerca=59}, {volada=-18, tiempo=7, geocerca=60}, {volada=-12, tiempo=0, geocerca=61}, {volada=-6, tiempo=0, geocerca=62}, {volada=-4, tiempo=0, geocerca=63}, {volada=3, tiempo=0, geocerca=64}, {volada=11, tiempo=0, geocerca=65}, {volada=0, tiempo=0, geocerca=66}, {volada=35, tiempo=0, geocerca=3}, {volada=32, tiempo=6, geocerca=22}, {volada=33, tiempo=3, geocerca=23}, {volada=36, tiempo=3, geocerca=24}, {volada=37, tiempo=3, geocerca=25}, {volada=0, tiempo=3, geocerca=26}, {volada=0, tiempo=3, geocerca=27}, {volada=0, tiempo=3, geocerca=28}, {volada=0, tiempo=3, geocerca=29}, {volada=0, tiempo=2, geocerca=30}, {volada=0, tiempo=2, geocerca=31}, {volada=0, tiempo=3, geocerca=32}, {volada=0, tiempo=4, geocerca=33}, {volada=0, tiempo=3, geocerca=34}, {volada=0, tiempo=3, geocerca=35}, {volada=0, tiempo=3, geocerca=36}, {volada=0, tiempo=3, geocerca=37}, {volada=0, tiempo=3, geocerca=38}, {volada=0, tiempo=5, geocerca=4}], inicio=2026-09-23T10:20, marcados=[false, false, true, true, true, true, true, true, true, true, true, true, true, true, true, true, false, true, true, true, true, true, false, false, false, false, false, false, false, false, false, false, false, false, false, false], id=39152, conductor=131}
2026-09-23 12:34:39 [SocketService] [RECIBIDO]| #4 | SID:256 | 31B | forward_datero_hide [DATA]: {trip=39152, geofence=25, time=2026-09-23T12:30:34, dateros=[{delta=10, padron=124}, {delta=10, padron=128}, {delta=20, padron=107}, {delta=17, padron=146}, {delta=6, padron=131}]}
2026-09-23 12:34:39 [SocketService] [RECIBIDO]| #3 | SID:256 | 20B | backward_datero_hide [DATA]: {pad=132, geofence=65, delta=31, orden=0, id=2607031865}
2026-09-23 12:34:39 [SocketService] [RECIBIDO]| #2 | SID:256 | 245B | salida [DATA]: {lado=true, estado=R, frecuencia=16, ruta=1, geocerca=25, controles=[{volada=0, tiempo=0, geocerca=53}, {volada=0, tiempo=5, geocerca=67}, {volada=-4, tiempo=10, geocerca=54}, {volada=-6, tiempo=6, geocerca=68}, {volada=-10, tiempo=6, geocerca=55}, {volada=-9, tiempo=5, geocerca=69}, {volada=-12, tiempo=12, geocerca=56}, {volada=-15, tiempo=8, geocerca=57}, {volada=-15, tiempo=9, geocerca=58}, {volada=-17, tiempo=10, geocerca=59}, {volada=-18, tiempo=7, geocerca=60}, {volada=-12, tiempo=0, geocerca=61}, {volada=-6, tiempo=0, geocerca=62}, {volada=-4, tiempo=0, geocerca=63}, {volada=3, tiempo=0, geocerca=64}, {volada=11, tiempo=0, geocerca=65}, {volada=0, tiempo=0, geocerca=66}, {volada=35, tiempo=0, geocerca=3}, {volada=32, tiempo=6, geocerca=22}, {volada=33, tiempo=3, geocerca=23}, {volada=36, tiempo=3, geocerca=24}, {volada=37, tiempo=3, geocerca=25}, {volada=0, tiempo=3, geocerca=26}, {volada=0, tiempo=3, geocerca=27}, {volada=0, tiempo=3, geocerca=28}, {volada=0, tiempo=3, geocerca=29}, {volada=0, tiempo=2, geocerca=30}, {volada=0, tiempo=2, geocerca=31}, {volada=0, tiempo=3, geocerca=32}, {volada=0, tiempo=4, geocerca=33}, {volada=0, tiempo=3, geocerca=34}, {volada=0, tiempo=3, geocerca=35}, {volada=0, tiempo=3, geocerca=36}, {volada=0, tiempo=3, geocerca=37}, {volada=0, tiempo=3, geocerca=38}, {volada=0, tiempo=5, geocerca=4}], inicio=2026-09-23T10:20, marcados=[false, false, true, true, true, true, true, true, true, true, true, true, true, true, true, true, false, true, true, true, true, true, false, false, false, false, false, false, false, false, false, false, false, false, false, false], id=39152, conductor=131}
2026-09-23 12:34:39 [SocketService] [ENVIADO] | [NUEVO] (3B) [KEY]: backward_datero [DATA]: {id=0}
2026-09-23 12:34:39 [SocketService] [ENVIADO] | [NUEVO] (4B) [KEY]: forward_datero [DATA]: {id=0}
2026-09-23 12:34:39 [SocketService] [ENVIADO] | [NUEVO] (7B) [KEY]: salida [DATA]: {limit=0, salida=39152}
2026-09-23 12:34:39 [SocketMessageDispatcher] ✅ Login confirmado por servidor (sesión OK)
2026-09-23 12:34:39 [SocketMessageDispatcher] Mensaje: Header: login, Data: {voice=true, orientation=false, contactless=false, data=2026-09-23T12:34:39, ticket=true, geofence=25, gps=false, schedule=10:35, ads=false, route=1, trip=39152, driver=null, calls=true, padron=124, id=15, state=R, map=false, placa=BCG906, direction=true, order=1}
2026-09-23 12:34:39 [SocketService] [RECIBIDO]| #1 | SID:256 | 35B | login [DATA]: {voice=true, orientation=false, contactless=false, data=2026-09-23T12:34:39, ticket=true, geofence=25, gps=false, schedule=10:35, ads=false, route=1, trip=39152, driver=null, calls=true, padron=124, id=15, state=R, map=false, placa=BCG906, direction=true, order=1}
2026-09-23 12:34:38 [SocketService] 🔒 WakeLock + WifiLock adquiridos
2026-09-23 12:34:38 [SocketService] [ENVIADO] | [NUEVO] (18B) [KEY]: login [DATA]: {serial=864255060447047}
2026-09-23 12:34:38 [SocketService] 🔑 Enviando login handshake (864255060447047)
2026-09-23 12:34:38 [SocketService] ✅ CONECTADO [ID: 256] en 84726977ms - Code: 101
2026-09-23 12:34:38 [SocketService] 🔄 Conectando [ID: 256] a ws://34.71.11.201:22222?schema=android&gps=true&console=true&version=2
2026-09-23 12:34:38 [SocketService] ✅ Recursos completamente limpiados
2026-09-23 12:34:38 [SocketService] 🔄 Nuevo Socket ID: 256
2026-09-23 12:34:38 [GpsViewModel] No hay conexión. Se omite procesamiento.
2026-09-23 12:34:38 [SocketService] ⏰ Watchdog: 128069ms sin mensajes, forzando reconexión
2026-09-23 12:34:38 [SocketService] 🧹 Limpiando recursos [ID: 255]
2026-09-23 12:32:52 [ParaderoManager] Paradero más cercano: Paradero(id=13, lado=true, ruta=Ruta(id=1, codigo=1493, inicio=null, activo=false), activo=true, nombre=AV. 13 DE ENERO, orden=16, latitud=-12.016762577098174, liquidar=false, longitud=-76.99801341863497, radio=50.0, velocidad=50.0, terminal=false, audio=AV. 13 DE ENERO)
2026-09-23 12:32:30 [ProtectorVM] temp: 41.3C
2026-09-23 12:32:30 [ProtectorVM] TEMP: 41.3C -> cap térmico 91%
2026-09-23 12:32:29 [SocketMessageDispatcher] Mensaje: Header: tickets, Data: {tickets=[{correlative=9380, id=6ab40d2d27bb27508ccc331d}]}
2026-09-23 12:32:29 [SocketService] [RECIBIDO]| #23 | SID:255 | 32B | tickets [DATA]: {tickets=[{correlative=9380, id=6ab40d2d27bb27508ccc331d}]}
2026-09-23 12:32:29 [SocketService] [ENVIADO] | [NUEVO] (43B) [KEY]: tickets [DATA]: {tickets=[{fare=7, correlative=9380, session=35417, busstop_end=null, inspector=null, vehicle=15, number=1853, route=1, driver=131, price=100.0, time=2026-09-23T12:32:29.219257, busstop_start=12, day=2026-09-23, payment_method=1, card=null}]}
2026-09-23 12:32:05 [SocketMessageDispatcher] Mensaje: Header: report, Data: {positions=1}
2026-09-23 12:32:05 [SocketService] [RECIBIDO]| #22 | SID:255 | 3B | report [DATA]: {positions=1}
2026-09-23 12:32:05 [SocketService] [ENVIADO] | [NUEVO] (36B) [KEY]: report [DATA]: {trip=39152, route=1, positions=[{lng=-77.0003714, busstop=0, angle=346, accuracy=8, time=2026-09-23T12:32:04.939379, lat=-12.0253419, speed=11, mark=0}], state=R, sales=0, events=[], direction=true}
2026-09-23 12:32:05 [PositionRepository] 📤 Enviando 1 (batch=2, pendientes=1)
2026-09-23 12:32:04 [LocationTrackingService] GPS desactivado - Pulso cada 5 min acc:8.92m
2026-09-23 12:31:03 [SocketMessageDispatcher] Mensaje: Header: tickets, Data: {tickets=[{correlative=9379, id=6ab40cd727bb27508ccc3217}]}
2026-09-23 12:31:03 [SocketService] [RECIBIDO]| #18 | SID:255 | 32B | tickets [DATA]: {tickets=[{correlative=9379, id=6ab40cd727bb27508ccc3217}]}
2026-09-23 12:31:03 [SocketService] [ENVIADO] | [NUEVO] (43B) [KEY]: tickets [DATA]: {tickets=[{fare=6, correlative=9379, session=35417, busstop_end=null, inspector=null, vehicle=15, number=1342, route=1, driver=131, price=150.0, time=2026-09-23T12:31:03.077860, busstop_start=12, day=2026-09-23, payment_method=1, card=null}]}
2026-09-23 12:30:57 [SocketMessageDispatcher] Mensaje: Header: tickets, Data: {tickets=[{correlative=9378, id=6ab40cd127bb27508ccc3202}]}
2026-09-23 12:30:57 [SocketService] [RECIBIDO]| #14 | SID:255 | 32B | tickets [DATA]: {tickets=[{correlative=9378, id=6ab40cd127bb27508ccc3202}]}
2026-09-23 12:30:57 [SocketService] [ENVIADO] | [NUEVO] (43B) [KEY]: tickets [DATA]: {tickets=[{fare=7, correlative=9378, session=35417, busstop_end=null, inspector=null, vehicle=15, number=1852, route=1, driver=131, price=100.0, time=2026-09-23T12:30:56.953561, busstop_start=12, day=2026-09-23, payment_method=1, card=null}]}
2026-09-23 12:30:39 [SocketMessageDispatcher] Mensaje: Header: tickets, Data: {tickets=[{correlative=9377, id=6ab40cbf27bb27508ccc31b2}]}
2026-09-23 12:30:39 [SocketService] [RECIBIDO]| #11 | SID:255 | 32B | tickets [DATA]: {tickets=[{correlative=9377, id=6ab40cbf27bb27508ccc31b2}]}
2026-09-23 12:30:38 [SocketService] [ENVIADO] | [NUEVO] (43B) [KEY]: tickets [DATA]: {tickets=[{fare=6, correlative=9377, session=35417, busstop_end=null, inspector=null, vehicle=15, number=1341, route=1, driver=131, price=150.0, time=2026-09-23T12:30:38.664328, busstop_start=12, day=2026-09-23, payment_method=1, card=null}]}
2026-09-23 12:30:35 [SocketMessageDispatcher] Mensaje: Header: forward_datero, Data: {trip=39152, geofence=25, time=2026-09-23T12:30:34, dateros=[{delta=10, padron=124}, {delta=10, padron=128}, {delta=20, padron=107}, {delta=17, padron=146}, {delta=6, padron=131}]}
2026-09-23 12:30:35 [SocketMessageDispatcher] Mensaje: Header: mark, Data: {volada=37, trip=39152, geofence=25, id=1136927, state=M, timestamp=2026-09-23T12:30:34}
2026-09-23 12:30:35 [SocketService] [RECIBIDO]| #9 | SID:255 | 32B | forward_datero [DATA]: {trip=39152, geofence=25, time=2026-09-23T12:30:34, dateros=[{delta=10, padron=124}, {delta=10, padron=128}, {delta=20, padron=107}, {delta=17, padron=146}, {delta=6, padron=131}]}
2026-09-23 12:30:35 [SocketService] [RECIBIDO]| #8 | SID:255 | 25B | mark [DATA]: {volada=37, trip=39152, geofence=25, id=1136927, state=M, timestamp=2026-09-23T12:30:34}
2026-09-23 12:30:10 [SocketMessageDispatcher] Mensaje: Header: tickets, Data: {tickets=[{correlative=9376, id=6ab40ca227bb27508ccc3149}]}
2026-09-23 12:30:10 [SocketService] [RECIBIDO]| #5 | SID:255 | 32B | tickets [DATA]: {tickets=[{correlative=9376, id=6ab40ca227bb27508ccc3149}]}
2026-09-23 12:30:10 [SocketService] [ENVIADO] | [NUEVO] (43B) [KEY]: tickets [DATA]: {tickets=[{fare=7, correlative=9376, session=35417, busstop_end=null, inspector=null, vehicle=15, number=1851, route=1, driver=131, price=100.0, time=2026-09-23T12:30:09.894846, busstop_start=12, day=2026-09-23, payment_method=1, card=null}]}
2026-09-23 12:29:39 [SocketMessageDispatcher] Mensaje: Header: salida, Data: {lado=true, estado=R, frecuencia=16, ruta=1, geocerca=24, controles=[{volada=0, tiempo=0, geocerca=53}, {volada=0, tiempo=5, geocerca=67}, {volada=-4, tiempo=10, geocerca=54}, {volada=-6, tiempo=6, geocerca=68}, {volada=-10, tiempo=6, geocerca=55}, {volada=-9, tiempo=5, geocerca=69}, {volada=-12, tiempo=12, geocerca=56}, {volada=-15, tiempo=8, geocerca=57}, {volada=-15, tiempo=9, geocerca=58}, {volada=-17, tiempo=10, geocerca=59}, {volada=-18, tiempo=7, geocerca=60}, {volada=-12, tiempo=0, geocerca=61}, {volada=-6, tiempo=0, geocerca=62}, {volada=-4, tiempo=0, geocerca=63}, {volada=3, tiempo=0, geocerca=64}, {volada=11, tiempo=0, geocerca=65}, {volada=0, tiempo=0, geocerca=66}, {volada=35, tiempo=0, geocerca=3}, {volada=32, tiempo=6, geocerca=22}, {volada=33, tiempo=3, geocerca=23}, {volada=36, tiempo=3, geocerca=24}, {volada=0, tiempo=3, geocerca=25}, {volada=0, tiempo=3, geocerca=26}, {volada=0, tiempo=3, geocerca=27}, {volada=0, tiempo=3, geocerca=28}, {volada=0, tiempo=3, geocerca=29}, {volada=0, tiempo=2, geocerca=30}, {volada=0, tiempo=2, geocerca=31}, {volada=0, tiempo=3, geocerca=32}, {volada=0, tiempo=4, geocerca=33}, {volada=0, tiempo=3, geocerca=34}, {volada=0, tiempo=3, geocerca=35}, {volada=0, tiempo=3, geocerca=36}, {volada=0, tiempo=3, geocerca=37}, {volada=0, tiempo=3, geocerca=38}, {volada=0, tiempo=5, geocerca=4}], inicio=2026-09-23T10:20, marcados=[false, false, true, true, true, true, true, true, true, true, true, true, true, true, true, true, false, true, true, true, true, false, false, false, false, false, false, false, false, false, false, false, false, false, false, false], id=39152, conductor=131}
2026-09-23 12:29:39 [SocketMessageDispatcher] Mensaje: Header: backward_datero_hide, Data: {pad=132, geofence=65, delta=31, orden=0, id=2607031865}
2026-09-23 12:29:39 [SocketMessageDispatcher] Mensaje: Header: forward_datero_hide, Data: {trip=39152, geofence=24, time=2026-09-23T12:26:17, dateros=[{delta=9, padron=124}, {delta=10, padron=128}, {delta=20, padron=107}, {delta=17, padron=146}, {delta=6, padron=131}]}
2026-09-23 12:29:39 [SocketService] [RECIBIDO]| #4 | SID:255 | 245B | salida [DATA]: {lado=true, estado=R, frecuencia=16, ruta=1, geocerca=24, controles=[{volada=0, tiempo=0, geocerca=53}, {volada=0, tiempo=5, geocerca=67}, {volada=-4, tiempo=10, geocerca=54}, {volada=-6, tiempo=6, geocerca=68}, {volada=-10, tiempo=6, geocerca=55}, {volada=-9, tiempo=5, geocerca=69}, {volada=-12, tiempo=12, geocerca=56}, {volada=-15, tiempo=8, geocerca=57}, {volada=-15, tiempo=9, geocerca=58}, {volada=-17, tiempo=10, geocerca=59}, {volada=-18, tiempo=7, geocerca=60}, {volada=-12, tiempo=0, geocerca=61}, {volada=-6, tiempo=0, geocerca=62}, {volada=-4, tiempo=0, geocerca=63}, {volada=3, tiempo=0, geocerca=64}, {volada=11, tiempo=0, geocerca=65}, {volada=0, tiempo=0, geocerca=66}, {volada=35, tiempo=0, geocerca=3}, {volada=32, tiempo=6, geocerca=22}, {volada=33, tiempo=3, geocerca=23}, {volada=36, tiempo=3, geocerca=24}, {volada=0, tiempo=3, geocerca=25}, {volada=0, tiempo=3, geocerca=26}, {volada=0, tiempo=3, geocerca=27}, {volada=0, tiempo=3, geocerca=28}, {volada=0, tiempo=3, geocerca=29}, {volada=0, tiempo=2, geocerca=30}, {volada=0, tiempo=2, geocerca=31}, {volada=0, tiempo=3, geocerca=32}, {volada=0, tiempo=4, geocerca=33}, {volada=0, tiempo=3, geocerca=34}, {volada=0, tiempo=3, geocerca=35}, {volada=0, tiempo=3, geocerca=36}, {volada=0, tiempo=3, geocerca=37}, {volada=0, tiempo=3, geocerca=38}, {volada=0, tiempo=5, geocerca=4}], inicio=2026-09-23T10:20, marcados=[false, false, true, true, true, true, true, true, true, true, true, true, true, true, true, true, false, true, true, true, true, false, false, false, false, false, false, false, false, false, false, false, false, false, false, false], id=39152, conductor=131}
2026-09-23 12:29:39 [SocketService] [RECIBIDO]| #3 | SID:255 | 20B | backward_datero_hide [DATA]: {pad=132, geofence=65, delta=31, orden=0, id=2607031865}
2026-09-23 12:29:39 [SocketService] [RECIBIDO]| #2 | SID:255 | 31B | forward_datero_hide [DATA]: {trip=39152, geofence=24, time=2026-09-23T12:26:17, dateros=[{delta=9, padron=124}, {delta=10, padron=128}, {delta=20, padron=107}, {delta=17, padron=146}, {delta=6, padron=131}]}
2026-09-23 12:29:38 [SocketService] [ENVIADO] | [NUEVO] (3B) [KEY]: backward_datero [DATA]: {id=0}
2026-09-23 12:29:38 [SocketService] [ENVIADO] | [NUEVO] (4B) [KEY]: forward_datero [DATA]: {id=0}
2026-09-23 12:29:38 [SocketService] [ENVIADO] | [NUEVO] (7B) [KEY]: salida [DATA]: {limit=0, salida=39152}
2026-09-23 12:29:38 [SocketMessageDispatcher] ✅ Login confirmado por servidor (sesión OK)
2026-09-23 12:29:38 [SocketMessageDispatcher] Mensaje: Header: login, Data: {voice=true, orientation=false, contactless=false, data=2026-09-23T12:29:38, ticket=true, geofence=24, gps=false, schedule=10:35, ads=false, route=1, trip=39152, driver=null, calls=true, padron=124, id=15, state=R, map=false, placa=BCG906, direction=true, order=1}
2026-09-23 12:29:38 [SocketService] [RECIBIDO]| #1 | SID:255 | 35B | login [DATA]: {voice=true, orientation=false, contactless=false, data=2026-09-23T12:29:38, ticket=true, geofence=24, gps=false, schedule=10:35, ads=false, route=1, trip=39152, driver=null, calls=true, padron=124, id=15, state=R, map=false, placa=BCG906, direction=true, order=1}
2026-09-23 12:29:38 [SocketService] 🔒 WakeLock + WifiLock adquiridos
2026-09-23 12:29:38 [SocketService] [ENVIADO] | [NUEVO] (18B) [KEY]: login [DATA]: {serial=864255060447047}
2026-09-23 12:29:38 [SocketService] 🔑 Enviando login handshake (864255060447047)
2026-09-23 12:29:38 [SocketService] ✅ CONECTADO [ID: 255] en 84426481ms - Code: 101
2026-09-23 12:29:37 [SocketService] 🔄 Conectando [ID: 255] a ws://34.71.11.201:22222?schema=android&gps=true&console=true&version=2
2026-09-23 12:29:37 [SocketService] ✅ Recursos completamente limpiados
2026-09-23 12:29:37 [GpsViewModel] No hay conexión. Se omite procesamiento.
2026-09-23 12:29:37 [SocketService] 🔄 Nuevo Socket ID: 255
2026-09-23 12:29:37 [SocketService] 🧹 Limpiando recursos [ID: 254]
2026-09-23 12:29:37 [SocketService] ⏰ Watchdog: 147791ms sin mensajes, forzando reconexión
2026-09-23 12:28:04 [ParaderoManager] Paradero más cercano: Paradero(id=7, lado=false, ruta=Ruta(id=1, codigo=1493, inicio=null, activo=false), activo=true, nombre=PTE NUEVO, orden=7, latitud=-12.028358522299403, liquidar=false, longitud=-77.000972208432, radio=50.0, velocidad=50.0, terminal=false, audio=PTE NUEVO)
2026-09-23 12:27:30 [ProtectorVM] TEMP: 40.9C -> cap térmico 94%
2026-09-23 12:27:30 [ProtectorVM] temp: 40.9C
2026-09-23 12:27:09 [SocketMessageDispatcher] Mensaje: Header: tickets, Data: {tickets=[{correlative=9375, id=6ab40bed27bb27508ccc2ece}]}
2026-09-23 12:27:09 [SocketService] [RECIBIDO]| #44 | SID:254 | 32B | tickets [DATA]: {tickets=[{correlative=9375, id=6ab40bed27bb27508ccc2ece}]}
2026-09-23 12:27:09 [SocketService] [ENVIADO] | [NUEVO] (43B) [KEY]: tickets [DATA]: {tickets=[{fare=6, correlative=9375, session=35417, busstop_end=null, inspector=null, vehicle=15, number=1340, route=1, driver=131, price=150.0, time=2026-09-23T12:27:09.433616, busstop_start=12, day=2026-09-23, payment_method=1, card=null}]}
2026-09-23 12:27:02 [SocketMessageDispatcher] Mensaje: Header: report, Data: {positions=1}
2026-09-23 12:27:02 [SocketService] [RECIBIDO]| #43 | SID:254 | 3B | report [DATA]: {positions=1}
2026-09-23 12:27:01 [SocketService] [ENVIADO] | [NUEVO] (36B) [KEY]: report [DATA]: {trip=39152, route=1, positions=[{lng=-76.9995745, busstop=0, angle=336, accuracy=7, time=2026-09-23T12:27:01.946232, lat=-12.0305027, speed=17, mark=0}], state=R, sales=0, events=[], direction=true}
2026-09-23 12:27:01 [PositionRepository] 📤 Enviando 1 (batch=20, pendientes=1)
2026-09-23 12:27:01 [LocationTrackingService] GPS desactivado - Pulso cada 5 min acc:7.836m
2026-09-23 12:26:18 [SocketMessageDispatcher] Mensaje: Header: forward_datero, Data: {trip=39152, geofence=24, time=2026-09-23T12:26:17, dateros=[{delta=9, padron=124}, {delta=10, padron=128}, {delta=20, padron=107}, {delta=17, padron=146}, {delta=6, padron=131}]}
2026-09-23 12:26:18 [SocketMessageDispatcher] Mensaje: Header: mark, Data: {volada=36, trip=39152, geofence=24, id=1136926, state=M, timestamp=2026-09-23T12:26:17}
2026-09-23 12:26:18 [SocketService] [RECIBIDO]| #42 | SID:254 | 32B | forward_datero [DATA]: {trip=39152, geofence=24, time=2026-09-23T12:26:17, dateros=[{delta=9, padron=124}, {delta=10, padron=128}, {delta=20, padron=107}, {delta=17, padron=146}, {delta=6, padron=131}]}
2026-09-23 12:26:18 [SocketService] [RECIBIDO]| #41 | SID:254 | 25B | mark [DATA]: {volada=36, trip=39152, geofence=24, id=1136926, state=M, timestamp=2026-09-23T12:26:17}
2026-09-23 12:26:07 [SocketMessageDispatcher] Mensaje: Header: tickets, Data: {tickets=[{correlative=9374, id=6ab40baf27bb27508ccc2dee}]}
2026-09-23 12:26:07 [SocketService] [RECIBIDO]| #37 | SID:254 | 32B | tickets [DATA]: {tickets=[{correlative=9374, id=6ab40baf27bb27508ccc2dee}]}
2026-09-23 12:26:07 [SocketService] [ENVIADO] | [NUEVO] (43B) [KEY]: tickets [DATA]: {tickets=[{fare=6, correlative=9374, session=35417, busstop_end=null, inspector=null, vehicle=15, number=1339, route=1, driver=131, price=150.0, time=2026-09-23T12:26:07.247502, busstop_start=12, day=2026-09-23, payment_method=1, card=null}]}
2026-09-23 12:25:52 [SocketMessageDispatcher] Mensaje: Header: tickets, Data: {tickets=[{correlative=9373, id=6ab40ba027bb27508ccc2dbd}]}
2026-09-23 12:25:52 [SocketService] [RECIBIDO]| #33 | SID:254 | 32B | tickets [DATA]: {tickets=[{correlative=9373, id=6ab40ba027bb27508ccc2dbd}]}
2026-09-23 12:25:52 [SocketService] [ENVIADO] | [NUEVO] (43B) [KEY]: tickets [DATA]: {tickets=[{fare=5, correlative=9373, session=35417, busstop_end=null, inspector=null, vehicle=15, number=1455, route=1, driver=131, price=200.0, time=2026-09-23T12:25:52.163580, busstop_start=12, day=2026-09-23, payment_method=1, card=null}]}
2026-09-23 12:25:37 [DRIVERAUTO] Primera sesión obtenida: SessionDriver(id=35417, driver_id=131, driver_code=ID131, activo=true, castigado=false, conductor=true, vencido=false, route=1, direction=false, start_time=2026-09-23T06:18:59, autoLogin=true)
2026-09-23 12:25:37 [ParaderoManager] Paradero actual: PTE NUEVO (id=12)
2026-09-23 12:23:28 [ParaderoManager] Paradero más cercano orden 1: Paradero(id=1, lado=false, ruta=Ruta(id=1, codigo=1493, inicio=null, activo=false), activo=true, nombre=PRDO INICIAL, orden=1, latitud=-11.93355736049903, liquidar=false, longitud=-76.96625955257089, radio=43.0, velocidad=50.0, terminal=false, audio=PRDO INICIAL)
2026-09-23 12:23:25 [ParaderoManager] Paradero más cercano: Paradero(id=12, lado=true, ruta=Ruta(id=1, codigo=1493, inicio=null, activo=false), activo=true, nombre=PTE NUEVO, orden=15, latitud=-12.031368238563601, liquidar=false, longitud=-76.99917653362644, radio=50.0, velocidad=50.0, terminal=false, audio=PTE NUEVO)
2026-09-23 12:22:30 [ProtectorVM] TEMP: 40.6C -> cap térmico 96%
2026-09-23 12:22:30 [ProtectorVM] temp: 40.6C
2026-09-23 12:21:59 [SocketMessageDispatcher] Mensaje: Header: report, Data: {positions=1}
2026-09-23 12:21:59 [SocketService] [RECIBIDO]| #31 | SID:254 | 3B | report [DATA]: {positions=1}
2026-09-23 12:21:58 [SocketService] [ENVIADO] | [NUEVO] (36B) [KEY]: report [DATA]: {trip=39152, route=1, positions=[{lng=-76.9974241, busstop=0, angle=22, accuracy=5, time=2026-09-23T12:21:58.934357, lat=-12.0400584, speed=2, mark=0}], state=R, sales=0, events=[], direction=true}
2026-09-23 12:21:58 [PositionRepository] 📤 Enviando 1 (batch=10, pendientes=1)
2026-09-23 12:21:58 [LocationTrackingService] GPS desactivado - Pulso cada 5 min acc:5.366m
2026-09-23 12:20:42 [SocketMessageDispatcher] Mensaje: Header: forward_datero, Data: {trip=39152, geofence=23, time=2026-09-23T12:20:41, dateros=[{delta=8, padron=124}, {delta=12, padron=128}, {delta=40, padron=107}, {delta=6, padron=131}, {delta=10, padron=133}]}
2026-09-23 12:20:42 [SocketService] [RECIBIDO]| #30 | SID:254 | 32B | forward_datero [DATA]: {trip=39152, geofence=23, time=2026-09-23T12:20:41, dateros=[{delta=8, padron=124}, {delta=12, padron=128}, {delta=40, padron=107}, {delta=6, padron=131}, {delta=10, padron=133}]}
2026-09-23 12:20:42 [SocketMessageDispatcher] Mensaje: Header: mark, Data: {volada=33, trip=39152, geofence=23, id=1136925, state=M, timestamp=2026-09-23T12:20:41}
2026-09-23 12:20:42 [SocketService] [RECIBIDO]| #29 | SID:254 | 25B | mark [DATA]: {volada=33, trip=39152, geofence=23, id=1136925, state=M, timestamp=2026-09-23T12:20:41}
2026-09-23 12:20:05 [SocketMessageDispatcher] Mensaje: Header: backward_datero, Data: {pad=132, geofence=65, delta=31, orden=0, id=2607031865}
2026-09-23 12:20:05 [SocketService] [RECIBIDO]| #28 | SID:254 | 19B | backward_datero [DATA]: {pad=132, geofence=65, delta=31, orden=0, id=2607031865}
2026-09-23 12:18:40 [SocketMessageDispatcher] Mensaje: Header: tickets, Data: {tickets=[{correlative=9372, id=6ab409ef27bb27508ccc280d}]}
2026-09-23 12:18:40 [SocketService] [RECIBIDO]| #24 | SID:254 | 32B | tickets [DATA]: {tickets=[{correlative=9372, id=6ab409ef27bb27508ccc280d}]}
2026-09-23 12:18:39 [SocketService] [ENVIADO] | [NUEVO] (43B) [KEY]: tickets [DATA]: {tickets=[{fare=6, correlative=9372, session=35417, busstop_end=null, inspector=null, vehicle=15, number=1338, route=1, driver=131, price=150.0, time=2026-09-23T12:18:39.631587, busstop_start=11, day=2026-09-23, payment_method=1, card=null}]}
2026-09-23 12:17:30 [ProtectorVM] TEMP: 40.4C -> cap térmico 97%
2026-09-23 12:17:30 [ProtectorVM] temp: 40.4C
2026-09-23 12:17:16 [ParaderoManager] Paradero más cercano: Paradero(id=8, lado=false, ruta=Ruta(id=1, codigo=1493, inicio=null, activo=false), activo=true, nombre=JR. ANCASH, orden=8, latitud=-12.039332549451208, liquidar=false, longitud=-76.99750586718005, radio=50.0, velocidad=50.0, terminal=false, audio=JR. ANCASH)
2026-09-23 12:16:56 [SocketMessageDispatcher] Mensaje: Header: report, Data: {positions=1}
2026-09-23 12:16:56 [SocketService] [RECIBIDO]| #23 | SID:254 | 3B | report [DATA]: {positions=1}
2026-09-23 12:16:56 [SocketService] [ENVIADO] | [NUEVO] (36B) [KEY]: report [DATA]: {trip=39152, route=1, positions=[{lng=-77.0073795, busstop=0, angle=68, accuracy=7, time=2026-09-23T12:16:55.933887, lat=-12.0425482, speed=20, mark=0}], state=R, sales=0, events=[], direction=true}
2026-09-23 12:16:56 [PositionRepository] 📤 Enviando 1 (batch=5, pendientes=1)
2026-09-23 12:16:55 [LocationTrackingService] GPS desactivado - Pulso cada 5 min acc:7.126m
2026-09-23 12:16:31 [SocketMessageDispatcher] Mensaje: Header: forward_datero, Data: {trip=39152, geofence=22, time=2026-09-23T12:16:30, dateros=[{delta=7, padron=124}, {delta=12, padron=128}, {delta=21, padron=107}, {delta=17, padron=146}, {delta=6, padron=131}]}
2026-09-23 12:16:31 [SocketService] [RECIBIDO]| #22 | SID:254 | 32B | forward_datero [DATA]: {trip=39152, geofence=22, time=2026-09-23T12:16:30, dateros=[{delta=7, padron=124}, {delta=12, padron=128}, {delta=21, padron=107}, {delta=17, padron=146}, {delta=6, padron=131}]}
2026-09-23 12:16:31 [SocketMessageDispatcher] Mensaje: Header: mark, Data: {volada=32, trip=39152, geofence=22, id=1136924, state=M, timestamp=2026-09-23T12:16:30}
2026-09-23 12:16:31 [SocketService] [RECIBIDO]| #21 | SID:254 | 25B | mark [DATA]: {volada=32, trip=39152, geofence=22, id=1136924, state=M, timestamp=2026-09-23T12:16:30}
2026-09-23 12:15:12 [SocketMessageDispatcher] Mensaje: Header: tickets, Data: {tickets=[{correlative=9371, id=6ab4092027bb27508ccc2517}]}
2026-09-23 12:15:12 [SocketService] [RECIBIDO]| #17 | SID:254 | 32B | tickets [DATA]: {tickets=[{correlative=9371, id=6ab4092027bb27508ccc2517}]}
2026-09-23 12:15:11 [SocketService] [ENVIADO] | [NUEVO] (43B) [KEY]: tickets [DATA]: {tickets=[{fare=5, correlative=9371, session=35417, busstop_end=null, inspector=null, vehicle=15, number=1454, route=1, driver=131, price=200.0, time=2026-09-23T12:15:11.767159, busstop_start=11, day=2026-09-23, payment_method=1, card=null}]}
2026-09-23 12:14:44 [SocketMessageDispatcher] Mensaje: Header: tickets, Data: {tickets=[{correlative=9370, id=6ab4090427bb27508ccc24b6}]}
2026-09-23 12:14:44 [SocketService] [RECIBIDO]| #13 | SID:254 | 32B | tickets [DATA]: {tickets=[{correlative=9370, id=6ab4090427bb27508ccc24b6}]}
2026-09-23 12:14:44 [SocketService] [ENVIADO] | [NUEVO] (43B) [KEY]: tickets [DATA]: {tickets=[{fare=7, correlative=9370, session=35417, busstop_end=null, inspector=null, vehicle=15, number=1850, route=1, driver=131, price=100.0, time=2026-09-23T12:14:44.357679, busstop_start=11, day=2026-09-23, payment_method=1, card=null}]}
2026-09-23 12:14:41 [SocketMessageDispatcher] Mensaje: Header: tickets, Data: {tickets=[{correlative=9369, id=6ab4090127bb27508ccc24ae}]}
2026-09-23 12:14:41 [SocketService] [RECIBIDO]| #9 | SID:254 | 32B | tickets [DATA]: {tickets=[{correlative=9369, id=6ab4090127bb27508ccc24ae}]}
2026-09-23 12:14:41 [SocketService] [ENVIADO] | [NUEVO] (43B) [KEY]: tickets [DATA]: {tickets=[{fare=7, correlative=9369, session=35417, busstop_end=null, inspector=null, vehicle=15, number=1849, route=1, driver=131, price=100.0, time=2026-09-23T12:14:41.095147, busstop_start=11, day=2026-09-23, payment_method=1, card=null}]}
2026-09-23 12:14:25 [DRIVERAUTO] Primera sesión obtenida: SessionDriver(id=35417, driver_id=131, driver_code=ID131, activo=true, castigado=false, conductor=true, vencido=false, route=1, direction=false, start_time=2026-09-23T06:18:59, autoLogin=true)
2026-09-23 12:14:25 [ParaderoManager] Paradero actual: JR. ANCASH (id=11)
2026-09-23 12:14:10 [ParaderoManager] Paradero más cercano: Paradero(id=11, lado=true, ruta=Ruta(id=1, codigo=1493, inicio=null, activo=false), activo=true, nombre=JR. ANCASH, orden=14, latitud=-12.045619675903282, liquidar=false, longitud=-77.01237874669299, radio=50.0, velocidad=50.0, terminal=false, audio=JR. ANCASH)
2026-09-23 12:13:27 [SocketMessageDispatcher] Mensaje: Header: forward_datero, Data: {trip=39152, geofence=3, time=2026-09-23T12:13:25, dateros=[{delta=8, padron=124}, {delta=12, padron=128}, {delta=19, padron=107}, {delta=18, padron=146}, {delta=6, padron=131}]}
2026-09-23 12:13:27 [SocketService] [RECIBIDO]| #7 | SID:254 | 32B | forward_datero [DATA]: {trip=39152, geofence=3, time=2026-09-23T12:13:25, dateros=[{delta=8, padron=124}, {delta=12, padron=128}, {delta=19, padron=107}, {delta=18, padron=146}, {delta=6, padron=131}]}
2026-09-23 12:13:27 [SocketMessageDispatcher] Mensaje: Header: mark, Data: {volada=35, trip=39152, geofence=3, id=1136923, state=M, timestamp=2026-09-23T12:13:25}
2026-09-23 12:13:27 [SocketService] [RECIBIDO]| #6 | SID:254 | 25B | mark [DATA]: {volada=35, trip=39152, geofence=3, id=1136923, state=M, timestamp=2026-09-23T12:13:25}
2026-09-23 12:13:07 [ParaderoManager] Paradero más cercano: Paradero(id=19, lado=false, ruta=Ruta(id=1, codigo=1493, inicio=null, activo=false), activo=true, nombre=AV. MIGUEL GRAU, orden=9, latitud=-12.05025009094208, liquidar=false, longitud=-77.0129468184075, radio=85.0, velocidad=50.0, terminal=false, audio=AV. MIGUEL GRAU)
2026-09-23 12:12:30 [ProtectorVM] TEMP: 40.2C -> cap térmico 98%
2026-09-23 12:12:30 [ProtectorVM] temp: 40.2C
2026-09-23 12:11:53 [SocketMessageDispatcher] Mensaje: Header: report, Data: {positions=1}
2026-09-23 12:11:53 [SocketService] [RECIBIDO]| #5 | SID:254 | 3B | report [DATA]: {positions=1}
2026-09-23 12:11:53 [SocketService] [ENVIADO] | [NUEVO] (36B) [KEY]: report [DATA]: {trip=39152, route=1, positions=[{lng=-77.0134564, busstop=0, angle=82, accuracy=9, time=2026-09-23T12:11:52.953137, lat=-12.0521895, speed=13, mark=0}], state=R, sales=0, events=[], direction=true}
2026-09-23 12:11:53 [PositionRepository] 📤 Enviando 1 (batch=2, pendientes=1)
2026-09-23 12:11:52 [LocationTrackingService] GPS desactivado - Pulso cada 5 min acc:9.095m
2026-09-23 12:11:09 [SocketMessageDispatcher] Mensaje: Header: salida, Data: {lado=true, estado=R, frecuencia=16, ruta=1, geocerca=65, controles=[{volada=0, tiempo=0, geocerca=53}, {volada=0, tiempo=5, geocerca=67}, {volada=-4, tiempo=10, geocerca=54}, {volada=-6, tiempo=6, geocerca=68}, {volada=-10, tiempo=6, geocerca=55}, {volada=-9, tiempo=5, geocerca=69}, {volada=-12, tiempo=12, geocerca=56}, {volada=-15, tiempo=8, geocerca=57}, {volada=-15, tiempo=9, geocerca=58}, {volada=-17, tiempo=10, geocerca=59}, {volada=-18, tiempo=7, geocerca=60}, {volada=-12, tiempo=0, geocerca=61}, {volada=-6, tiempo=0, geocerca=62}, {volada=-4, tiempo=0, geocerca=63}, {volada=3, tiempo=0, geocerca=64}, {volada=11, tiempo=0, geocerca=65}, {volada=0, tiempo=0, geocerca=66}, {volada=0, tiempo=0, geocerca=3}, {volada=0, tiempo=6, geocerca=22}, {volada=0, tiempo=3, geocerca=23}, {volada=0, tiempo=3, geocerca=24}, {volada=0, tiempo=3, geocerca=25}, {volada=0, tiempo=3, geocerca=26}, {volada=0, tiempo=3, geocerca=27}, {volada=0, tiempo=3, geocerca=28}, {volada=0, tiempo=3, geocerca=29}, {volada=0, tiempo=2, geocerca=30}, {volada=0, tiempo=2, geocerca=31}, {volada=0, tiempo=3, geocerca=32}, {volada=0, tiempo=4, geocerca=33}, {volada=0, tiempo=3, geocerca=34}, {volada=0, tiempo=3, geocerca=35}, {volada=0, tiempo=3, geocerca=36}, {volada=0, tiempo=3, geocerca=37}, {volada=0, tiempo=3, geocerca=38}, {volada=0, tiempo=5, geocerca=4}], inicio=2026-09-23T10:20, marcados=[false, false, true, true, true, true, true, true, true, true, true, true, true, true, true, true, false, false, false, false, false, false, false, false, false, false, false, false, false, false, false, false, false, false, false, false], id=39152, conductor=131}
2026-09-23 12:11:09 [SocketMessageDispatcher] Mensaje: Header: backward_datero_hide, Data: {pad=132, geofence=64, delta=25, orden=0, id=4136797690}
2026-09-23 12:11:09 [SocketMessageDispatcher] Mensaje: Header: forward_datero_hide, Data: {trip=39152, geofence=65, time=2026-09-23T11:49:58, dateros=[{delta=14, padron=124}, {delta=10, padron=128}, {delta=25, padron=107}, {delta=15, padron=146}, {delta=7, padron=131}]}
2026-09-23 12:11:08 [SocketService] [RECIBIDO]| #4 | SID:254 | 245B | salida [DATA]: {lado=true, estado=R, frecuencia=16, ruta=1, geocerca=65, controles=[{volada=0, tiempo=0, geocerca=53}, {volada=0, tiempo=5, geocerca=67}, {volada=-4, tiempo=10, geocerca=54}, {volada=-6, tiempo=6, geocerca=68}, {volada=-10, tiempo=6, geocerca=55}, {volada=-9, tiempo=5, geocerca=69}, {volada=-12, tiempo=12, geocerca=56}, {volada=-15, tiempo=8, geocerca=57}, {volada=-15, tiempo=9, geocerca=58}, {volada=-17, tiempo=10, geocerca=59}, {volada=-18, tiempo=7, geocerca=60}, {volada=-12, tiempo=0, geocerca=61}, {volada=-6, tiempo=0, geocerca=62}, {volada=-4, tiempo=0, geocerca=63}, {volada=3, tiempo=0, geocerca=64}, {volada=11, tiempo=0, geocerca=65}, {volada=0, tiempo=0, geocerca=66}, {volada=0, tiempo=0, geocerca=3}, {volada=0, tiempo=6, geocerca=22}, {volada=0, tiempo=3, geocerca=23}, {volada=0, tiempo=3, geocerca=24}, {volada=0, tiempo=3, geocerca=25}, {volada=0, tiempo=3, geocerca=26}, {volada=0, tiempo=3, geocerca=27}, {volada=0, tiempo=3, geocerca=28}, {volada=0, tiempo=3, geocerca=29}, {volada=0, tiempo=2, geocerca=30}, {volada=0, tiempo=2, geocerca=31}, {volada=0, tiempo=3, geocerca=32}, {volada=0, tiempo=4, geocerca=33}, {volada=0, tiempo=3, geocerca=34}, {volada=0, tiempo=3, geocerca=35}, {volada=0, tiempo=3, geocerca=36}, {volada=0, tiempo=3, geocerca=37}, {volada=0, tiempo=3, geocerca=38}, {volada=0, tiempo=5, geocerca=4}], inicio=2026-09-23T10:20, marcados=[false, false, true, true, true, true, true, true, true, true, true, true, true, true, true, true, false, false, false, false, false, false, false, false, false, false, false, false, false, false, false, false, false, false, false, false], id=39152, conductor=131}
2026-09-23 12:11:08 [SocketService] [RECIBIDO]| #3 | SID:254 | 20B | backward_datero_hide [DATA]: {pad=132, geofence=64, delta=25, orden=0, id=4136797690}
2026-09-23 12:11:08 [SocketService] [RECIBIDO]| #2 | SID:254 | 31B | forward_datero_hide [DATA]: {trip=39152, geofence=65, time=2026-09-23T11:49:58, dateros=[{delta=14, padron=124}, {delta=10, padron=128}, {delta=25, padron=107}, {delta=15, padron=146}, {delta=7, padron=131}]}
2026-09-23 12:11:08 [SocketService] [ENVIADO] | [NUEVO] (3B) [KEY]: backward_datero [DATA]: {id=0}
2026-09-23 12:11:08 [SocketService] [ENVIADO] | [NUEVO] (4B) [KEY]: forward_datero [DATA]: {id=0}
2026-09-23 12:11:08 [SocketService] [ENVIADO] | [NUEVO] (7B) [KEY]: salida [DATA]: {limit=0, salida=39152}
2026-09-23 12:11:08 [SocketMessageDispatcher] ✅ Login confirmado por servidor (sesión OK)
2026-09-23 12:11:08 [SocketMessageDispatcher] Mensaje: Header: login, Data: {voice=true, orientation=false, contactless=false, data=2026-09-23T12:11:08, ticket=true, geofence=65, gps=false, schedule=10:35, ads=false, route=1, trip=39152, driver=null, calls=true, padron=124, id=15, state=R, map=false, placa=BCG906, direction=true, order=1}
2026-09-23 12:11:08 [SocketService] [RECIBIDO]| #1 | SID:254 | 35B | login [DATA]: {voice=true, orientation=false, contactless=false, data=2026-09-23T12:11:08, ticket=true, geofence=65, gps=false, schedule=10:35, ads=false, route=1, trip=39152, driver=null, calls=true, padron=124, id=15, state=R, map=false, placa=BCG906, direction=true, order=1}
2026-09-23 12:11:07 [SocketService] 🔒 WakeLock + WifiLock adquiridos
2026-09-23 12:11:07 [SocketService] [ENVIADO] | [NUEVO] (18B) [KEY]: login [DATA]: {serial=864255060447047}
2026-09-23 12:11:07 [SocketService] 🔑 Enviando login handshake (864255060447047)
2026-09-23 12:11:07 [SocketService] ✅ CONECTADO [ID: 254] en 83315927ms - Code: 101
2026-09-23 12:11:07 [SocketService] 🔄 Conectando [ID: 254] a ws://34.71.11.201:22222?schema=android&gps=true&console=true&version=2
2026-09-23 12:11:07 [SocketService] ✅ Recursos completamente limpiados
2026-09-23 12:11:07 [GpsViewModel] No hay conexión. Se omite procesamiento.
2026-09-23 12:11:07 [SocketService] 🔄 Nuevo Socket ID: 254
2026-09-23 12:11:07 [SocketService] 🧹 Limpiando recursos [ID: 253]
2026-09-23 12:11:07 [SocketService] ⏰ Watchdog: 121898ms sin mensajes, forzando reconexión
2026-09-23 12:10:52 [ParaderoManager] Paradero más cercano: Paradero(id=10, lado=true, ruta=Ruta(id=1, codigo=1493, inicio=null, activo=false), activo=true, nombre=JR. JUNIN, orden=13, latitud=-12.053163997726786, liquidar=false, longitud=-77.01295877183342, radio=50.0, velocidad=50.0, terminal=false, audio=JR. JUNIN)
2026-09-23 12:09:04 [SocketMessageDispatcher] Mensaje: Header: tickets, Data: {tickets=[{correlative=9368, id=6ab407b027bb27508ccc2005}]}
2026-09-23 12:09:04 [SocketService] [RECIBIDO]| #20 | SID:253 | 32B | tickets [DATA]: {tickets=[{correlative=9368, id=6ab407b027bb27508ccc2005}]}
2026-09-23 12:09:04 [SocketService] [ENVIADO] | [NUEVO] (43B) [KEY]: tickets [DATA]: {tickets=[{fare=5, correlative=9368, session=35417, busstop_end=null, inspector=null, vehicle=15, number=1453, route=1, driver=131, price=200.0, time=2026-09-23T12:09:04.193190, busstop_start=32, day=2026-09-23, payment_method=1, card=null}]}
2026-09-23 12:09:00 [SocketMessageDispatcher] Mensaje: Header: tickets, Data: {tickets=[{correlative=9367, id=6ab407ac27bb27508ccc1ff8}]}
2026-09-23 12:09:00 [SocketService] [RECIBIDO]| #16 | SID:253 | 32B | tickets [DATA]: {tickets=[{correlative=9367, id=6ab407ac27bb27508ccc1ff8}]}
2026-09-23 12:09:00 [SocketService] [ENVIADO] | [NUEVO] (43B) [KEY]: tickets [DATA]: {tickets=[{fare=7, correlative=9367, session=35417, busstop_end=null, inspector=null, vehicle=15, number=1848, route=1, driver=131, price=100.0, time=2026-09-23T12:08:59.880677, busstop_start=32, day=2026-09-23, payment_method=1, card=null}]}
2026-09-23 12:08:38 [SocketMessageDispatcher] Mensaje: Header: tickets, Data: {tickets=[{correlative=9366, id=6ab4079627bb27508ccc1fa5}]}
2026-09-23 12:08:38 [SocketService] [RECIBIDO]| #12 | SID:253 | 32B | tickets [DATA]: {tickets=[{correlative=9366, id=6ab4079627bb27508ccc1fa5}]}
2026-09-23 12:08:38 [SocketService] [ENVIADO] | [NUEVO] (43B) [KEY]: tickets [DATA]: {tickets=[{fare=5, correlative=9366, session=35417, busstop_end=null, inspector=null, vehicle=15, number=1452, route=1, driver=131, price=200.0, time=2026-09-23T12:08:38.209596, busstop_start=32, day=2026-09-23, payment_method=1, card=null}]}
2026-09-23 12:08:32 [SocketMessageDispatcher] Mensaje: Header: tickets, Data: {tickets=[{correlative=9365, id=6ab4079027bb27508ccc1f8c}]}
2026-09-23 12:08:32 [SocketService] [RECIBIDO]| #8 | SID:253 | 32B | tickets [DATA]: {tickets=[{correlative=9365, id=6ab4079027bb27508ccc1f8c}]}
2026-09-23 12:08:32 [SocketService] [ENVIADO] | [NUEVO] (43B) [KEY]: tickets [DATA]: {tickets=[{fare=1, correlative=9365, session=35417, busstop_end=null, inspector=null, vehicle=15, number=104, route=1, driver=131, price=400.0, time=2026-09-23T12:08:31.834855, busstop_start=32, day=2026-09-23, payment_method=1, card=null}]}
2026-09-23 12:07:30 [ProtectorVM] TEMP: 40.0C -> cap térmico 100%
2026-09-23 12:07:30 [ProtectorVM] temp: 40.0C
2026-09-23 12:06:50 [SocketMessageDispatcher] Mensaje: Header: report, Data: {positions=1}
2026-09-23 12:06:50 [SocketService] [RECIBIDO]| #7 | SID:253 | 3B | report [DATA]: {positions=1}
2026-09-23 12:06:50 [SocketService] [ENVIADO] | [NUEVO] (36B) [KEY]: report [DATA]: {trip=39152, route=1, positions=[{lng=-77.0181034, busstop=0, angle=0, accuracy=6, time=2026-09-23T12:06:49.945672, lat=-12.0559018, speed=0, mark=0}], state=R, sales=0, events=[], direction=true}
2026-09-23 12:06:50 [PositionRepository] 📤 Enviando 1 (batch=2, pendientes=1)
2026-09-23 12:06:49 [LocationTrackingService] GPS desactivado - Pulso cada 5 min acc:6.144m
2026-09-23 12:06:14 [SocketMessageDispatcher] Mensaje: Header: backward_datero, Data: {pad=132, geofence=64, delta=25, orden=0, id=4136797690}
2026-09-23 12:06:14 [SocketService] [RECIBIDO]| #5 | SID:253 | 19B | backward_datero [DATA]: {pad=132, geofence=64, delta=25, orden=0, id=4136797690}
2026-09-23 12:05:22 [ParaderoManager] Paradero más cercano: Paradero(id=34, lado=false, ruta=Ruta(id=1, codigo=1493, inicio=null, activo=false), activo=true, nombre=AVIACION, orden=10, latitud=-12.056416001414217, liquidar=false, longitud=-77.01472030225581, radio=47.0, velocidad=50.0, terminal=false, audio=AVIACION)
2026-09-23 12:04:46 [ParaderoManager] Paradero más cercano: Paradero(id=35, lado=false, ruta=Ruta(id=1, codigo=1493, inicio=null, activo=false), activo=true, nombre=28 DE JULIO, orden=11, latitud=-12.060603855043674, liquidar=false, longitud=-77.0132418826754, radio=45.0, velocidad=50.0, terminal=false, audio=28 DE JULIO)
2026-09-23 12:04:08 [SocketMessageDispatcher] Mensaje: Header: backward_datero_hide, Data: {pad=132, geofence=63, delta=24, orden=0, id=5033503686}
2026-09-23 12:04:08 [SocketMessageDispatcher] Mensaje: Header: forward_datero_hide, Data: {trip=39152, geofence=65, time=2026-09-23T11:49:58, dateros=[{delta=14, padron=124}, {delta=10, padron=128}, {delta=25, padron=107}, {delta=15, padron=146}, {delta=7, padron=131}]}
2026-09-23 12:04:08 [SocketMessageDispatcher] Mensaje: Header: salida, Data: {lado=true, estado=R, frecuencia=16, ruta=1, geocerca=65, controles=[{volada=0, tiempo=0, geocerca=53}, {volada=0, tiempo=5, geocerca=67}, {volada=-4, tiempo=10, geocerca=54}, {volada=-6, tiempo=6, geocerca=68}, {volada=-10, tiempo=6, geocerca=55}, {volada=-9, tiempo=5, geocerca=69}, {volada=-12, tiempo=12, geocerca=56}, {volada=-15, tiempo=8, geocerca=57}, {volada=-15, tiempo=9, geocerca=58}, {volada=-17, tiempo=10, geocerca=59}, {volada=-18, tiempo=7, geocerca=60}, {volada=-12, tiempo=0, geocerca=61}, {volada=-6, tiempo=0, geocerca=62}, {volada=-4, tiempo=0, geocerca=63}, {volada=3, tiempo=0, geocerca=64}, {volada=11, tiempo=0, geocerca=65}, {volada=0, tiempo=0, geocerca=66}, {volada=0, tiempo=0, geocerca=3}, {volada=0, tiempo=6, geocerca=22}, {volada=0, tiempo=3, geocerca=23}, {volada=0, tiempo=3, geocerca=24}, {volada=0, tiempo=3, geocerca=25}, {volada=0, tiempo=3, geocerca=26}, {volada=0, tiempo=3, geocerca=27}, {volada=0, tiempo=3, geocerca=28}, {volada=0, tiempo=3, geocerca=29}, {volada=0, tiempo=2, geocerca=30}, {volada=0, tiempo=2, geocerca=31}, {volada=0, tiempo=3, geocerca=32}, {volada=0, tiempo=4, geocerca=33}, {volada=0, tiempo=3, geocerca=34}, {volada=0, tiempo=3, geocerca=35}, {volada=0, tiempo=3, geocerca=36}, {volada=0, tiempo=3, geocerca=37}, {volada=0, tiempo=3, geocerca=38}, {volada=0, tiempo=5, geocerca=4}], inicio=2026-09-23T10:20, marcados=[false, false, true, true, true, true, true, true, true, true, true, true, true, true, true, true, false, false, false, false, false, false, false, false, false, false, false, false, false, false, false, false, false, false, false, false], id=39152, conductor=131}
2026-09-23 12:04:07 [SocketService] [RECIBIDO]| #4 | SID:253 | 20B | backward_datero_hide [DATA]: {pad=132, geofence=63, delta=24, orden=0, id=5033503686}
2026-09-23 12:04:07 [SocketService] [RECIBIDO]| #3 | SID:253 | 31B | forward_datero_hide [DATA]: {trip=39152, geofence=65, time=2026-09-23T11:49:58, dateros=[{delta=14, padron=124}, {delta=10, padron=128}, {delta=25, padron=107}, {delta=15, padron=146}, {delta=7, padron=131}]}
2026-09-23 12:04:07 [SocketService] [RECIBIDO]| #2 | SID:253 | 245B | salida [DATA]: {lado=true, estado=R, frecuencia=16, ruta=1, geocerca=65, controles=[{volada=0, tiempo=0, geocerca=53}, {volada=0, tiempo=5, geocerca=67}, {volada=-4, tiempo=10, geocerca=54}, {volada=-6, tiempo=6, geocerca=68}, {volada=-10, tiempo=6, geocerca=55}, {volada=-9, tiempo=5, geocerca=69}, {volada=-12, tiempo=12, geocerca=56}, {volada=-15, tiempo=8, geocerca=57}, {volada=-15, tiempo=9, geocerca=58}, {volada=-17, tiempo=10, geocerca=59}, {volada=-18, tiempo=7, geocerca=60}, {volada=-12, tiempo=0, geocerca=61}, {volada=-6, tiempo=0, geocerca=62}, {volada=-4, tiempo=0, geocerca=63}, {volada=3, tiempo=0, geocerca=64}, {volada=11, tiempo=0, geocerca=65}, {volada=0, tiempo=0, geocerca=66}, {volada=0, tiempo=0, geocerca=3}, {volada=0, tiempo=6, geocerca=22}, {volada=0, tiempo=3, geocerca=23}, {volada=0, tiempo=3, geocerca=24}, {volada=0, tiempo=3, geocerca=25}, {volada=0, tiempo=3, geocerca=26}, {volada=0, tiempo=3, geocerca=27}, {volada=0, tiempo=3, geocerca=28}, {volada=0, tiempo=3, geocerca=29}, {volada=0, tiempo=2, geocerca=30}, {volada=0, tiempo=2, geocerca=31}, {volada=0, tiempo=3, geocerca=32}, {volada=0, tiempo=4, geocerca=33}, {volada=0, tiempo=3, geocerca=34}, {volada=0, tiempo=3, geocerca=35}, {volada=0, tiempo=3, geocerca=36}, {volada=0, tiempo=3, geocerca=37}, {volada=0, tiempo=3, geocerca=38}, {volada=0, tiempo=5, geocerca=4}], inicio=2026-09-23T10:20, marcados=[false, false, true, true, true, true, true, true, true, true, true, true, true, true, true, true, false, false, false, false, false, false, false, false, false, false, false, false, false, false, false, false, false, false, false, false], id=39152, conductor=131}
2026-09-23 12:04:07 [SocketService] [ENVIADO] | [NUEVO] (3B) [KEY]: backward_datero [DATA]: {id=0}
2026-09-23 12:04:07 [SocketService] [ENVIADO] | [NUEVO] (4B) [KEY]: forward_datero [DATA]: {id=0}
2026-09-23 12:04:07 [SocketService] [ENVIADO] | [NUEVO] (7B) [KEY]: salida [DATA]: {limit=0, salida=39152}
2026-09-23 12:04:07 [SocketMessageDispatcher] ✅ Login confirmado por servidor (sesión OK)
2026-09-23 12:04:07 [SocketMessageDispatcher] Mensaje: Header: login, Data: {voice=true, orientation=false, contactless=false, data=2026-09-23T12:04:07, ticket=true, geofence=65, gps=false, schedule=10:35, ads=false, route=1, trip=39152, driver=null, calls=true, padron=124, id=15, state=R, map=false, placa=BCG906, direction=true, order=1}
2026-09-23 12:04:07 [SocketService] [RECIBIDO]| #1 | SID:253 | 35B | login [DATA]: {voice=true, orientation=false, contactless=false, data=2026-09-23T12:04:07, ticket=true, geofence=65, gps=false, schedule=10:35, ads=false, route=1, trip=39152, driver=null, calls=true, padron=124, id=15, state=R, map=false, placa=BCG906, direction=true, order=1}
2026-09-23 12:04:07 [SocketService] 🔒 WakeLock + WifiLock adquiridos
2026-09-23 12:04:07 [SocketService] [ENVIADO] | [NUEVO] (18B) [KEY]: login [DATA]: {serial=864255060447047}
2026-09-23 12:04:07 [SocketService] 🔑 Enviando login handshake (864255060447047)
2026-09-23 12:04:07 [SocketService] ✅ CONECTADO [ID: 253] en 82895374ms - Code: 101
2026-09-23 12:04:06 [SocketService] 🔄 Conectando [ID: 253] a ws://34.71.11.201:22222?schema=android&gps=true&console=true&version=2
2026-09-23 12:04:06 [SocketService] ✅ Recursos completamente limpiados
2026-09-23 12:04:06 [GpsViewModel] No hay conexión. Se omite procesamiento.
2026-09-23 12:04:06 [SocketService] 🔄 Nuevo Socket ID: 253
2026-09-23 12:04:06 [SocketService] 🧹 Limpiando recursos [ID: 252]
2026-09-23 12:04:06 [SocketService] ⏰ Watchdog: 136266ms sin mensajes, forzando reconexión
2026-09-23 12:02:30 [ProtectorVM] TEMP: 39.6C -> cap térmico 100%
2026-09-23 12:02:30 [ProtectorVM] temp: 39.6C
2026-09-23 12:01:50 [SocketMessageDispatcher] Mensaje: Header: report, Data: {positions=1}
2026-09-23 12:01:50 [SocketService] [RECIBIDO]| #6 | SID:252 | 3B | report [DATA]: {positions=1}
2026-09-23 12:01:50 [SocketService] [ENVIADO] | [NUEVO] (36B) [KEY]: report [DATA]: {trip=39152, route=1, positions=[{lng=-77.0189281, busstop=0, angle=263, accuracy=4, time=2026-09-23T12:01:49.935723, lat=-12.063225, speed=0, mark=0}], state=R, sales=0, events=[], direction=true}
2026-09-23 12:01:50 [PositionRepository] 📤 Enviando 1 (batch=2, pendientes=1)
2026-09-23 12:01:49 [LocationTrackingService] GPS desactivado - Pulso cada 5 min acc:4.723m
2026-09-23 12:01:09 [SocketMessageDispatcher] Mensaje: Header: salida, Data: {lado=true, estado=R, frecuencia=16, ruta=1, geocerca=65, controles=[{volada=0, tiempo=0, geocerca=53}, {volada=0, tiempo=5, geocerca=67}, {volada=-4, tiempo=10, geocerca=54}, {volada=-6, tiempo=6, geocerca=68}, {volada=-10, tiempo=6, geocerca=55}, {volada=-9, tiempo=5, geocerca=69}, {volada=-12, tiempo=12, geocerca=56}, {volada=-15, tiempo=8, geocerca=57}, {volada=-15, tiempo=9, geocerca=58}, {volada=-17, tiempo=10, geocerca=59}, {volada=-18, tiempo=7, geocerca=60}, {volada=-12, tiempo=0, geocerca=61}, {volada=-6, tiempo=0, geocerca=62}, {volada=-4, tiempo=0, geocerca=63}, {volada=3, tiempo=0, geocerca=64}, {volada=11, tiempo=0, geocerca=65}, {volada=0, tiempo=0, geocerca=66}, {volada=0, tiempo=0, geocerca=3}, {volada=0, tiempo=6, geocerca=22}, {volada=0, tiempo=3, geocerca=23}, {volada=0, tiempo=3, geocerca=24}, {volada=0, tiempo=3, geocerca=25}, {volada=0, tiempo=3, geocerca=26}, {volada=0, tiempo=3, geocerca=27}, {volada=0, tiempo=3, geocerca=28}, {volada=0, tiempo=3, geocerca=29}, {volada=0, tiempo=2, geocerca=30}, {volada=0, tiempo=2, geocerca=31}, {volada=0, tiempo=3, geocerca=32}, {volada=0, tiempo=4, geocerca=33}, {volada=0, tiempo=3, geocerca=34}, {volada=0, tiempo=3, geocerca=35}, {volada=0, tiempo=3, geocerca=36}, {volada=0, tiempo=3, geocerca=37}, {volada=0, tiempo=3, geocerca=38}, {volada=0, tiempo=5, geocerca=4}], inicio=2026-09-23T10:20, marcados=[false, false, true, true, true, true, true, true, true, true, true, true, true, true, true, true, false, false, false, false, false, false, false, false, false, false, false, false, false, false, false, false, false, false, false, false], id=39152, conductor=131}
2026-09-23 12:01:09 [SocketMessageDispatcher] Mensaje: Header: backward_datero_hide, Data: {pad=132, geofence=63, delta=24, orden=0, id=5033503686}
2026-09-23 12:01:09 [SocketMessageDispatcher] Mensaje: Header: forward_datero_hide, Data: {trip=39152, geofence=65, time=2026-09-23T11:49:58, dateros=[{delta=14, padron=124}, {delta=10, padron=128}, {delta=25, padron=107}, {delta=15, padron=146}, {delta=7, padron=131}]}
2026-09-23 12:01:09 [SocketService] [RECIBIDO]| #4 | SID:252 | 245B | salida [DATA]: {lado=true, estado=R, frecuencia=16, ruta=1, geocerca=65, controles=[{volada=0, tiempo=0, geocerca=53}, {volada=0, tiempo=5, geocerca=67}, {volada=-4, tiempo=10, geocerca=54}, {volada=-6, tiempo=6, geocerca=68}, {volada=-10, tiempo=6, geocerca=55}, {volada=-9, tiempo=5, geocerca=69}, {volada=-12, tiempo=12, geocerca=56}, {volada=-15, tiempo=8, geocerca=57}, {volada=-15, tiempo=9, geocerca=58}, {volada=-17, tiempo=10, geocerca=59}, {volada=-18, tiempo=7, geocerca=60}, {volada=-12, tiempo=0, geocerca=61}, {volada=-6, tiempo=0, geocerca=62}, {volada=-4, tiempo=0, geocerca=63}, {volada=3, tiempo=0, geocerca=64}, {volada=11, tiempo=0, geocerca=65}, {volada=0, tiempo=0, geocerca=66}, {volada=0, tiempo=0, geocerca=3}, {volada=0, tiempo=6, geocerca=22}, {volada=0, tiempo=3, geocerca=23}, {volada=0, tiempo=3, geocerca=24}, {volada=0, tiempo=3, geocerca=25}, {volada=0, tiempo=3, geocerca=26}, {volada=0, tiempo=3, geocerca=27}, {volada=0, tiempo=3, geocerca=28}, {volada=0, tiempo=3, geocerca=29}, {volada=0, tiempo=2, geocerca=30}, {volada=0, tiempo=2, geocerca=31}, {volada=0, tiempo=3, geocerca=32}, {volada=0, tiempo=4, geocerca=33}, {volada=0, tiempo=3, geocerca=34}, {volada=0, tiempo=3, geocerca=35}, {volada=0, tiempo=3, geocerca=36}, {volada=0, tiempo=3, geocerca=37}, {volada=0, tiempo=3, geocerca=38}, {volada=0, tiempo=5, geocerca=4}], inicio=2026-09-23T10:20, marcados=[false, false, true, true, true, true, true, true, true, true, true, true, true, true, true, true, false, false, false, false, false, false, false, false, false, false, false, false, false, false, false, false, false, false, false, false], id=39152, conductor=131}
2026-09-23 12:01:09 [SocketService] [RECIBIDO]| #3 | SID:252 | 20B | backward_datero_hide [DATA]: {pad=132, geofence=63, delta=24, orden=0, id=5033503686}
2026-09-23 12:01:08 [SocketService] [RECIBIDO]| #2 | SID:252 | 31B | forward_datero_hide [DATA]: {trip=39152, geofence=65, time=2026-09-23T11:49:58, dateros=[{delta=14, padron=124}, {delta=10, padron=128}, {delta=25, padron=107}, {delta=15, padron=146}, {delta=7, padron=131}]}
2026-09-23 12:01:08 [SocketService] [ENVIADO] | [NUEVO] (3B) [KEY]: backward_datero [DATA]: {id=0}
2026-09-23 12:01:08 [SocketService] [ENVIADO] | [NUEVO] (7B) [KEY]: salida [DATA]: {limit=0, salida=39152}
2026-09-23 12:01:08 [SocketService] [ENVIADO] | [NUEVO] (4B) [KEY]: forward_datero [DATA]: {id=0}
2026-09-23 12:01:08 [SocketMessageDispatcher] ✅ Login confirmado por servidor (sesión OK)
2026-09-23 12:01:08 [SocketMessageDispatcher] Mensaje: Header: login, Data: {voice=true, orientation=false, contactless=false, data=2026-09-23T12:01:08, ticket=true, geofence=65, gps=false, schedule=10:35, ads=false, route=1, trip=39152, driver=null, calls=true, padron=124, id=15, state=R, map=false, placa=BCG906, direction=true, order=1}
2026-09-23 12:01:08 [SocketService] [RECIBIDO]| #1 | SID:252 | 35B | login [DATA]: {voice=true, orientation=false, contactless=false, data=2026-09-23T12:01:08, ticket=true, geofence=65, gps=false, schedule=10:35, ads=false, route=1, trip=39152, driver=null, calls=true, padron=124, id=15, state=R, map=false, placa=BCG906, direction=true, order=1}
2026-09-23 12:01:06 [SocketService] 🔒 WakeLock + WifiLock adquiridos
2026-09-23 12:01:06 [SocketService] [ENVIADO] | [NUEVO] (18B) [KEY]: login [DATA]: {serial=864255060447047}
2026-09-23 12:01:06 [SocketService] 🔑 Enviando login handshake (864255060447047)
2026-09-23 12:01:06 [SocketService] ✅ CONECTADO [ID: 252] en 82714798ms - Code: 101
2026-09-23 12:01:06 [SocketService] 🔄 Conectando [ID: 252] a ws://34.71.11.201:22222?schema=android&gps=true&console=true&version=2
2026-09-23 12:01:06 [SocketService] ✅ Recursos completamente limpiados
2026-09-23 12:01:06 [SocketService] 🔄 Nuevo Socket ID: 252
2026-09-23 12:01:06 [GpsViewModel] No hay conexión. Se omite procesamiento.
2026-09-23 12:01:06 [SocketService] 🧹 Limpiando recursos [ID: 251]
2026-09-23 12:01:06 [SocketService] ⏰ Watchdog: 135354ms sin mensajes, forzando reconexión
2026-09-23 11:58:50 [SocketMessageDispatcher] Mensaje: Header: backward_datero, Data: {pad=132, geofence=63, delta=24, orden=0, id=5033503686}
2026-09-23 11:58:50 [SocketService] [RECIBIDO]| #8 | SID:251 | 19B | backward_datero [DATA]: {pad=132, geofence=63, delta=24, orden=0, id=5033503686}
2026-09-23 11:57:30 [ProtectorVM] TEMP: 39.4C -> cap térmico 100%
2026-09-23 11:57:30 [ProtectorVM] temp: 39.4C
2026-09-23 11:56:50 [SocketMessageDispatcher] Mensaje: Header: report, Data: {positions=1}
2026-09-23 11:56:50 [SocketService] [RECIBIDO]| #7 | SID:251 | 3B | report [DATA]: {positions=1}
2026-09-23 11:56:50 [SocketService] [ENVIADO] | [NUEVO] (36B) [KEY]: report [DATA]: {trip=39152, route=1, positions=[{lng=-77.0284384, busstop=0, angle=85, accuracy=11, time=2026-09-23T11:56:49.933906, lat=-12.0643768, speed=3, mark=0}], state=R, sales=0, events=[], direction=true}
2026-09-23 11:56:50 [PositionRepository] 📤 Enviando 1 (batch=2, pendientes=1)
2026-09-23 11:56:49 [LocationTrackingService] GPS desactivado - Pulso cada 5 min acc:11.836m
2026-09-23 11:56:26 [SocketMessageDispatcher] Mensaje: Header: backward_datero, Data: {pad=132, geofence=62, delta=24, orden=0, id=2553914849}
2026-09-23 11:56:26 [SocketService] [RECIBIDO]| #6 | SID:251 | 19B | backward_datero [DATA]: {pad=132, geofence=62, delta=24, orden=0, id=2553914849}
2026-09-23 11:56:22 [ParaderoManager] Paradero más cercano: Paradero(id=33, lado=true, ruta=Ruta(id=1, codigo=1493, inicio=null, activo=false), activo=true, nombre=AVIACION, orden=12, latitud=-12.062446299781415, liquidar=false, longitud=-77.01297135226342, radio=44.0, velocidad=50.0, terminal=false, audio=AVIACION)
2026-09-23 11:54:07 [SocketMessageDispatcher] Mensaje: Header: salida, Data: {lado=true, estado=R, frecuencia=16, ruta=1, geocerca=65, controles=[{volada=0, tiempo=0, geocerca=53}, {volada=0, tiempo=5, geocerca=67}, {volada=-4, tiempo=10, geocerca=54}, {volada=-6, tiempo=6, geocerca=68}, {volada=-10, tiempo=6, geocerca=55}, {volada=-9, tiempo=5, geocerca=69}, {volada=-12, tiempo=12, geocerca=56}, {volada=-15, tiempo=8, geocerca=57}, {volada=-15, tiempo=9, geocerca=58}, {volada=-17, tiempo=10, geocerca=59}, {volada=-18, tiempo=7, geocerca=60}, {volada=-12, tiempo=0, geocerca=61}, {volada=-6, tiempo=0, geocerca=62}, {volada=-4, tiempo=0, geocerca=63}, {volada=3, tiempo=0, geocerca=64}, {volada=11, tiempo=0, geocerca=65}, {volada=0, tiempo=0, geocerca=66}, {volada=0, tiempo=0, geocerca=3}, {volada=0, tiempo=6, geocerca=22}, {volada=0, tiempo=3, geocerca=23}, {volada=0, tiempo=3, geocerca=24}, {volada=0, tiempo=3, geocerca=25}, {volada=0, tiempo=3, geocerca=26}, {volada=0, tiempo=3, geocerca=27}, {volada=0, tiempo=3, geocerca=28}, {volada=0, tiempo=3, geocerca=29}, {volada=0, tiempo=2, geocerca=30}, {volada=0, tiempo=2, geocerca=31}, {volada=0, tiempo=3, geocerca=32}, {volada=0, tiempo=4, geocerca=33}, {volada=0, tiempo=3, geocerca=34}, {volada=0, tiempo=3, geocerca=35}, {volada=0, tiempo=3, geocerca=36}, {volada=0, tiempo=3, geocerca=37}, {volada=0, tiempo=3, geocerca=38}, {volada=0, tiempo=5, geocerca=4}], inicio=2026-09-23T10:20, marcados=[false, false, true, true, true, true, true, true, true, true, true, true, true, true, true, true, false, false, false, false, false, false, false, false, false, false, false, false, false, false, false, false, false, false, false, false], id=39152, conductor=131}
2026-09-23 11:54:07 [SocketMessageDispatcher] Mensaje: Header: backward_datero_hide, Data: {pad=132, geofence=61, delta=23, orden=0, id=2438323131}
2026-09-23 11:54:07 [SocketMessageDispatcher] Mensaje: Header: forward_datero_hide, Data: {trip=39152, geofence=65, time=2026-09-23T11:49:58, dateros=[{delta=14, padron=124}, {delta=10, padron=128}, {delta=25, padron=107}, {delta=15, padron=146}, {delta=7, padron=131}]}
2026-09-23 11:54:07 [SocketService] [RECIBIDO]| #4 | SID:251 | 245B | salida [DATA]: {lado=true, estado=R, frecuencia=16, ruta=1, geocerca=65, controles=[{volada=0, tiempo=0, geocerca=53}, {volada=0, tiempo=5, geocerca=67}, {volada=-4, tiempo=10, geocerca=54}, {volada=-6, tiempo=6, geocerca=68}, {volada=-10, tiempo=6, geocerca=55}, {volada=-9, tiempo=5, geocerca=69}, {volada=-12, tiempo=12, geocerca=56}, {volada=-15, tiempo=8, geocerca=57}, {volada=-15, tiempo=9, geocerca=58}, {volada=-17, tiempo=10, geocerca=59}, {volada=-18, tiempo=7, geocerca=60}, {volada=-12, tiempo=0, geocerca=61}, {volada=-6, tiempo=0, geocerca=62}, {volada=-4, tiempo=0, geocerca=63}, {volada=3, tiempo=0, geocerca=64}, {volada=11, tiempo=0, geocerca=65}, {volada=0, tiempo=0, geocerca=66}, {volada=0, tiempo=0, geocerca=3}, {volada=0, tiempo=6, geocerca=22}, {volada=0, tiempo=3, geocerca=23}, {volada=0, tiempo=3, geocerca=24}, {volada=0, tiempo=3, geocerca=25}, {volada=0, tiempo=3, geocerca=26}, {volada=0, tiempo=3, geocerca=27}, {volada=0, tiempo=3, geocerca=28}, {volada=0, tiempo=3, geocerca=29}, {volada=0, tiempo=2, geocerca=30}, {volada=0, tiempo=2, geocerca=31}, {volada=0, tiempo=3, geocerca=32}, {volada=0, tiempo=4, geocerca=33}, {volada=0, tiempo=3, geocerca=34}, {volada=0, tiempo=3, geocerca=35}, {volada=0, tiempo=3, geocerca=36}, {volada=0, tiempo=3, geocerca=37}, {volada=0, tiempo=3, geocerca=38}, {volada=0, tiempo=5, geocerca=4}], inicio=2026-09-23T10:20, marcados=[false, false, true, true, true, true, true, true, true, true, true, true, true, true, true, true, false, false, false, false, false, false, false, false, false, false, false, false, false, false, false, false, false, false, false, false], id=39152, conductor=131}
2026-09-23 11:54:07 [SocketService] [RECIBIDO]| #3 | SID:251 | 20B | backward_datero_hide [DATA]: {pad=132, geofence=61, delta=23, orden=0, id=2438323131}
2026-09-23 11:54:06 [SocketService] [RECIBIDO]| #2 | SID:251 | 31B | forward_datero_hide [DATA]: {trip=39152, geofence=65, time=2026-09-23T11:49:58, dateros=[{delta=14, padron=124}, {delta=10, padron=128}, {delta=25, padron=107}, {delta=15, padron=146}, {delta=7, padron=131}]}
2026-09-23 11:54:06 [SocketService] [ENVIADO] | [NUEVO] (3B) [KEY]: backward_datero [DATA]: {id=0}
2026-09-23 11:54:06 [SocketService] [ENVIADO] | [NUEVO] (7B) [KEY]: salida [DATA]: {limit=0, salida=39152}
2026-09-23 11:54:06 [SocketService] [ENVIADO] | [NUEVO] (4B) [KEY]: forward_datero [DATA]: {id=0}
2026-09-23 11:54:06 [SocketMessageDispatcher] ✅ Login confirmado por servidor (sesión OK)
2026-09-23 11:54:06 [SocketMessageDispatcher] Mensaje: Header: login, Data: {voice=true, orientation=false, contactless=false, data=2026-09-23T11:54:06, ticket=true, geofence=65, gps=false, schedule=10:35, ads=false, route=1, trip=39152, driver=null, calls=true, padron=124, id=15, state=R, map=false, placa=BCG906, direction=true, order=1}
2026-09-23 11:54:06 [SocketService] [RECIBIDO]| #1 | SID:251 | 35B | login [DATA]: {voice=true, orientation=false, contactless=false, data=2026-09-23T11:54:06, ticket=true, geofence=65, gps=false, schedule=10:35, ads=false, route=1, trip=39152, driver=null, calls=true, padron=124, id=15, state=R, map=false, placa=BCG906, direction=true, order=1}
2026-09-23 11:54:05 [SocketService] 🔒 WakeLock + WifiLock adquiridos
2026-09-23 11:54:05 [SocketService] [ENVIADO] | [NUEVO] (18B) [KEY]: login [DATA]: {serial=864255060447047}
2026-09-23 11:54:05 [SocketService] 🔑 Enviando login handshake (864255060447047)
2026-09-23 11:54:05 [ERROR-SocketService] ℹ️ Reconexión cancelada
2026-09-23 11:54:05 [SocketService] ✅ CONECTADO [ID: 251] en 82294137ms - Code: 101
2026-09-23 11:54:05 [SocketService] ✅ Recursos completamente limpiados
2026-09-23 11:54:05 [SocketService] 🔄 Conectando [ID: 251] a ws://34.71.11.201:22222?schema=android&gps=true&console=true&version=2
2026-09-23 11:54:05 [SocketService] 🔄 Nuevo Socket ID: 251
2026-09-23 11:54:05 [GpsViewModel] No hay conexión. Se omite procesamiento.
2026-09-23 11:54:05 [SocketService] 🔄 Reconexión #1 en 1509ms
2026-09-23 11:54:05 [ERROR-SocketService] ❌ [onFailure] [ID: 250]: Socket closed
2026-09-23 11:54:05 [SocketService] 🧹 Limpiando recursos [ID: 250]
2026-09-23 11:54:05 [SocketService] ⏰ Watchdog: 137977ms sin mensajes, forzando reconexión
2026-09-23 11:52:30 [ProtectorVM] TEMP: 39.2C -> cap térmico 100%
2026-09-23 11:52:30 [ProtectorVM] temp: 39.2C
2026-09-23 11:51:47 [SocketMessageDispatcher] Mensaje: Header: report, Data: {positions=1}
2026-09-23 11:51:47 [SocketService] [RECIBIDO]| #16 | SID:250 | 3B | report [DATA]: {positions=1}
2026-09-23 11:51:47 [SocketService] [ENVIADO] | [NUEVO] (36B) [KEY]: report [DATA]: {trip=39152, route=1, positions=[{lng=-77.0321542, busstop=0, angle=173, accuracy=10, time=2026-09-23T11:51:46.944723, lat=-12.0643983, speed=24, mark=0}], state=R, sales=0, events=[], direction=true}
2026-09-23 11:51:47 [PositionRepository] 📤 Enviando 1 (batch=2, pendientes=1)
2026-09-23 11:51:46 [LocationTrackingService] GPS desactivado - Pulso cada 5 min acc:10.546m
2026-09-23 11:51:20 [SocketMessageDispatcher] Mensaje: Header: tickets, Data: {tickets=[{correlative=9364, id=6ab4038827bb27508ccc0fc8}]}
2026-09-23 11:51:20 [SocketService] [RECIBIDO]| #12 | SID:250 | 32B | tickets [DATA]: {tickets=[{correlative=9364, id=6ab4038827bb27508ccc0fc8}]}
2026-09-23 11:51:20 [SocketService] [ENVIADO] | [NUEVO] (43B) [KEY]: tickets [DATA]: {tickets=[{fare=3, correlative=9364, session=35417, busstop_end=null, inspector=null, vehicle=15, number=699, route=1, driver=131, price=300.0, time=2026-09-23T11:51:20.612900, busstop_start=32, day=2026-09-23, payment_method=1, card=null}]}
2026-09-23 11:50:33 [SocketMessageDispatcher] Mensaje: Header: tickets, Data: {tickets=[{correlative=9363, id=6ab4035927bb27508ccc0eff}]}
2026-09-23 11:50:33 [SocketService] [RECIBIDO]| #8 | SID:250 | 32B | tickets [DATA]: {tickets=[{correlative=9363, id=6ab4035927bb27508ccc0eff}]}
2026-09-23 11:50:33 [SocketService] [ENVIADO] | [NUEVO] (43B) [KEY]: tickets [DATA]: {tickets=[{fare=7, correlative=9363, session=35417, busstop_end=null, inspector=null, vehicle=15, number=1847, route=1, driver=131, price=100.0, time=2026-09-23T11:50:32.996947, busstop_start=32, day=2026-09-23, payment_method=1, card=null}]}
2026-09-23 11:49:59 [SocketMessageDispatcher] Mensaje: Header: forward_datero, Data: {trip=39152, geofence=65, time=2026-09-23T11:49:58, dateros=[{delta=14, padron=124}, {delta=10, padron=128}, {delta=25, padron=107}, {delta=15, padron=146}, {delta=7, padron=131}]}
2026-09-23 11:49:59 [SocketMessageDispatcher] Mensaje: Header: mark, Data: {volada=11, trip=39152, geofence=65, id=1136921, state=M, timestamp=2026-09-23T11:49:58}
2026-09-23 11:49:59 [SocketService] [RECIBIDO]| #7 | SID:250 | 32B | forward_datero [DATA]: {trip=39152, geofence=65, time=2026-09-23T11:49:58, dateros=[{delta=14, padron=124}, {delta=10, padron=128}, {delta=25, padron=107}, {delta=15, padron=146}, {delta=7, padron=131}]}
2026-09-23 11:49:59 [SocketService] [RECIBIDO]| #6 | SID:250 | 25B | mark [DATA]: {volada=11, trip=39152, geofence=65, id=1136921, state=M, timestamp=2026-09-23T11:49:58}
2026-09-23 11:49:48 [SocketMessageDispatcher] Mensaje: Header: backward_datero, Data: {pad=132, geofence=61, delta=23, orden=0, id=2438323131}
2026-09-23 11:49:48 [SocketService] [RECIBIDO]| #5 | SID:250 | 19B | backward_datero [DATA]: {pad=132, geofence=61, delta=23, orden=0, id=2438323131}
2026-09-23 11:49:41 [SocketMessageDispatcher] Mensaje: Header: salida, Data: {lado=true, estado=R, frecuencia=16, ruta=1, geocerca=64, controles=[{volada=0, tiempo=0, geocerca=53}, {volada=0, tiempo=5, geocerca=67}, {volada=-4, tiempo=10, geocerca=54}, {volada=-6, tiempo=6, geocerca=68}, {volada=-10, tiempo=6, geocerca=55}, {volada=-9, tiempo=5, geocerca=69}, {volada=-12, tiempo=12, geocerca=56}, {volada=-15, tiempo=8, geocerca=57}, {volada=-15, tiempo=9, geocerca=58}, {volada=-17, tiempo=10, geocerca=59}, {volada=-18, tiempo=7, geocerca=60}, {volada=-12, tiempo=0, geocerca=61}, {volada=-6, tiempo=0, geocerca=62}, {volada=-4, tiempo=0, geocerca=63}, {volada=3, tiempo=0, geocerca=64}, {volada=0, tiempo=0, geocerca=65}, {volada=0, tiempo=0, geocerca=66}, {volada=0, tiempo=0, geocerca=3}, {volada=0, tiempo=6, geocerca=22}, {volada=0, tiempo=3, geocerca=23}, {volada=0, tiempo=3, geocerca=24}, {volada=0, tiempo=3, geocerca=25}, {volada=0, tiempo=3, geocerca=26}, {volada=0, tiempo=3, geocerca=27}, {volada=0, tiempo=3, geocerca=28}, {volada=0, tiempo=3, geocerca=29}, {volada=0, tiempo=2, geocerca=30}, {volada=0, tiempo=2, geocerca=31}, {volada=0, tiempo=3, geocerca=32}, {volada=0, tiempo=4, geocerca=33}, {volada=0, tiempo=3, geocerca=34}, {volada=0, tiempo=3, geocerca=35}, {volada=0, tiempo=3, geocerca=36}, {volada=0, tiempo=3, geocerca=37}, {volada=0, tiempo=3, geocerca=38}, {volada=0, tiempo=5, geocerca=4}], inicio=2026-09-23T10:20, marcados=[false, false, true, true, true, true, true, true, true, true, true, true, true, true, true, false, false, false, false, false, false, false, false, false, false, false, false, false, false, false, false, false, false, false, false, false], id=39152, conductor=131}
2026-09-23 11:49:41 [SocketMessageDispatcher] Mensaje: Header: backward_datero_hide, Data: {pad=132, geofence=60, delta=24, orden=0, id=2210933951}
2026-09-23 11:49:41 [SocketMessageDispatcher] Mensaje: Header: forward_datero_hide, Data: {trip=39152, geofence=64, time=2026-09-23T11:41:17, dateros=[{delta=15, padron=124}, {delta=10, padron=128}, {delta=25, padron=107}, {delta=18, padron=146}, {delta=5, padron=131}]}
2026-09-23 11:49:41 [SocketService] [RECIBIDO]| #4 | SID:250 | 245B | salida [DATA]: {lado=true, estado=R, frecuencia=16, ruta=1, geocerca=64, controles=[{volada=0, tiempo=0, geocerca=53}, {volada=0, tiempo=5, geocerca=67}, {volada=-4, tiempo=10, geocerca=54}, {volada=-6, tiempo=6, geocerca=68}, {volada=-10, tiempo=6, geocerca=55}, {volada=-9, tiempo=5, geocerca=69}, {volada=-12, tiempo=12, geocerca=56}, {volada=-15, tiempo=8, geocerca=57}, {volada=-15, tiempo=9, geocerca=58}, {volada=-17, tiempo=10, geocerca=59}, {volada=-18, tiempo=7, geocerca=60}, {volada=-12, tiempo=0, geocerca=61}, {volada=-6, tiempo=0, geocerca=62}, {volada=-4, tiempo=0, geocerca=63}, {volada=3, tiempo=0, geocerca=64}, {volada=0, tiempo=0, geocerca=65}, {volada=0, tiempo=0, geocerca=66}, {volada=0, tiempo=0, geocerca=3}, {volada=0, tiempo=6, geocerca=22}, {volada=0, tiempo=3, geocerca=23}, {volada=0, tiempo=3, geocerca=24}, {volada=0, tiempo=3, geocerca=25}, {volada=0, tiempo=3, geocerca=26}, {volada=0, tiempo=3, geocerca=27}, {volada=0, tiempo=3, geocerca=28}, {volada=0, tiempo=3, geocerca=29}, {volada=0, tiempo=2, geocerca=30}, {volada=0, tiempo=2, geocerca=31}, {volada=0, tiempo=3, geocerca=32}, {volada=0, tiempo=4, geocerca=33}, {volada=0, tiempo=3, geocerca=34}, {volada=0, tiempo=3, geocerca=35}, {volada=0, tiempo=3, geocerca=36}, {volada=0, tiempo=3, geocerca=37}, {volada=0, tiempo=3, geocerca=38}, {volada=0, tiempo=5, geocerca=4}], inicio=2026-09-23T10:20, marcados=[false, false, true, true, true, true, true, true, true, true, true, true, true, true, true, false, false, false, false, false, false, false, false, false, false, false, false, false, false, false, false, false, false, false, false, false], id=39152, conductor=131}
2026-09-23 11:49:41 [SocketService] [RECIBIDO]| #3 | SID:250 | 20B | backward_datero_hide [DATA]: {pad=132, geofence=60, delta=24, orden=0, id=2210933951}
2026-09-23 11:49:40 [SocketService] [RECIBIDO]| #2 | SID:250 | 31B | forward_datero_hide [DATA]: {trip=39152, geofence=64, time=2026-09-23T11:41:17, dateros=[{delta=15, padron=124}, {delta=10, padron=128}, {delta=25, padron=107}, {delta=18, padron=146}, {delta=5, padron=131}]}
2026-09-23 11:49:40 [SocketService] [ENVIADO] | [NUEVO] (3B) [KEY]: backward_datero [DATA]: {id=0}
2026-09-23 11:49:40 [SocketService] [ENVIADO] | [NUEVO] (4B) [KEY]: forward_datero [DATA]: {id=0}
2026-09-23 11:49:40 [SocketService] [ENVIADO] | [NUEVO] (7B) [KEY]: salida [DATA]: {limit=0, salida=39152}
2026-09-23 11:49:40 [SocketMessageDispatcher] ✅ Login confirmado por servidor (sesión OK)
2026-09-23 11:49:40 [SocketMessageDispatcher] Mensaje: Header: login, Data: {voice=true, orientation=false, contactless=false, data=2026-09-23T11:49:40, ticket=true, geofence=64, gps=false, schedule=10:35, ads=false, route=1, trip=39152, driver=null, calls=true, padron=124, id=15, state=R, map=false, placa=BCG906, direction=true, order=1}
2026-09-23 11:49:40 [SocketService] [RECIBIDO]| #1 | SID:250 | 35B | login [DATA]: {voice=true, orientation=false, contactless=false, data=2026-09-23T11:49:40, ticket=true, geofence=64, gps=false, schedule=10:35, ads=false, route=1, trip=39152, driver=null, calls=true, padron=124, id=15, state=R, map=false, placa=BCG906, direction=true, order=1}
2026-09-23 11:49:35 [SocketService] 🔒 WakeLock + WifiLock adquiridos
2026-09-23 11:49:35 [SocketService] [ENVIADO] | [NUEVO] (18B) [KEY]: login [DATA]: {serial=864255060447047}
2026-09-23 11:49:35 [SocketService] 🔑 Enviando login handshake (864255060447047)
2026-09-23 11:49:35 [SocketService] ✅ CONECTADO [ID: 250] en 82023506ms - Code: 101
2026-09-23 11:49:34 [SocketService] ✅ Recursos completamente limpiados
2026-09-23 11:49:34 [SocketService] 🔄 Conectando [ID: 250] a ws://34.71.11.201:22222?schema=android&gps=true&console=true&version=2
2026-09-23 11:49:34 [GpsViewModel] No hay conexión. Se omite procesamiento.
2026-09-23 11:49:34 [SocketService] 🔄 Nuevo Socket ID: 250
2026-09-23 11:49:34 [SocketService] 🧹 Limpiando recursos [ID: 249]
2026-09-23 11:49:34 [SocketService] ⏰ Watchdog: 126085ms sin mensajes, forzando reconexión
2026-09-23 11:47:30 [ProtectorVM] temp: 39.0C
2026-09-23 11:47:30 [ProtectorVM] TEMP: 39.0C -> cap térmico 100%
2026-09-23 11:47:28 [SocketMessageDispatcher] Mensaje: Header: tickets, Data: {tickets=[{correlative=9362, id=6ab402a027bb27508ccc0c29}]}
2026-09-23 11:47:28 [SocketService] [RECIBIDO]| #16 | SID:249 | 32B | tickets [DATA]: {tickets=[{correlative=9362, id=6ab402a027bb27508ccc0c29}]}
2026-09-23 11:47:27 [SocketService] [ENVIADO] | [NUEVO] (43B) [KEY]: tickets [DATA]: {tickets=[{fare=7, correlative=9362, session=35417, busstop_end=null, inspector=null, vehicle=15, number=1846, route=1, driver=131, price=100.0, time=2026-09-23T11:47:27.832741, busstop_start=32, day=2026-09-23, payment_method=1, card=null}]}
2026-09-23 11:47:14 [SocketMessageDispatcher] Mensaje: Header: tickets, Data: {tickets=[{correlative=9361, id=6ab4029227bb27508ccc0bfe}]}
2026-09-23 11:47:14 [SocketService] [RECIBIDO]| #12 | SID:249 | 32B | tickets [DATA]: {tickets=[{correlative=9361, id=6ab4029227bb27508ccc0bfe}]}
2026-09-23 11:47:14 [SocketService] [ENVIADO] | [NUEVO] (43B) [KEY]: tickets [DATA]: {tickets=[{fare=7, correlative=9361, session=35417, busstop_end=null, inspector=null, vehicle=15, number=1845, route=1, driver=131, price=100.0, time=2026-09-23T11:47:14.384688, busstop_start=32, day=2026-09-23, payment_method=1, card=null}]}
2026-09-23 11:47:08 [SocketMessageDispatcher] Mensaje: Header: tickets, Data: {tickets=[{correlative=9360, id=6ab4028c27bb27508ccc0be8}]}
2026-09-23 11:47:08 [SocketService] [RECIBIDO]| #8 | SID:249 | 32B | tickets [DATA]: {tickets=[{correlative=9360, id=6ab4028c27bb27508ccc0be8}]}
2026-09-23 11:47:08 [SocketService] [ENVIADO] | [NUEVO] (43B) [KEY]: tickets [DATA]: {tickets=[{fare=6, correlative=9360, session=35417, busstop_end=null, inspector=null, vehicle=15, number=1337, route=1, driver=131, price=150.0, time=2026-09-23T11:47:07.892997, busstop_start=32, day=2026-09-23, payment_method=1, card=null}]}
2026-09-23 11:46:44 [SocketMessageDispatcher] Mensaje: Header: report, Data: {positions=1}
2026-09-23 11:46:44 [SocketService] [RECIBIDO]| #7 | SID:249 | 3B | report [DATA]: {positions=1}
2026-09-23 11:46:43 [SocketService] [ENVIADO] | [NUEVO] (36B) [KEY]: report [DATA]: {trip=39152, route=1, positions=[{lng=-77.0387399, busstop=0, angle=83, accuracy=7, time=2026-09-23T11:46:43.952724, lat=-12.0648159, speed=0, mark=0}], state=R, sales=0, events=[], direction=true}
2026-09-23 11:46:43 [PositionRepository] 📤 Enviando 1 (batch=2, pendientes=1)
2026-09-23 11:46:43 [LocationTrackingService] GPS desactivado - Pulso cada 5 min acc:7.15m
2026-09-23 11:44:57 [SocketMessageDispatcher] Mensaje: Header: backward_datero, Data: {pad=132, geofence=60, delta=24, orden=0, id=2210933951}
2026-09-23 11:44:57 [SocketService] [RECIBIDO]| #6 | SID:249 | 19B | backward_datero [DATA]: {pad=132, geofence=60, delta=24, orden=0, id=2210933951}
2026-09-23 11:44:06 [SocketMessageDispatcher] Mensaje: Header: salida, Data: {lado=true, estado=R, frecuencia=16, ruta=1, geocerca=64, controles=[{volada=0, tiempo=0, geocerca=53}, {volada=0, tiempo=5, geocerca=67}, {volada=-4, tiempo=10, geocerca=54}, {volada=-6, tiempo=6, geocerca=68}, {volada=-10, tiempo=6, geocerca=55}, {volada=-9, tiempo=5, geocerca=69}, {volada=-12, tiempo=12, geocerca=56}, {volada=-15, tiempo=8, geocerca=57}, {volada=-15, tiempo=9, geocerca=58}, {volada=-17, tiempo=10, geocerca=59}, {volada=-18, tiempo=7, geocerca=60}, {volada=-12, tiempo=0, geocerca=61}, {volada=-6, tiempo=0, geocerca=62}, {volada=-4, tiempo=0, geocerca=63}, {volada=3, tiempo=0, geocerca=64}, {volada=0, tiempo=0, geocerca=65}, {volada=0, tiempo=0, geocerca=66}, {volada=0, tiempo=0, geocerca=3}, {volada=0, tiempo=6, geocerca=22}, {volada=0, tiempo=3, geocerca=23}, {volada=0, tiempo=3, geocerca=24}, {volada=0, tiempo=3, geocerca=25}, {volada=0, tiempo=3, geocerca=26}, {volada=0, tiempo=3, geocerca=27}, {volada=0, tiempo=3, geocerca=28}, {volada=0, tiempo=3, geocerca=29}, {volada=0, tiempo=2, geocerca=30}, {volada=0, tiempo=2, geocerca=31}, {volada=0, tiempo=3, geocerca=32}, {volada=0, tiempo=4, geocerca=33}, {volada=0, tiempo=3, geocerca=34}, {volada=0, tiempo=3, geocerca=35}, {volada=0, tiempo=3, geocerca=36}, {volada=0, tiempo=3, geocerca=37}, {volada=0, tiempo=3, geocerca=38}, {volada=0, tiempo=5, geocerca=4}], inicio=2026-09-23T10:20, marcados=[false, false, true, true, true, true, true, true, true, true, true, true, true, true, true, false, false, false, false, false, false, false, false, false, false, false, false, false, false, false, false, false, false, false, false, false], id=39152, conductor=131}
2026-09-23 11:44:06 [SocketMessageDispatcher] Mensaje: Header: backward_datero_hide, Data: {pad=132, geofence=59, delta=25, orden=0, id=1764975525}
2026-09-23 11:44:06 [SocketMessageDispatcher] Mensaje: Header: forward_datero_hide, Data: {trip=39152, geofence=64, time=2026-09-23T11:41:17, dateros=[{delta=15, padron=124}, {delta=10, padron=128}, {delta=25, padron=107}, {delta=18, padron=146}, {delta=5, padron=131}]}
2026-09-23 11:44:05 [SocketService] [RECIBIDO]| #4 | SID:249 | 245B | salida [DATA]: {lado=true, estado=R, frecuencia=16, ruta=1, geocerca=64, controles=[{volada=0, tiempo=0, geocerca=53}, {volada=0, tiempo=5, geocerca=67}, {volada=-4, tiempo=10, geocerca=54}, {volada=-6, tiempo=6, geocerca=68}, {volada=-10, tiempo=6, geocerca=55}, {volada=-9, tiempo=5, geocerca=69}, {volada=-12, tiempo=12, geocerca=56}, {volada=-15, tiempo=8, geocerca=57}, {volada=-15, tiempo=9, geocerca=58}, {volada=-17, tiempo=10, geocerca=59}, {volada=-18, tiempo=7, geocerca=60}, {volada=-12, tiempo=0, geocerca=61}, {volada=-6, tiempo=0, geocerca=62}, {volada=-4, tiempo=0, geocerca=63}, {volada=3, tiempo=0, geocerca=64}, {volada=0, tiempo=0, geocerca=65}, {volada=0, tiempo=0, geocerca=66}, {volada=0, tiempo=0, geocerca=3}, {volada=0, tiempo=6, geocerca=22}, {volada=0, tiempo=3, geocerca=23}, {volada=0, tiempo=3, geocerca=24}, {volada=0, tiempo=3, geocerca=25}, {volada=0, tiempo=3, geocerca=26}, {volada=0, tiempo=3, geocerca=27}, {volada=0, tiempo=3, geocerca=28}, {volada=0, tiempo=3, geocerca=29}, {volada=0, tiempo=2, geocerca=30}, {volada=0, tiempo=2, geocerca=31}, {volada=0, tiempo=3, geocerca=32}, {volada=0, tiempo=4, geocerca=33}, {volada=0, tiempo=3, geocerca=34}, {volada=0, tiempo=3, geocerca=35}, {volada=0, tiempo=3, geocerca=36}, {volada=0, tiempo=3, geocerca=37}, {volada=0, tiempo=3, geocerca=38}, {volada=0, tiempo=5, geocerca=4}], inicio=2026-09-23T10:20, marcados=[false, false, true, true, true, true, true, true, true, true, true, true, true, true, true, false, false, false, false, false, false, false, false, false, false, false, false, false, false, false, false, false, false, false, false, false], id=39152, conductor=131}
2026-09-23 11:44:05 [SocketService] [RECIBIDO]| #3 | SID:249 | 20B | backward_datero_hide [DATA]: {pad=132, geofence=59, delta=25, orden=0, id=1764975525}
2026-09-23 11:44:05 [SocketService] [RECIBIDO]| #2 | SID:249 | 31B | forward_datero_hide [DATA]: {trip=39152, geofence=64, time=2026-09-23T11:41:17, dateros=[{delta=15, padron=124}, {delta=10, padron=128}, {delta=25, padron=107}, {delta=18, padron=146}, {delta=5, padron=131}]}
2026-09-23 11:44:05 [SocketService] [ENVIADO] | [NUEVO] (3B) [KEY]: backward_datero [DATA]: {id=0}
2026-09-23 11:44:05 [SocketService] [ENVIADO] | [NUEVO] (7B) [KEY]: salida [DATA]: {limit=0, salida=39152}
2026-09-23 11:44:05 [SocketService] [ENVIADO] | [NUEVO] (4B) [KEY]: forward_datero [DATA]: {id=0}
2026-09-23 11:44:05 [SocketMessageDispatcher] ✅ Login confirmado por servidor (sesión OK)
2026-09-23 11:44:05 [SocketMessageDispatcher] Mensaje: Header: login, Data: {voice=true, orientation=false, contactless=false, data=2026-09-23T11:44:05, ticket=true, geofence=64, gps=false, schedule=10:35, ads=false, route=1, trip=39152, driver=null, calls=true, padron=124, id=15, state=R, map=false, placa=BCG906, direction=true, order=1}
2026-09-23 11:44:05 [SocketService] [RECIBIDO]| #1 | SID:249 | 35B | login [DATA]: {voice=true, orientation=false, contactless=false, data=2026-09-23T11:44:05, ticket=true, geofence=64, gps=false, schedule=10:35, ads=false, route=1, trip=39152, driver=null, calls=true, padron=124, id=15, state=R, map=false, placa=BCG906, direction=true, order=1}
2026-09-23 11:44:04 [SocketService] 🔒 WakeLock + WifiLock adquiridos
2026-09-23 11:44:04 [SocketService] [ENVIADO] | [NUEVO] (18B) [KEY]: login [DATA]: {serial=864255060447047}
2026-09-23 11:44:04 [SocketService] 🔑 Enviando login handshake (864255060447047)
2026-09-23 11:44:04 [SocketService] ✅ CONECTADO [ID: 249] en 81693019ms - Code: 101
2026-09-23 11:44:04 [SocketService] 🔄 Conectando [ID: 249] a ws://34.71.11.201:22222?schema=android&gps=true&console=true&version=2
2026-09-23 11:44:04 [SocketService] ✅ Recursos completamente limpiados
2026-09-23 11:44:04 [SocketService] 🔄 Nuevo Socket ID: 249
2026-09-23 11:44:04 [GpsViewModel] No hay conexión. Se omite procesamiento.
2026-09-23 11:44:04 [SocketService] 🧹 Limpiando recursos [ID: 248]
2026-09-23 11:44:04 [SocketService] ⏰ Watchdog: 142963ms sin mensajes, forzando reconexión
2026-09-23 11:43:01 [ParaderoManager] Paradero más cercano: Paradero(id=36, lado=false, ruta=Ruta(id=1, codigo=1493, inicio=null, activo=false), activo=true, nombre=AV. BRASIL, orden=12, latitud=-12.065247384230364, liquidar=false, longitud=-77.0451290104914, radio=45.444945779464504, velocidad=50.0, terminal=false, audio=AV. BRASIL)
2026-09-23 11:42:30 [ProtectorVM] TEMP: 38.4C -> cap térmico 100%
2026-09-23 11:42:30 [ProtectorVM] temp: 38.4C
2026-09-23 11:41:41 [SocketMessageDispatcher] Mensaje: Header: report, Data: {positions=1}
2026-09-23 11:41:41 [SocketService] [RECIBIDO]| #12 | SID:248 | 3B | report [DATA]: {positions=1}
2026-09-23 11:41:41 [SocketService] [ENVIADO] | [NUEVO] (36B) [KEY]: report [DATA]: {trip=39152, route=1, positions=[{lng=-77.0460643, busstop=0, angle=0, accuracy=9, time=2026-09-23T11:41:40.943577, lat=-12.065862, speed=0, mark=0}], state=R, sales=0, events=[], direction=true}
2026-09-23 11:41:41 [PositionRepository] 📤 Enviando 1 (batch=2, pendientes=1)
2026-09-23 11:41:40 [LocationTrackingService] GPS desactivado - Pulso cada 5 min acc:9.692m
2026-09-23 11:41:19 [SocketMessageDispatcher] Mensaje: Header: forward_datero, Data: {trip=39152, geofence=64, time=2026-09-23T11:41:17, dateros=[{delta=15, padron=124}, {delta=10, padron=128}, {delta=25, padron=107}, {delta=18, padron=146}, {delta=5, padron=131}]}
2026-09-23 11:41:19 [ERROR-GeoMarkViewModel] ❌ Geocerca ID 64 no encontrada
2026-09-23 11:41:19 [SocketService] [RECIBIDO]| #11 | SID:248 | 32B | forward_datero [DATA]: {trip=39152, geofence=64, time=2026-09-23T11:41:17, dateros=[{delta=15, padron=124}, {delta=10, padron=128}, {delta=25, padron=107}, {delta=18, padron=146}, {delta=5, padron=131}]}
2026-09-23 11:41:19 [SocketMessageDispatcher] Mensaje: Header: mark, Data: {volada=3, trip=39152, geofence=64, id=1136920, state=M, timestamp=2026-09-23T11:41:17}
2026-09-23 11:41:19 [SocketService] [RECIBIDO]| #10 | SID:248 | 25B | mark [DATA]: {volada=3, trip=39152, geofence=64, id=1136920, state=M, timestamp=2026-09-23T11:41:17}
2026-09-23 11:40:55 [DRIVERAUTO] Primera sesión obtenida: SessionDriver(id=35417, driver_id=131, driver_code=ID131, activo=true, castigado=false, conductor=true, vencido=false, route=1, direction=false, start_time=2026-09-23T06:18:59, autoLogin=true)
2026-09-23 11:40:55 [ParaderoManager] Paradero actual: 28 DE JULIO (id=32)
2026-09-23 11:39:09 [SocketMessageDispatcher] Mensaje: Header: backward_datero, Data: {pad=132, geofence=59, delta=25, orden=0, id=1764975525}
2026-09-23 11:39:09 [SocketService] [RECIBIDO]| #6 | SID:248 | 19B | backward_datero [DATA]: {pad=132, geofence=59, delta=25, orden=0, id=1764975525}
2026-09-23 11:39:09 [SocketMessageDispatcher] Mensaje: Header: tickets, Data: {tickets=[{correlative=9359, id=6ab400ad27bb27508ccc050d}]}
2026-09-23 11:39:09 [SocketService] [RECIBIDO]| #5 | SID:248 | 32B | tickets [DATA]: {tickets=[{correlative=9359, id=6ab400ad27bb27508ccc050d}]}
2026-09-23 11:39:09 [SocketService] [ENVIADO] | [NUEVO] (43B) [KEY]: tickets [DATA]: {tickets=[{fare=6, correlative=9359, session=35417, busstop_end=null, inspector=null, vehicle=15, number=1336, route=1, driver=131, price=150.0, time=2026-09-23T11:39:09.080332, busstop_start=30, day=2026-09-23, payment_method=1, card=null}]}
2026-09-23 11:39:05 [SocketMessageDispatcher] Mensaje: Header: backward_datero_hide, Data: {pad=132, geofence=58, delta=24, orden=0, id=6657834798}
2026-09-23 11:39:05 [SocketMessageDispatcher] Mensaje: Header: forward_datero_hide, Data: {trip=39152, geofence=63, time=2026-09-23T11:34:02, dateros=[{delta=13, padron=124}, {delta=11, padron=128}, {delta=24, padron=107}, {delta=19, padron=146}, {delta=6, padron=131}]}
2026-09-23 11:39:05 [SocketMessageDispatcher] Mensaje: Header: salida, Data: {lado=true, estado=R, frecuencia=16, ruta=1, geocerca=63, controles=[{volada=0, tiempo=0, geocerca=53}, {volada=0, tiempo=5, geocerca=67}, {volada=-4, tiempo=10, geocerca=54}, {volada=-6, tiempo=6, geocerca=68}, {volada=-10, tiempo=6, geocerca=55}, {volada=-9, tiempo=5, geocerca=69}, {volada=-12, tiempo=12, geocerca=56}, {volada=-15, tiempo=8, geocerca=57}, {volada=-15, tiempo=9, geocerca=58}, {volada=-17, tiempo=10, geocerca=59}, {volada=-18, tiempo=7, geocerca=60}, {volada=-12, tiempo=0, geocerca=61}, {volada=-6, tiempo=0, geocerca=62}, {volada=-4, tiempo=0, geocerca=63}, {volada=0, tiempo=0, geocerca=64}, {volada=0, tiempo=0, geocerca=65}, {volada=0, tiempo=0, geocerca=66}, {volada=0, tiempo=0, geocerca=3}, {volada=0, tiempo=6, geocerca=22}, {volada=0, tiempo=3, geocerca=23}, {volada=0, tiempo=3, geocerca=24}, {volada=0, tiempo=3, geocerca=25}, {volada=0, tiempo=3, geocerca=26}, {volada=0, tiempo=3, geocerca=27}, {volada=0, tiempo=3, geocerca=28}, {volada=0, tiempo=3, geocerca=29}, {volada=0, tiempo=2, geocerca=30}, {volada=0, tiempo=2, geocerca=31}, {volada=0, tiempo=3, geocerca=32}, {volada=0, tiempo=4, geocerca=33}, {volada=0, tiempo=3, geocerca=34}, {volada=0, tiempo=3, geocerca=35}, {volada=0, tiempo=3, geocerca=36}, {volada=0, tiempo=3, geocerca=37}, {volada=0, tiempo=3, geocerca=38}, {volada=0, tiempo=5, geocerca=4}], inicio=2026-09-23T10:20, marcados=[false, false, true, true, true, true, true, true, true, true, true, true, true, true, false, false, false, false, false, false, false, false, false, false, false, false, false, false, false, false, false, false, false, false, false, false], id=39152, conductor=131}
2026-09-23 11:39:05 [SocketService] [RECIBIDO]| #4 | SID:248 | 20B | backward_datero_hide [DATA]: {pad=132, geofence=58, delta=24, orden=0, id=6657834798}
2026-09-23 11:39:05 [SocketService] [RECIBIDO]| #3 | SID:248 | 31B | forward_datero_hide [DATA]: {trip=39152, geofence=63, time=2026-09-23T11:34:02, dateros=[{delta=13, padron=124}, {delta=11, padron=128}, {delta=24, padron=107}, {delta=19, padron=146}, {delta=6, padron=131}]}
2026-09-23 11:39:04 [SocketService] [RECIBIDO]| #2 | SID:248 | 245B | salida [DATA]: {lado=true, estado=R, frecuencia=16, ruta=1, geocerca=63, controles=[{volada=0, tiempo=0, geocerca=53}, {volada=0, tiempo=5, geocerca=67}, {volada=-4, tiempo=10, geocerca=54}, {volada=-6, tiempo=6, geocerca=68}, {volada=-10, tiempo=6, geocerca=55}, {volada=-9, tiempo=5, geocerca=69}, {volada=-12, tiempo=12, geocerca=56}, {volada=-15, tiempo=8, geocerca=57}, {volada=-15, tiempo=9, geocerca=58}, {volada=-17, tiempo=10, geocerca=59}, {volada=-18, tiempo=7, geocerca=60}, {volada=-12, tiempo=0, geocerca=61}, {volada=-6, tiempo=0, geocerca=62}, {volada=-4, tiempo=0, geocerca=63}, {volada=0, tiempo=0, geocerca=64}, {volada=0, tiempo=0, geocerca=65}, {volada=0, tiempo=0, geocerca=66}, {volada=0, tiempo=0, geocerca=3}, {volada=0, tiempo=6, geocerca=22}, {volada=0, tiempo=3, geocerca=23}, {volada=0, tiempo=3, geocerca=24}, {volada=0, tiempo=3, geocerca=25}, {volada=0, tiempo=3, geocerca=26}, {volada=0, tiempo=3, geocerca=27}, {volada=0, tiempo=3, geocerca=28}, {volada=0, tiempo=3, geocerca=29}, {volada=0, tiempo=2, geocerca=30}, {volada=0, tiempo=2, geocerca=31}, {volada=0, tiempo=3, geocerca=32}, {volada=0, tiempo=4, geocerca=33}, {volada=0, tiempo=3, geocerca=34}, {volada=0, tiempo=3, geocerca=35}, {volada=0, tiempo=3, geocerca=36}, {volada=0, tiempo=3, geocerca=37}, {volada=0, tiempo=3, geocerca=38}, {volada=0, tiempo=5, geocerca=4}], inicio=2026-09-23T10:20, marcados=[false, false, true, true, true, true, true, true, true, true, true, true, true, true, false, false, false, false, false, false, false, false, false, false, false, false, false, false, false, false, false, false, false, false, false, false], id=39152, conductor=131}
2026-09-23 11:39:04 [SocketService] [ENVIADO] | [NUEVO] (3B) [KEY]: backward_datero [DATA]: {id=0}
2026-09-23 11:39:04 [SocketService] [ENVIADO] | [NUEVO] (4B) [KEY]: forward_datero [DATA]: {id=0}
2026-09-23 11:39:04 [SocketService] [ENVIADO] | [NUEVO] (7B) [KEY]: salida [DATA]: {limit=0, salida=39152}
2026-09-23 11:39:04 [SocketMessageDispatcher] ✅ Login confirmado por servidor (sesión OK)
2026-09-23 11:39:04 [SocketMessageDispatcher] Mensaje: Header: login, Data: {voice=true, orientation=false, contactless=false, data=2026-09-23T11:39:04, ticket=true, geofence=63, gps=false, schedule=10:35, ads=false, route=1, trip=39152, driver=null, calls=true, padron=124, id=15, state=R, map=false, placa=BCG906, direction=true, order=1}
2026-09-23 11:39:04 [SocketService] [RECIBIDO]| #1 | SID:248 | 35B | login [DATA]: {voice=true, orientation=false, contactless=false, data=2026-09-23T11:39:04, ticket=true, geofence=63, gps=false, schedule=10:35, ads=false, route=1, trip=39152, driver=null, calls=true, padron=124, id=15, state=R, map=false, placa=BCG906, direction=true, order=1}
2026-09-23 11:39:04 [SocketService] 🔒 WakeLock + WifiLock adquiridos
2026-09-23 11:39:04 [SocketService] [ENVIADO] | [NUEVO] (18B) [KEY]: login [DATA]: {serial=864255060447047}
2026-09-23 11:39:04 [SocketService] 🔑 Enviando login handshake (864255060447047)
2026-09-23 11:39:04 [SocketService] ✅ CONECTADO [ID: 248] en 81392409ms - Code: 101
2026-09-23 11:39:03 [SocketService] ✅ Recursos completamente limpiados
2026-09-23 11:39:03 [SocketService] 🔄 Conectando [ID: 248] a ws://34.71.11.201:22222?schema=android&gps=true&console=true&version=2
2026-09-23 11:39:03 [GpsViewModel] No hay conexión. Se omite procesamiento.
2026-09-23 11:39:03 [SocketService] 🔄 Nuevo Socket ID: 248
2026-09-23 11:39:03 [SocketService] 🧹 Limpiando recursos [ID: 247]
2026-09-23 11:39:03 [SocketService] ⏰ Watchdog: 142489ms sin mensajes, forzando reconexión
2026-09-23 11:37:30 [ProtectorVM] TEMP: 38.4C -> cap térmico 100%
2026-09-23 11:37:30 [ProtectorVM] temp: 38.4C
2026-09-23 11:36:41 [SocketMessageDispatcher] Mensaje: Header: report, Data: {positions=1}
2026-09-23 11:36:41 [SocketService] [RECIBIDO]| #6 | SID:247 | 3B | report [DATA]: {positions=1}
2026-09-23 11:36:41 [SocketService] [ENVIADO] | [NUEVO] (36B) [KEY]: report [DATA]: {trip=39152, route=1, positions=[{lng=-77.0514228, busstop=0, angle=0, accuracy=10, time=2026-09-23T11:36:40.941153, lat=-12.0723213, speed=0, mark=0}], state=R, sales=0, events=[], direction=true}
2026-09-23 11:36:41 [PositionRepository] 📤 Enviando 1 (batch=2, pendientes=1)
2026-09-23 11:36:40 [LocationTrackingService] GPS desactivado - Pulso cada 5 min acc:10.505m
2026-09-23 11:34:05 [SocketMessageDispatcher] Mensaje: Header: salida, Data: {lado=true, estado=R, frecuencia=16, ruta=1, geocerca=63, controles=[{volada=0, tiempo=0, geocerca=53}, {volada=0, tiempo=5, geocerca=67}, {volada=-4, tiempo=10, geocerca=54}, {volada=-6, tiempo=6, geocerca=68}, {volada=-10, tiempo=6, geocerca=55}, {volada=-9, tiempo=5, geocerca=69}, {volada=-12, tiempo=12, geocerca=56}, {volada=-15, tiempo=8, geocerca=57}, {volada=-15, tiempo=9, geocerca=58}, {volada=-17, tiempo=10, geocerca=59}, {volada=-18, tiempo=7, geocerca=60}, {volada=-12, tiempo=0, geocerca=61}, {volada=-6, tiempo=0, geocerca=62}, {volada=-4, tiempo=0, geocerca=63}, {volada=0, tiempo=0, geocerca=64}, {volada=0, tiempo=0, geocerca=65}, {volada=0, tiempo=0, geocerca=66}, {volada=0, tiempo=0, geocerca=3}, {volada=0, tiempo=6, geocerca=22}, {volada=0, tiempo=3, geocerca=23}, {volada=0, tiempo=3, geocerca=24}, {volada=0, tiempo=3, geocerca=25}, {volada=0, tiempo=3, geocerca=26}, {volada=0, tiempo=3, geocerca=27}, {volada=0, tiempo=3, geocerca=28}, {volada=0, tiempo=3, geocerca=29}, {volada=0, tiempo=2, geocerca=30}, {volada=0, tiempo=2, geocerca=31}, {volada=0, tiempo=3, geocerca=32}, {volada=0, tiempo=4, geocerca=33}, {volada=0, tiempo=3, geocerca=34}, {volada=0, tiempo=3, geocerca=35}, {volada=0, tiempo=3, geocerca=36}, {volada=0, tiempo=3, geocerca=37}, {volada=0, tiempo=3, geocerca=38}, {volada=0, tiempo=5, geocerca=4}], inicio=2026-09-23T10:20, marcados=[false, false, true, true, true, true, true, true, true, true, true, true, true, true, false, false, false, false, false, false, false, false, false, false, false, false, false, false, false, false, false, false, false, false, false, false], id=39152, conductor=131}
2026-09-23 11:34:05 [SocketMessageDispatcher] Mensaje: Header: backward_datero_hide, Data: {pad=132, geofence=58, delta=24, orden=0, id=6657834798}
2026-09-23 11:34:05 [SocketMessageDispatcher] Mensaje: Header: forward_datero_hide, Data: {trip=39152, geofence=63, time=2026-09-23T11:34:02, dateros=[{delta=13, padron=124}, {delta=11, padron=128}, {delta=24, padron=107}, {delta=19, padron=146}, {delta=6, padron=131}]}
2026-09-23 11:34:04 [SocketService] [RECIBIDO]| #4 | SID:247 | 245B | salida [DATA]: {lado=true, estado=R, frecuencia=16, ruta=1, geocerca=63, controles=[{volada=0, tiempo=0, geocerca=53}, {volada=0, tiempo=5, geocerca=67}, {volada=-4, tiempo=10, geocerca=54}, {volada=-6, tiempo=6, geocerca=68}, {volada=-10, tiempo=6, geocerca=55}, {volada=-9, tiempo=5, geocerca=69}, {volada=-12, tiempo=12, geocerca=56}, {volada=-15, tiempo=8, geocerca=57}, {volada=-15, tiempo=9, geocerca=58}, {volada=-17, tiempo=10, geocerca=59}, {volada=-18, tiempo=7, geocerca=60}, {volada=-12, tiempo=0, geocerca=61}, {volada=-6, tiempo=0, geocerca=62}, {volada=-4, tiempo=0, geocerca=63}, {volada=0, tiempo=0, geocerca=64}, {volada=0, tiempo=0, geocerca=65}, {volada=0, tiempo=0, geocerca=66}, {volada=0, tiempo=0, geocerca=3}, {volada=0, tiempo=6, geocerca=22}, {volada=0, tiempo=3, geocerca=23}, {volada=0, tiempo=3, geocerca=24}, {volada=0, tiempo=3, geocerca=25}, {volada=0, tiempo=3, geocerca=26}, {volada=0, tiempo=3, geocerca=27}, {volada=0, tiempo=3, geocerca=28}, {volada=0, tiempo=3, geocerca=29}, {volada=0, tiempo=2, geocerca=30}, {volada=0, tiempo=2, geocerca=31}, {volada=0, tiempo=3, geocerca=32}, {volada=0, tiempo=4, geocerca=33}, {volada=0, tiempo=3, geocerca=34}, {volada=0, tiempo=3, geocerca=35}, {volada=0, tiempo=3, geocerca=36}, {volada=0, tiempo=3, geocerca=37}, {volada=0, tiempo=3, geocerca=38}, {volada=0, tiempo=5, geocerca=4}], inicio=2026-09-23T10:20, marcados=[false, false, true, true, true, true, true, true, true, true, true, true, true, true, false, false, false, false, false, false, false, false, false, false, false, false, false, false, false, false, false, false, false, false, false, false], id=39152, conductor=131}
2026-09-23 11:34:04 [SocketService] [RECIBIDO]| #3 | SID:247 | 20B | backward_datero_hide [DATA]: {pad=132, geofence=58, delta=24, orden=0, id=6657834798}
2026-09-23 11:34:04 [SocketService] [RECIBIDO]| #2 | SID:247 | 31B | forward_datero_hide [DATA]: {trip=39152, geofence=63, time=2026-09-23T11:34:02, dateros=[{delta=13, padron=124}, {delta=11, padron=128}, {delta=24, padron=107}, {delta=19, padron=146}, {delta=6, padron=131}]}
2026-09-23 11:34:04 [SocketService] [ENVIADO] | [NUEVO] (3B) [KEY]: backward_datero [DATA]: {id=0}
2026-09-23 11:34:04 [SocketService] [ENVIADO] | [NUEVO] (7B) [KEY]: salida [DATA]: {limit=0, salida=39152}
2026-09-23 11:34:04 [SocketService] [ENVIADO] | [NUEVO] (4B) [KEY]: forward_datero [DATA]: {id=0}
2026-09-23 11:34:04 [SocketMessageDispatcher] ✅ Login confirmado por servidor (sesión OK)
2026-09-23 11:34:04 [SocketMessageDispatcher] Mensaje: Header: login, Data: {voice=true, orientation=false, contactless=false, data=2026-09-23T11:34:04, ticket=true, geofence=63, gps=false, schedule=10:35, ads=false, route=1, trip=39152, driver=null, calls=true, padron=124, id=15, state=R, map=false, placa=BCG906, direction=true, order=1}
2026-09-23 11:34:04 [SocketService] [RECIBIDO]| #1 | SID:247 | 35B | login [DATA]: {voice=true, orientation=false, contactless=false, data=2026-09-23T11:34:04, ticket=true, geofence=63, gps=false, schedule=10:35, ads=false, route=1, trip=39152, driver=null, calls=true, padron=124, id=15, state=R, map=false, placa=BCG906, direction=true, order=1}
2026-09-23 11:34:03 [SocketService] 🔒 WakeLock + WifiLock adquiridos
2026-09-23 11:34:03 [ERROR-SocketService] ℹ️ Reconexión cancelada
2026-09-23 11:34:03 [SocketService] [ENVIADO] | [NUEVO] (18B) [KEY]: login [DATA]: {serial=864255060447047}
2026-09-23 11:34:03 [SocketService] 🔑 Enviando login handshake (864255060447047)
2026-09-23 11:34:03 [SocketService] ✅ CONECTADO [ID: 247] en 81091854ms - Code: 101
2026-09-23 11:34:03 [SocketService] ✅ Recursos completamente limpiados
2026-09-23 11:34:03 [SocketService] 🔄 Conectando [ID: 247] a ws://34.71.11.201:22222?schema=android&gps=true&console=true&version=2
2026-09-23 11:34:03 [SocketService] 🔄 Nuevo Socket ID: 247
2026-09-23 11:34:03 [GpsViewModel] No hay conexión. Se omite procesamiento.
2026-09-23 11:34:03 [SocketService] 🔄 Reconexión #1 en 1852ms
2026-09-23 11:34:03 [ERROR-SocketService] ❌ [onFailure] [ID: 246]: Socket closed
2026-09-23 11:34:03 [SocketService] 🧹 Limpiando recursos [ID: 246]
2026-09-23 11:34:03 [SocketService] ⏰ Watchdog: 121558ms sin mensajes, forzando reconexión
2026-09-23 11:32:30 [ProtectorVM] TEMP: 38.1C -> cap térmico 100%
2026-09-23 11:32:30 [ProtectorVM] temp: 38.1C
2026-09-23 11:32:01 [SocketMessageDispatcher] Mensaje: Header: forward_datero, Data: {trip=39152, geofence=62, time=2026-09-23T11:32, dateros=[{delta=12, padron=124}, {delta=11, padron=128}, {delta=24, padron=107}, {delta=15, padron=146}, {delta=6, padron=131}]}
2026-09-23 11:32:01 [ERROR-GeoMarkViewModel] ❌ Geocerca ID 62 no encontrada
2026-09-23 11:32:01 [SocketMessageDispatcher] Mensaje: Header: mark, Data: {volada=-6, trip=39152, geofence=62, id=1136918, state=M, timestamp=2026-09-23T11:32}
2026-09-23 11:32:01 [SocketService] [RECIBIDO]| #55 | SID:246 | 32B | forward_datero [DATA]: {trip=39152, geofence=62, time=2026-09-23T11:32, dateros=[{delta=12, padron=124}, {delta=11, padron=128}, {delta=24, padron=107}, {delta=15, padron=146}, {delta=6, padron=131}]}
2026-09-23 11:32:01 [SocketService] [RECIBIDO]| #54 | SID:246 | 25B | mark [DATA]: {volada=-6, trip=39152, geofence=62, id=1136918, state=M, timestamp=2026-09-23T11:32}
2026-09-23 11:31:58 [ParaderoManager] Paradero más cercano: Paradero(id=32, lado=true, ruta=Ruta(id=1, codigo=1493, inicio=null, activo=false), activo=true, nombre=28 DE JULIO, orden=11, latitud=-12.065888274325907, liquidar=false, longitud=-77.04595848510388, radio=44.0, velocidad=50.0, terminal=false, audio=28 DE JULIO)
2026-09-23 11:31:38 [SocketMessageDispatcher] Mensaje: Header: report, Data: {positions=1}
2026-09-23 11:31:38 [SocketService] [RECIBIDO]| #53 | SID:246 | 3B | report [DATA]: {positions=1}
2026-09-23 11:31:38 [SocketService] [ENVIADO] | [NUEVO] (36B) [KEY]: report [DATA]: {trip=39152, route=1, positions=[{lng=-77.0599342, busstop=0, angle=35, accuracy=5, time=2026-09-23T11:31:37.984013, lat=-12.0825788, speed=15, mark=0}], state=R, sales=0, events=[], direction=true}
2026-09-23 11:31:38 [PositionRepository] 📤 Enviando 1 (batch=5, pendientes=1)
2026-09-23 11:31:37 [LocationTrackingService] GPS desactivado - Pulso cada 5 min acc:5.337m
2026-09-23 11:31:28 [SocketMessageDispatcher] Mensaje: Header: tickets, Data: {tickets=[{correlative=9358, id=6ab3fee027bb27508ccbfe23}]}
2026-09-23 11:31:28 [SocketService] [RECIBIDO]| #49 | SID:246 | 32B | tickets [DATA]: {tickets=[{correlative=9358, id=6ab3fee027bb27508ccbfe23}]}
2026-09-23 11:31:28 [SocketService] [ENVIADO] | [NUEVO] (43B) [KEY]: tickets [DATA]: {tickets=[{fare=5, correlative=9358, session=35417, busstop_end=null, inspector=null, vehicle=15, number=1451, route=1, driver=131, price=200.0, time=2026-09-23T11:31:27.957094, busstop_start=30, day=2026-09-23, payment_method=1, card=null}]}
2026-09-23 11:31:14 [SocketMessageDispatcher] Mensaje: Header: tickets, Data: {tickets=[{correlative=9357, id=6ab3fed227bb27508ccbfdf0}]}
2026-09-23 11:31:14 [SocketService] [RECIBIDO]| #45 | SID:246 | 32B | tickets [DATA]: {tickets=[{correlative=9357, id=6ab3fed227bb27508ccbfdf0}]}
2026-09-23 11:31:13 [SocketService] [ENVIADO] | [NUEVO] (43B) [KEY]: tickets [DATA]: {tickets=[{fare=5, correlative=9357, session=35417, busstop_end=null, inspector=null, vehicle=15, number=1450, route=1, driver=131, price=200.0, time=2026-09-23T11:31:13.651064, busstop_start=30, day=2026-09-23, payment_method=1, card=null}]}
2026-09-23 11:31:06 [SocketMessageDispatcher] Mensaje: Header: tickets, Data: {tickets=[{correlative=9356, id=6ab3feca27bb27508ccbfdc3}]}
2026-09-23 11:31:06 [SocketService] [RECIBIDO]| #41 | SID:246 | 32B | tickets [DATA]: {tickets=[{correlative=9356, id=6ab3feca27bb27508ccbfdc3}]}
2026-09-23 11:31:06 [SocketService] [ENVIADO] | [NUEVO] (43B) [KEY]: tickets [DATA]: {tickets=[{fare=5, correlative=9356, session=35417, busstop_end=null, inspector=null, vehicle=15, number=1449, route=1, driver=131, price=200.0, time=2026-09-23T11:31:06.009727, busstop_start=30, day=2026-09-23, payment_method=1, card=null}]}
2026-09-23 11:30:02 [SocketMessageDispatcher] Mensaje: Header: backward_datero, Data: {pad=132, geofence=58, delta=24, orden=0, id=6657834798}
2026-09-23 11:30:02 [SocketService] [RECIBIDO]| #40 | SID:246 | 19B | backward_datero [DATA]: {pad=132, geofence=58, delta=24, orden=0, id=6657834798}
2026-09-23 11:28:00 [SocketService] [RECIBIDO]| #36 | SID:246 | 32B | tickets [DATA]: {tickets=[{correlative=9355, id=6ab3fe1027bb27508ccbfacc}]}
2026-09-23 11:28:00 [SocketMessageDispatcher] Mensaje: Header: tickets, Data: {tickets=[{correlative=9355, id=6ab3fe1027bb27508ccbfacc}]}
2026-09-23 11:28:00 [SocketService] [ENVIADO] | [NUEVO] (43B) [KEY]: tickets [DATA]: {tickets=[{fare=5, correlative=9355, session=35417, busstop_end=null, inspector=null, vehicle=15, number=1448, route=1, driver=131, price=200.0, time=2026-09-23T11:28:00.226439, busstop_start=30, day=2026-09-23, payment_method=1, card=null}]}
2026-09-23 11:27:35 [SocketMessageDispatcher] Mensaje: Header: tickets, Data: {tickets=[{correlative=9354, id=6ab3fdf727bb27508ccbfa77}]}
2026-09-23 11:27:35 [SocketService] [RECIBIDO]| #32 | SID:246 | 32B | tickets [DATA]: {tickets=[{correlative=9354, id=6ab3fdf727bb27508ccbfa77}]}
2026-09-23 11:27:35 [SocketService] [ENVIADO] | [NUEVO] (43B) [KEY]: tickets [DATA]: {tickets=[{fare=1, correlative=9354, session=35417, busstop_end=null, inspector=null, vehicle=15, number=103, route=1, driver=131, price=400.0, time=2026-09-23T11:27:35.395911, busstop_start=30, day=2026-09-23, payment_method=1, card=null}]}
2026-09-23 11:27:30 [ProtectorVM] TEMP: 38.0C -> cap térmico 100%
2026-09-23 11:27:30 [ProtectorVM] temp: 38.0C
2026-09-23 11:26:44 [SocketMessageDispatcher] Mensaje: Header: tickets, Data: {tickets=[{correlative=9353, id=6ab3fdc427bb27508ccbf9c9}]}
2026-09-23 11:26:44 [SocketService] [RECIBIDO]| #28 | SID:246 | 32B | tickets [DATA]: {tickets=[{correlative=9353, id=6ab3fdc427bb27508ccbf9c9}]}
2026-09-23 11:26:43 [SocketService] [ENVIADO] | [NUEVO] (43B) [KEY]: tickets [DATA]: {tickets=[{fare=1, correlative=9353, session=35417, busstop_end=null, inspector=null, vehicle=15, number=102, route=1, driver=131, price=400.0, time=2026-09-23T11:26:43.759273, busstop_start=30, day=2026-09-23, payment_method=1, card=null}]}
2026-09-23 11:26:38 [SocketMessageDispatcher] Mensaje: Header: report, Data: {positions=1}
2026-09-23 11:26:38 [SocketService] [RECIBIDO]| #27 | SID:246 | 3B | report [DATA]: {positions=1}
2026-09-23 11:26:38 [SocketService] [ENVIADO] | [NUEVO] (36B) [KEY]: report [DATA]: {trip=39152, route=1, positions=[{lng=-77.0662188, busstop=0, angle=69, accuracy=9, time=2026-09-23T11:26:37.959786, lat=-12.0902162, speed=0, mark=0}], state=R, sales=0, events=[], direction=true}
2026-09-23 11:26:37 [PositionRepository] 📤 Enviando 1 (batch=2, pendientes=1)
2026-09-23 11:26:37 [LocationTrackingService] GPS desactivado - Pulso cada 5 min acc:9.935m
2026-09-23 11:26:29 [SocketMessageDispatcher] Mensaje: Header: tickets, Data: {tickets=[{correlative=9352, id=6ab3fdb527bb27508ccbf990}]}
2026-09-23 11:26:29 [SocketService] [RECIBIDO]| #23 | SID:246 | 32B | tickets [DATA]: {tickets=[{correlative=9352, id=6ab3fdb527bb27508ccbf990}]}
2026-09-23 11:26:29 [SocketService] [ENVIADO] | [NUEVO] (43B) [KEY]: tickets [DATA]: {tickets=[{fare=5, correlative=9352, session=35417, busstop_end=null, inspector=null, vehicle=15, number=1447, route=1, driver=131, price=200.0, time=2026-09-23T11:26:29.427503, busstop_start=30, day=2026-09-23, payment_method=1, card=null}]}
2026-09-23 11:26:19 [SocketMessageDispatcher] Mensaje: Header: tickets, Data: {tickets=[{correlative=9351, id=6ab3fdab27bb27508ccbf96f}]}
2026-09-23 11:26:19 [SocketService] [RECIBIDO]| #19 | SID:246 | 32B | tickets [DATA]: {tickets=[{correlative=9351, id=6ab3fdab27bb27508ccbf96f}]}
2026-09-23 11:26:19 [SocketService] [ENVIADO] | [NUEVO] (43B) [KEY]: tickets [DATA]: {tickets=[{fare=5, correlative=9351, session=35417, busstop_end=null, inspector=null, vehicle=15, number=1446, route=1, driver=131, price=200.0, time=2026-09-23T11:26:19.540220, busstop_start=30, day=2026-09-23, payment_method=1, card=null}]}
2026-09-23 11:26:18 [SocketMessageDispatcher] Mensaje: Header: forward_datero, Data: {trip=39152, geofence=61, time=2026-09-23T11:26:15, dateros=[{delta=11, padron=124}, {delta=13, padron=128}, {delta=24, padron=107}, {delta=15, padron=146}, {delta=8, padron=131}]}
2026-09-23 11:26:18 [SocketService] [RECIBIDO]| #18 | SID:246 | 32B | forward_datero [DATA]: {trip=39152, geofence=61, time=2026-09-23T11:26:15, dateros=[{delta=11, padron=124}, {delta=13, padron=128}, {delta=24, padron=107}, {delta=15, padron=146}, {delta=8, padron=131}]}
2026-09-23 11:26:18 [SocketMessageDispatcher] Mensaje: Header: mark, Data: {volada=-12, trip=39152, geofence=61, id=1136917, state=M, timestamp=2026-09-23T11:26:15}
2026-09-23 11:26:18 [SocketService] [RECIBIDO]| #17 | SID:246 | 25B | mark [DATA]: {volada=-12, trip=39152, geofence=61, id=1136917, state=M, timestamp=2026-09-23T11:26:15}
2026-09-23 11:26:09 [SocketMessageDispatcher] Mensaje: Header: tickets, Data: {tickets=[{correlative=9350, id=6ab3fda127bb27508ccbf933}]}
2026-09-23 11:26:09 [SocketService] [RECIBIDO]| #13 | SID:246 | 32B | tickets [DATA]: {tickets=[{correlative=9350, id=6ab3fda127bb27508ccbf933}]}
2026-09-23 11:26:09 [SocketService] [ENVIADO] | [NUEVO] (43B) [KEY]: tickets [DATA]: {tickets=[{fare=7, correlative=9350, session=35417, busstop_end=null, inspector=null, vehicle=15, number=1844, route=1, driver=131, price=100.0, time=2026-09-23T11:26:09.091661, busstop_start=30, day=2026-09-23, payment_method=1, card=null}]}
2026-09-23 11:24:51 [SocketMessageDispatcher] Mensaje: Header: tickets, Data: {tickets=[{correlative=9349, id=6ab3fd5327bb27508ccbf7f3}]}
2026-09-23 11:24:51 [SocketService] [RECIBIDO]| #9 | SID:246 | 32B | tickets [DATA]: {tickets=[{correlative=9349, id=6ab3fd5327bb27508ccbf7f3}]}
2026-09-23 11:24:51 [SocketService] [ENVIADO] | [NUEVO] (43B) [KEY]: tickets [DATA]: {tickets=[{fare=7, correlative=9349, session=35417, busstop_end=1, inspector=null, vehicle=15, number=1843, route=1, driver=131, price=100.0, time=2026-09-23T11:24:50.895896, busstop_start=30, day=2026-09-23, payment_method=1, card=null}]}
2026-09-23 11:24:46 [SocketMessageDispatcher] Mensaje: Header: tickets, Data: {tickets=[{correlative=9348, id=6ab3fd4e27bb27508ccbf7e7}]}
2026-09-23 11:24:46 [SocketService] [RECIBIDO]| #5 | SID:246 | 32B | tickets [DATA]: {tickets=[{correlative=9348, id=6ab3fd4e27bb27508ccbf7e7}]}
2026-09-23 11:24:46 [SocketService] [ENVIADO] | [NUEVO] (43B) [KEY]: tickets [DATA]: {tickets=[{fare=3, correlative=9348, session=35417, busstop_end=7, inspector=null, vehicle=15, number=698, route=1, driver=131, price=300.0, time=2026-09-23T11:24:46.597718, busstop_start=30, day=2026-09-23, payment_method=1, card=null}]}
2026-09-23 11:24:04 [SocketMessageDispatcher] Mensaje: Header: salida, Data: {lado=true, estado=R, frecuencia=16, ruta=1, geocerca=60, controles=[{volada=0, tiempo=0, geocerca=53}, {volada=0, tiempo=5, geocerca=67}, {volada=-4, tiempo=10, geocerca=54}, {volada=-6, tiempo=6, geocerca=68}, {volada=-10, tiempo=6, geocerca=55}, {volada=-9, tiempo=5, geocerca=69}, {volada=-12, tiempo=12, geocerca=56}, {volada=-15, tiempo=8, geocerca=57}, {volada=-15, tiempo=9, geocerca=58}, {volada=-17, tiempo=10, geocerca=59}, {volada=-18, tiempo=7, geocerca=60}, {volada=0, tiempo=0, geocerca=61}, {volada=0, tiempo=0, geocerca=62}, {volada=0, tiempo=0, geocerca=63}, {volada=0, tiempo=0, geocerca=64}, {volada=0, tiempo=0, geocerca=65}, {volada=0, tiempo=0, geocerca=66}, {volada=0, tiempo=0, geocerca=3}, {volada=0, tiempo=6, geocerca=22}, {volada=0, tiempo=3, geocerca=23}, {volada=0, tiempo=3, geocerca=24}, {volada=0, tiempo=3, geocerca=25}, {volada=0, tiempo=3, geocerca=26}, {volada=0, tiempo=3, geocerca=27}, {volada=0, tiempo=3, geocerca=28}, {volada=0, tiempo=3, geocerca=29}, {volada=0, tiempo=2, geocerca=30}, {volada=0, tiempo=2, geocerca=31}, {volada=0, tiempo=3, geocerca=32}, {volada=0, tiempo=4, geocerca=33}, {volada=0, tiempo=3, geocerca=34}, {volada=0, tiempo=3, geocerca=35}, {volada=0, tiempo=3, geocerca=36}, {volada=0, tiempo=3, geocerca=37}, {volada=0, tiempo=3, geocerca=38}, {volada=0, tiempo=5, geocerca=4}], inicio=2026-09-23T10:20, marcados=[false, false, true, true, true, true, true, true, true, true, true, false, false, false, false, false, false, false, false, false, false, false, false, false, false, false, false, false, false, false, false, false, false, false, false, false], id=39152, conductor=131}
2026-09-23 11:24:04 [SocketMessageDispatcher] Mensaje: Header: backward_datero_hide, Data: {pad=132, geofence=57, delta=20, orden=0, id=3405295537}
2026-09-23 11:24:04 [SocketMessageDispatcher] Mensaje: Header: forward_datero_hide, Data: {trip=39152, geofence=60, time=2026-09-23T11:20:53, dateros=[{delta=9, padron=124}, {delta=16, padron=128}, {delta=27, padron=107}, {delta=15, padron=146}, {delta=8, padron=131}]}
2026-09-23 11:24:04 [SocketService] [RECIBIDO]| #4 | SID:246 | 245B | salida [DATA]: {lado=true, estado=R, frecuencia=16, ruta=1, geocerca=60, controles=[{volada=0, tiempo=0, geocerca=53}, {volada=0, tiempo=5, geocerca=67}, {volada=-4, tiempo=10, geocerca=54}, {volada=-6, tiempo=6, geocerca=68}, {volada=-10, tiempo=6, geocerca=55}, {volada=-9, tiempo=5, geocerca=69}, {volada=-12, tiempo=12, geocerca=56}, {volada=-15, tiempo=8, geocerca=57}, {volada=-15, tiempo=9, geocerca=58}, {volada=-17, tiempo=10, geocerca=59}, {volada=-18, tiempo=7, geocerca=60}, {volada=0, tiempo=0, geocerca=61}, {volada=0, tiempo=0, geocerca=62}, {volada=0, tiempo=0, geocerca=63}, {volada=0, tiempo=0, geocerca=64}, {volada=0, tiempo=0, geocerca=65}, {volada=0, tiempo=0, geocerca=66}, {volada=0, tiempo=0, geocerca=3}, {volada=0, tiempo=6, geocerca=22}, {volada=0, tiempo=3, geocerca=23}, {volada=0, tiempo=3, geocerca=24}, {volada=0, tiempo=3, geocerca=25}, {volada=0, tiempo=3, geocerca=26}, {volada=0, tiempo=3, geocerca=27}, {volada=0, tiempo=3, geocerca=28}, {volada=0, tiempo=3, geocerca=29}, {volada=0, tiempo=2, geocerca=30}, {volada=0, tiempo=2, geocerca=31}, {volada=0, tiempo=3, geocerca=32}, {volada=0, tiempo=4, geocerca=33}, {volada=0, tiempo=3, geocerca=34}, {volada=0, tiempo=3, geocerca=35}, {volada=0, tiempo=3, geocerca=36}, {volada=0, tiempo=3, geocerca=37}, {volada=0, tiempo=3, geocerca=38}, {volada=0, tiempo=5, geocerca=4}], inicio=2026-09-23T10:20, marcados=[false, false, true, true, true, true, true, true, true, true, true, false, false, false, false, false, false, false, false, false, false, false, false, false, false, false, false, false, false, false, false, false, false, false, false, false], id=39152, conductor=131}
2026-09-23 11:24:04 [SocketService] [RECIBIDO]| #3 | SID:246 | 20B | backward_datero_hide [DATA]: {pad=132, geofence=57, delta=20, orden=0, id=3405295537}
2026-09-23 11:24:03 [SocketService] [RECIBIDO]| #2 | SID:246 | 31B | forward_datero_hide [DATA]: {trip=39152, geofence=60, time=2026-09-23T11:20:53, dateros=[{delta=9, padron=124}, {delta=16, padron=128}, {delta=27, padron=107}, {delta=15, padron=146}, {delta=8, padron=131}]}
2026-09-23 11:24:03 [SocketService] [ENVIADO] | [NUEVO] (3B) [KEY]: backward_datero [DATA]: {id=0}
2026-09-23 11:24:03 [SocketService] [ENVIADO] | [NUEVO] (4B) [KEY]: forward_datero [DATA]: {id=0}
2026-09-23 11:24:03 [SocketService] [ENVIADO] | [NUEVO] (7B) [KEY]: salida [DATA]: {limit=0, salida=39152}
2026-09-23 11:24:03 [SocketMessageDispatcher] ✅ Login confirmado por servidor (sesión OK)
2026-09-23 11:24:03 [SocketMessageDispatcher] Mensaje: Header: login, Data: {voice=true, orientation=false, contactless=false, data=2026-09-23T11:24:03, ticket=true, geofence=60, gps=false, schedule=10:35, ads=false, route=1, trip=39152, driver=null, calls=true, padron=124, id=15, state=R, map=false, placa=BCG906, direction=true, order=1}
2026-09-23 11:24:03 [SocketService] [RECIBIDO]| #1 | SID:246 | 35B | login [DATA]: {voice=true, orientation=false, contactless=false, data=2026-09-23T11:24:03, ticket=true, geofence=60, gps=false, schedule=10:35, ads=false, route=1, trip=39152, driver=null, calls=true, padron=124, id=15, state=R, map=false, placa=BCG906, direction=true, order=1}
2026-09-23 11:24:03 [SocketService] 🔒 WakeLock + WifiLock adquiridos
2026-09-23 11:24:03 [SocketService] [ENVIADO] | [NUEVO] (18B) [KEY]: login [DATA]: {serial=864255060447047}
2026-09-23 11:24:03 [SocketService] 🔑 Enviando login handshake (864255060447047)
2026-09-23 11:24:03 [SocketService] ✅ CONECTADO [ID: 246] en 80491369ms - Code: 101
2026-09-23 11:24:02 [SocketService] 🔄 Conectando [ID: 246] a ws://34.71.11.201:22222?schema=android&gps=true&console=true&version=2
2026-09-23 11:24:02 [SocketService] ✅ Recursos completamente limpiados
2026-09-23 11:24:02 [GpsViewModel] No hay conexión. Se omite procesamiento.
2026-09-23 11:24:02 [SocketService] 🔄 Nuevo Socket ID: 246
2026-09-23 11:24:02 [SocketService] 🧹 Limpiando recursos [ID: 245]
2026-09-23 11:24:02 [SocketService] ⏰ Watchdog: 144040ms sin mensajes, forzando reconexión
2026-09-23 11:22:30 [ProtectorVM] TEMP: 37.8C -> cap térmico 100%
2026-09-23 11:22:30 [ProtectorVM] temp: 37.8C
2026-09-23 11:22:22 [ParaderoManager] Paradero más cercano: Paradero(id=37, lado=false, ruta=Ruta(id=1, codigo=1493, inicio=null, activo=false), activo=true, nombre=DEL EJERCITO, orden=13, latitud=-12.096573771948988, liquidar=false, longitud=-77.07158150263304, radio=45.0, velocidad=50.0, terminal=false, audio=DEL EJERCITO)
2026-09-23 11:21:38 [SocketMessageDispatcher] Mensaje: Header: report, Data: {positions=1}
2026-09-23 11:21:38 [SocketService] [RECIBIDO]| #11 | SID:245 | 3B | report [DATA]: {positions=1}
2026-09-23 11:21:38 [SocketService] [ENVIADO] | [NUEVO] (36B) [KEY]: report [DATA]: {trip=39152, route=1, positions=[{lng=-77.0714935, busstop=0, angle=0, accuracy=4, time=2026-09-23T11:21:37.955203, lat=-12.0974223, speed=0, mark=0}], state=R, sales=0, events=[], direction=true}
2026-09-23 11:21:38 [PositionRepository] 📤 Enviando 1 (batch=2, pendientes=1)
2026-09-23 11:21:37 [LocationTrackingService] GPS desactivado - Pulso cada 5 min acc:4.082m
2026-09-23 11:20:54 [SocketMessageDispatcher] Mensaje: Header: forward_datero, Data: {trip=39152, geofence=60, time=2026-09-23T11:20:53, dateros=[{delta=9, padron=124}, {delta=16, padron=128}, {delta=27, padron=107}, {delta=15, padron=146}, {delta=8, padron=131}]}
2026-09-23 11:20:54 [SocketService] [RECIBIDO]| #10 | SID:245 | 32B | forward_datero [DATA]: {trip=39152, geofence=60, time=2026-09-23T11:20:53, dateros=[{delta=9, padron=124}, {delta=16, padron=128}, {delta=27, padron=107}, {delta=15, padron=146}, {delta=8, padron=131}]}
2026-09-23 11:20:54 [ERROR-GeoMarkViewModel] ❌ Geocerca ID 60 no encontrada
2026-09-23 11:20:54 [SocketMessageDispatcher] Mensaje: Header: mark, Data: {volada=-18, trip=39152, geofence=60, id=1136916, state=M, timestamp=2026-09-23T11:20:53}
2026-09-23 11:20:54 [SocketService] [RECIBIDO]| #9 | SID:245 | 25B | mark [DATA]: {volada=-18, trip=39152, geofence=60, id=1136916, state=M, timestamp=2026-09-23T11:20:53}
2026-09-23 11:20:46 [ParaderoManager] Paradero más cercano: Paradero(id=30, lado=true, ruta=Ruta(id=1, codigo=1493, inicio=null, activo=false), activo=true, nombre=AV. BRASIL, orden=10, latitud=-12.097280246658967, liquidar=false, longitud=-77.07129204453804, radio=45.0, velocidad=50.0, terminal=false, audio=AV. BRASIL)
2026-09-23 11:20:40 [DRIVERAUTO] Primera sesión obtenida: SessionDriver(id=35417, driver_id=131, driver_code=ID131, activo=true, castigado=false, conductor=true, vencido=false, route=1, direction=false, start_time=2026-09-23T06:18:59, autoLogin=true)
2026-09-23 11:20:40 [ParaderoManager] Paradero actual: AV. BRASIL (id=30)
2026-09-23 11:20:22 [SocketMessageDispatcher] Mensaje: Header: tickets, Data: {tickets=[{correlative=9347, id=6ab3fc4627bb27508ccbf3c7}]}
2026-09-23 11:20:22 [SocketService] [RECIBIDO]| #5 | SID:245 | 32B | tickets [DATA]: {tickets=[{correlative=9347, id=6ab3fc4627bb27508ccbf3c7}]}
2026-09-23 11:20:22 [SocketService] [ENVIADO] | [NUEVO] (43B) [KEY]: tickets [DATA]: {tickets=[{fare=4, correlative=9347, session=35417, busstop_end=null, inspector=null, vehicle=15, number=3706, route=1, driver=131, price=250.0, time=2026-09-23T11:20:22.335651, busstop_start=38, day=2026-09-23, payment_method=1, card=null}]}
2026-09-23 11:19:33 [SocketMessageDispatcher] Mensaje: Header: salida, Data: {lado=true, estado=R, frecuencia=16, ruta=1, geocerca=59, controles=[{volada=0, tiempo=0, geocerca=53}, {volada=0, tiempo=5, geocerca=67}, {volada=-4, tiempo=10, geocerca=54}, {volada=-6, tiempo=6, geocerca=68}, {volada=-10, tiempo=6, geocerca=55}, {volada=-9, tiempo=5, geocerca=69}, {volada=-12, tiempo=12, geocerca=56}, {volada=-15, tiempo=8, geocerca=57}, {volada=-15, tiempo=9, geocerca=58}, {volada=-17, tiempo=10, geocerca=59}, {volada=0, tiempo=7, geocerca=60}, {volada=0, tiempo=0, geocerca=61}, {volada=0, tiempo=0, geocerca=62}, {volada=0, tiempo=0, geocerca=63}, {volada=0, tiempo=0, geocerca=64}, {volada=0, tiempo=0, geocerca=65}, {volada=0, tiempo=0, geocerca=66}, {volada=0, tiempo=0, geocerca=3}, {volada=0, tiempo=6, geocerca=22}, {volada=0, tiempo=3, geocerca=23}, {volada=0, tiempo=3, geocerca=24}, {volada=0, tiempo=3, geocerca=25}, {volada=0, tiempo=3, geocerca=26}, {volada=0, tiempo=3, geocerca=27}, {volada=0, tiempo=3, geocerca=28}, {volada=0, tiempo=3, geocerca=29}, {volada=0, tiempo=2, geocerca=30}, {volada=0, tiempo=2, geocerca=31}, {volada=0, tiempo=3, geocerca=32}, {volada=0, tiempo=4, geocerca=33}, {volada=0, tiempo=3, geocerca=34}, {volada=0, tiempo=3, geocerca=35}, {volada=0, tiempo=3, geocerca=36}, {volada=0, tiempo=3, geocerca=37}, {volada=0, tiempo=3, geocerca=38}, {volada=0, tiempo=5, geocerca=4}], inicio=2026-09-23T10:20, marcados=[false, false, true, true, true, true, true, true, true, true, false, false, false, false, false, false, false, false, false, false, false, false, false, false, false, false, false, false, false, false, false, false, false, false, false, false], id=39152, conductor=131}
2026-09-23 11:19:33 [SocketMessageDispatcher] Mensaje: Header: backward_datero_hide, Data: {pad=132, geofence=57, delta=20, orden=0, id=3405295537}
2026-09-23 11:19:33 [SocketMessageDispatcher] Mensaje: Header: forward_datero_hide, Data: {trip=39152, geofence=59, time=2026-09-23T11:14:52, dateros=[{delta=8, padron=124}, {delta=27, padron=128}, {delta=23, padron=107}, {delta=12, padron=146}, {delta=10, padron=131}]}
2026-09-23 11:19:33 [SocketService] [RECIBIDO]| #4 | SID:245 | 245B | salida [DATA]: {lado=true, estado=R, frecuencia=16, ruta=1, geocerca=59, controles=[{volada=0, tiempo=0, geocerca=53}, {volada=0, tiempo=5, geocerca=67}, {volada=-4, tiempo=10, geocerca=54}, {volada=-6, tiempo=6, geocerca=68}, {volada=-10, tiempo=6, geocerca=55}, {volada=-9, tiempo=5, geocerca=69}, {volada=-12, tiempo=12, geocerca=56}, {volada=-15, tiempo=8, geocerca=57}, {volada=-15, tiempo=9, geocerca=58}, {volada=-17, tiempo=10, geocerca=59}, {volada=0, tiempo=7, geocerca=60}, {volada=0, tiempo=0, geocerca=61}, {volada=0, tiempo=0, geocerca=62}, {volada=0, tiempo=0, geocerca=63}, {volada=0, tiempo=0, geocerca=64}, {volada=0, tiempo=0, geocerca=65}, {volada=0, tiempo=0, geocerca=66}, {volada=0, tiempo=0, geocerca=3}, {volada=0, tiempo=6, geocerca=22}, {volada=0, tiempo=3, geocerca=23}, {volada=0, tiempo=3, geocerca=24}, {volada=0, tiempo=3, geocerca=25}, {volada=0, tiempo=3, geocerca=26}, {volada=0, tiempo=3, geocerca=27}, {volada=0, tiempo=3, geocerca=28}, {volada=0, tiempo=3, geocerca=29}, {volada=0, tiempo=2, geocerca=30}, {volada=0, tiempo=2, geocerca=31}, {volada=0, tiempo=3, geocerca=32}, {volada=0, tiempo=4, geocerca=33}, {volada=0, tiempo=3, geocerca=34}, {volada=0, tiempo=3, geocerca=35}, {volada=0, tiempo=3, geocerca=36}, {volada=0, tiempo=3, geocerca=37}, {volada=0, tiempo=3, geocerca=38}, {volada=0, tiempo=5, geocerca=4}], inicio=2026-09-23T10:20, marcados=[false, false, true, true, true, true, true, true, true, true, false, false, false, false, false, false, false, false, false, false, false, false, false, false, false, false, false, false, false, false, false, false, false, false, false, false], id=39152, conductor=131}
2026-09-23 11:19:33 [SocketService] [RECIBIDO]| #3 | SID:245 | 20B | backward_datero_hide [DATA]: {pad=132, geofence=57, delta=20, orden=0, id=3405295537}
2026-09-23 11:19:33 [SocketService] [RECIBIDO]| #2 | SID:245 | 31B | forward_datero_hide [DATA]: {trip=39152, geofence=59, time=2026-09-23T11:14:52, dateros=[{delta=8, padron=124}, {delta=27, padron=128}, {delta=23, padron=107}, {delta=12, padron=146}, {delta=10, padron=131}]}
2026-09-23 11:19:33 [SocketService] [ENVIADO] | [NUEVO] (3B) [KEY]: backward_datero [DATA]: {id=0}
2026-09-23 11:19:33 [SocketService] [ENVIADO] | [NUEVO] (7B) [KEY]: salida [DATA]: {limit=0, salida=39152}
2026-09-23 11:19:33 [SocketService] [ENVIADO] | [NUEVO] (4B) [KEY]: forward_datero [DATA]: {id=0}
2026-09-23 11:19:32 [SocketMessageDispatcher] ✅ Login confirmado por servidor (sesión OK)
2026-09-23 11:19:32 [SocketMessageDispatcher] Mensaje: Header: login, Data: {voice=true, orientation=false, contactless=false, data=2026-09-23T11:19:32, ticket=true, geofence=59, gps=false, schedule=10:35, ads=false, route=1, trip=39152, driver=null, calls=true, padron=124, id=15, state=R, map=false, placa=BCG906, direction=true, order=1}
2026-09-23 11:19:32 [SocketService] [RECIBIDO]| #1 | SID:245 | 35B | login [DATA]: {voice=true, orientation=false, contactless=false, data=2026-09-23T11:19:32, ticket=true, geofence=59, gps=false, schedule=10:35, ads=false, route=1, trip=39152, driver=null, calls=true, padron=124, id=15, state=R, map=false, placa=BCG906, direction=true, order=1}
2026-09-23 11:19:32 [SocketService] 🔒 WakeLock + WifiLock adquiridos
2026-09-23 11:19:32 [SocketService] [ENVIADO] | [NUEVO] (18B) [KEY]: login [DATA]: {serial=864255060447047}
2026-09-23 11:19:32 [SocketService] 🔑 Enviando login handshake (864255060447047)
2026-09-23 11:19:32 [SocketService] ✅ CONECTADO [ID: 245] en 80220468ms - Code: 101
2026-09-23 11:19:31 [SocketService] 🔄 Conectando [ID: 245] a ws://34.71.11.201:22222?schema=android&gps=true&console=true&version=2
2026-09-23 11:19:31 [SocketService] ✅ Recursos completamente limpiados
2026-09-23 11:19:31 [SocketService] 🔄 Nuevo Socket ID: 245
2026-09-23 11:19:31 [GpsViewModel] No hay conexión. Se omite procesamiento.
2026-09-23 11:19:31 [SocketService] 🧹 Limpiando recursos [ID: 244]
2026-09-23 11:19:31 [SocketService] ⏰ Watchdog: 128094ms sin mensajes, forzando reconexión
2026-09-23 11:17:30 [ProtectorVM] TEMP: 38.4C -> cap térmico 100%
2026-09-23 11:17:30 [ProtectorVM] temp: 38.4C
2026-09-23 11:17:23 [SocketMessageDispatcher] Mensaje: Header: backward_datero, Data: {pad=132, geofence=57, delta=20, orden=0, id=3405295537}
2026-09-23 11:17:23 [SocketService] [RECIBIDO]| #38 | SID:244 | 19B | backward_datero [DATA]: {pad=132, geofence=57, delta=20, orden=0, id=3405295537}
2026-09-23 11:17:15 [SocketMessageDispatcher] Mensaje: Header: tickets, Data: {tickets=[{correlative=9346, id=6ab3fb8b27bb27508ccbf0d9}]}
2026-09-23 11:17:15 [SocketService] [RECIBIDO]| #34 | SID:244 | 32B | tickets [DATA]: {tickets=[{correlative=9346, id=6ab3fb8b27bb27508ccbf0d9}]}
2026-09-23 11:17:15 [SocketService] [ENVIADO] | [NUEVO] (43B) [KEY]: tickets [DATA]: {tickets=[{fare=6, correlative=9346, session=35417, busstop_end=null, inspector=null, vehicle=15, number=1335, route=1, driver=131, price=150.0, time=2026-09-23T11:17:15.159586, busstop_start=38, day=2026-09-23, payment_method=1, card=null}]}
2026-09-23 11:17:09 [SocketMessageDispatcher] Mensaje: Header: tickets, Data: {tickets=[{correlative=9345, id=6ab3fb8527bb27508ccbf0b6}]}
2026-09-23 11:17:09 [SocketService] [RECIBIDO]| #30 | SID:244 | 32B | tickets [DATA]: {tickets=[{correlative=9345, id=6ab3fb8527bb27508ccbf0b6}]}
2026-09-23 11:17:09 [SocketService] [ENVIADO] | [NUEVO] (43B) [KEY]: tickets [DATA]: {tickets=[{fare=7, correlative=9345, session=35417, busstop_end=1, inspector=null, vehicle=15, number=1842, route=1, driver=131, price=100.0, time=2026-09-23T11:17:09.046643, busstop_start=38, day=2026-09-23, payment_method=1, card=null}]}
2026-09-23 11:16:53 [SocketMessageDispatcher] Mensaje: Header: tickets, Data: {tickets=[{correlative=9344, id=6ab3fb7527bb27508ccbf07e}]}
2026-09-23 11:16:53 [SocketService] [RECIBIDO]| #26 | SID:244 | 32B | tickets [DATA]: {tickets=[{correlative=9344, id=6ab3fb7527bb27508ccbf07e}]}
2026-09-23 11:16:53 [SocketService] [ENVIADO] | [NUEVO] (43B) [KEY]: tickets [DATA]: {tickets=[{fare=7, correlative=9344, session=35417, busstop_end=1, inspector=null, vehicle=15, number=1841, route=1, driver=131, price=100.0, time=2026-09-23T11:16:53.494609, busstop_start=38, day=2026-09-23, payment_method=1, card=null}]}
2026-09-23 11:16:38 [SocketMessageDispatcher] Mensaje: Header: tickets, Data: {tickets=[{correlative=9343, id=6ab3fb6627bb27508ccbf04e}]}
2026-09-23 11:16:38 [SocketService] [RECIBIDO]| #22 | SID:244 | 32B | tickets [DATA]: {tickets=[{correlative=9343, id=6ab3fb6627bb27508ccbf04e}]}
2026-09-23 11:16:38 [SocketService] [ENVIADO] | [NUEVO] (43B) [KEY]: tickets [DATA]: {tickets=[{fare=6, correlative=9343, session=35417, busstop_end=null, inspector=null, vehicle=15, number=1334, route=1, driver=131, price=150.0, time=2026-09-23T11:16:38.304082, busstop_start=38, day=2026-09-23, payment_method=1, card=null}]}
2026-09-23 11:16:35 [SocketMessageDispatcher] Mensaje: Header: report, Data: {positions=1}
2026-09-23 11:16:35 [SocketService] [RECIBIDO]| #21 | SID:244 | 3B | report [DATA]: {positions=1}
2026-09-23 11:16:35 [SocketService] [ENVIADO] | [NUEVO] (36B) [KEY]: report [DATA]: {trip=39152, route=1, positions=[{lng=-77.0605324, busstop=0, angle=297, accuracy=7, time=2026-09-23T11:16:34.966982, lat=-12.101049, speed=2, mark=0}], state=R, sales=0, events=[], direction=true}
2026-09-23 11:16:35 [PositionRepository] 📤 Enviando 1 (batch=10, pendientes=1)
2026-09-23 11:16:34 [LocationTrackingService] GPS desactivado - Pulso cada 5 min acc:7.028m
2026-09-23 11:14:53 [SocketMessageDispatcher] Mensaje: Header: forward_datero, Data: {trip=39152, geofence=59, time=2026-09-23T11:14:52, dateros=[{delta=8, padron=124}, {delta=27, padron=128}, {delta=23, padron=107}, {delta=12, padron=146}, {delta=10, padron=131}]}
2026-09-23 11:14:53 [SocketService] [RECIBIDO]| #20 | SID:244 | 32B | forward_datero [DATA]: {trip=39152, geofence=59, time=2026-09-23T11:14:52, dateros=[{delta=8, padron=124}, {delta=27, padron=128}, {delta=23, padron=107}, {delta=12, padron=146}, {delta=10, padron=131}]}
2026-09-23 11:14:53 [SocketMessageDispatcher] Mensaje: Header: mark, Data: {volada=-17, trip=39152, geofence=59, id=1136915, state=M, timestamp=2026-09-23T11:14:52}
2026-09-23 11:14:53 [SocketService] [RECIBIDO]| #19 | SID:244 | 25B | mark [DATA]: {volada=-17, trip=39152, geofence=59, id=1136915, state=M, timestamp=2026-09-23T11:14:52}
2026-09-23 11:12:49 [ParaderoManager] Paradero más cercano: Paradero(id=31, lado=false, ruta=Ruta(id=1, codigo=1493, inicio=null, activo=false), activo=true, nombre=J. PARDO, orden=14, latitud=-12.097257949667133, liquidar=false, longitud=-77.07122442982195, radio=48.44636583175198, velocidad=50.0, terminal=false, audio=J. PARDO)
2026-09-23 11:12:30 [ProtectorVM] TEMP: 38.7C -> cap térmico 100%
2026-09-23 11:12:30 [ProtectorVM] temp: 38.7C
2026-09-23 11:11:35 [SocketMessageDispatcher] Mensaje: Header: report, Data: {positions=1}
2026-09-23 11:11:35 [SocketService] [RECIBIDO]| #17 | SID:244 | 3B | report [DATA]: {positions=1}
2026-09-23 11:11:35 [SocketService] [ENVIADO] | [NUEVO] (36B) [KEY]: report [DATA]: {trip=39152, route=1, positions=[{lng=-77.0535914, busstop=0, angle=325, accuracy=4, time=2026-09-23T11:11:34.952627, lat=-12.1079776, speed=4, mark=0}], state=R, sales=0, events=[], direction=true}
2026-09-23 11:11:35 [PositionRepository] 📤 Enviando 1 (batch=5, pendientes=1)
2026-09-23 11:11:34 [LocationTrackingService] GPS desactivado - Pulso cada 5 min acc:4.135m
2026-09-23 11:10:31 [SocketMessageDispatcher] Mensaje: Header: backward_datero, Data: {pad=132, geofence=56, delta=18, orden=0, id=7261021228}
2026-09-23 11:10:31 [SocketService] [RECIBIDO]| #16 | SID:244 | 19B | backward_datero [DATA]: {pad=132, geofence=56, delta=18, orden=0, id=7261021228}
2026-09-23 11:08:19 [SocketMessageDispatcher] Mensaje: Header: tickets, Data: {tickets=[{correlative=9342, id=6ab3f97327bb27508ccbe8a0}]}
2026-09-23 11:08:19 [SocketService] [RECIBIDO]| #12 | SID:244 | 32B | tickets [DATA]: {tickets=[{correlative=9342, id=6ab3f97327bb27508ccbe8a0}]}
2026-09-23 11:08:19 [SocketService] [ENVIADO] | [NUEVO] (43B) [KEY]: tickets [DATA]: {tickets=[{fare=1, correlative=9342, session=35417, busstop_end=null, inspector=null, vehicle=15, number=101, route=1, driver=131, price=400.0, time=2026-09-23T11:08:19.263385, busstop_start=38, day=2026-09-23, payment_method=1, card=null}]}
2026-09-23 11:07:54 [SocketMessageDispatcher] Mensaje: Header: tickets, Data: {tickets=[{correlative=9341, id=6ab3f95a27bb27508ccbe835}]}
2026-09-23 11:07:54 [SocketService] [RECIBIDO]| #8 | SID:244 | 32B | tickets [DATA]: {tickets=[{correlative=9341, id=6ab3f95a27bb27508ccbe835}]}
2026-09-23 11:07:54 [SocketService] [ENVIADO] | [NUEVO] (43B) [KEY]: tickets [DATA]: {tickets=[{fare=6, correlative=9341, session=35417, busstop_end=null, inspector=null, vehicle=15, number=1333, route=1, driver=131, price=150.0, time=2026-09-23T11:07:54.475387, busstop_start=38, day=2026-09-23, payment_method=1, card=null}]}
2026-09-23 11:07:30 [ProtectorVM] TEMP: 39.1C -> cap térmico 100%
2026-09-23 11:07:30 [ProtectorVM] temp: 39.1C
2026-09-23 11:06:33 [SocketMessageDispatcher] Mensaje: Header: report, Data: {positions=1}
2026-09-23 11:06:33 [SocketService] [RECIBIDO]| #7 | SID:244 | 3B | report [DATA]: {positions=1}
2026-09-23 11:06:32 [SocketService] [ENVIADO] | [NUEVO] (36B) [KEY]: report [DATA]: {trip=39152, route=1, positions=[{lng=-77.0425544, busstop=0, angle=319, accuracy=10, time=2026-09-23T11:06:31.948011, lat=-12.1188214, speed=15, mark=0}], state=R, sales=0, events=[], direction=true}
2026-09-23 11:06:32 [PositionRepository] 📤 Enviando 1 (batch=2, pendientes=1)
2026-09-23 11:06:31 [LocationTrackingService] GPS desactivado - Pulso cada 5 min acc:10.026m
2026-09-23 11:06:05 [ERROR-GeoMarkViewModel] ❌ Geocerca ID 58 no encontrada
2026-09-23 11:06:05 [SocketMessageDispatcher] Mensaje: Header: forward_datero, Data: {trip=39152, geofence=58, time=2026-09-23T11:06:03, dateros=[{delta=12, padron=124}, {delta=28, padron=128}, {delta=21, padron=107}, {delta=12, padron=146}, {delta=8, padron=131}]}
2026-09-23 11:06:05 [SocketMessageDispatcher] Mensaje: Header: mark, Data: {volada=-15, trip=39152, geofence=58, id=1136914, state=M, timestamp=2026-09-23T11:06:03}
2026-09-23 11:06:05 [SocketService] [RECIBIDO]| #6 | SID:244 | 32B | forward_datero [DATA]: {trip=39152, geofence=58, time=2026-09-23T11:06:03, dateros=[{delta=12, padron=124}, {delta=28, padron=128}, {delta=21, padron=107}, {delta=12, padron=146}, {delta=8, padron=131}]}
2026-09-23 11:06:05 [SocketService] [RECIBIDO]| #5 | SID:244 | 25B | mark [DATA]: {volada=-15, trip=39152, geofence=58, id=1136914, state=M, timestamp=2026-09-23T11:06:03}
2026-09-23 11:05:52 [ParaderoManager] Paradero actual: DEL EJERCITO (id=38)
2026-09-23 11:05:52 [DRIVERAUTO] Primera sesión obtenida: SessionDriver(id=35417, driver_id=131, driver_code=ID131, activo=true, castigado=false, conductor=true, vencido=false, route=1, direction=false, start_time=2026-09-23T06:18:59, autoLogin=true)
2026-09-23 11:05:33 [SocketMessageDispatcher] Mensaje: Header: salida, Data: {lado=true, estado=R, frecuencia=16, ruta=1, geocerca=57, controles=[{volada=0, tiempo=0, geocerca=53}, {volada=0, tiempo=5, geocerca=67}, {volada=-4, tiempo=10, geocerca=54}, {volada=-6, tiempo=6, geocerca=68}, {volada=-10, tiempo=6, geocerca=55}, {volada=-9, tiempo=5, geocerca=69}, {volada=-12, tiempo=12, geocerca=56}, {volada=-15, tiempo=8, geocerca=57}, {volada=0, tiempo=9, geocerca=58}, {volada=0, tiempo=10, geocerca=59}, {volada=0, tiempo=7, geocerca=60}, {volada=0, tiempo=0, geocerca=61}, {volada=0, tiempo=0, geocerca=62}, {volada=0, tiempo=0, geocerca=63}, {volada=0, tiempo=0, geocerca=64}, {volada=0, tiempo=0, geocerca=65}, {volada=0, tiempo=0, geocerca=66}, {volada=0, tiempo=0, geocerca=3}, {volada=0, tiempo=6, geocerca=22}, {volada=0, tiempo=3, geocerca=23}, {volada=0, tiempo=3, geocerca=24}, {volada=0, tiempo=3, geocerca=25}, {volada=0, tiempo=3, geocerca=26}, {volada=0, tiempo=3, geocerca=27}, {volada=0, tiempo=3, geocerca=28}, {volada=0, tiempo=3, geocerca=29}, {volada=0, tiempo=2, geocerca=30}, {volada=0, tiempo=2, geocerca=31}, {volada=0, tiempo=3, geocerca=32}, {volada=0, tiempo=4, geocerca=33}, {volada=0, tiempo=3, geocerca=34}, {volada=0, tiempo=3, geocerca=35}, {volada=0, tiempo=3, geocerca=36}, {volada=0, tiempo=3, geocerca=37}, {volada=0, tiempo=3, geocerca=38}, {volada=0, tiempo=5, geocerca=4}], inicio=2026-09-23T10:20, marcados=[false, false, true, true, true, true, true, true, false, false, false, false, false, false, false, false, false, false, false, false, false, false, false, false, false, false, false, false, false, false, false, false, false, false, false, false], id=39152, conductor=131}
2026-09-23 11:05:33 [SocketMessageDispatcher] Mensaje: Header: backward_datero_hide, Data: {pad=132, geofence=69, delta=17, orden=0, id=8058296587}
2026-09-23 11:05:33 [SocketMessageDispatcher] Mensaje: Header: forward_datero_hide, Data: {trip=39152, geofence=57, time=2026-09-23T10:57:15, dateros=[{delta=11, padron=124}, {delta=28, padron=128}, {delta=15, padron=107}, {delta=10, padron=146}, {delta=10, padron=131}]}
2026-09-23 11:05:32 [SocketService] [RECIBIDO]| #4 | SID:244 | 245B | salida [DATA]: {lado=true, estado=R, frecuencia=16, ruta=1, geocerca=57, controles=[{volada=0, tiempo=0, geocerca=53}, {volada=0, tiempo=5, geocerca=67}, {volada=-4, tiempo=10, geocerca=54}, {volada=-6, tiempo=6, geocerca=68}, {volada=-10, tiempo=6, geocerca=55}, {volada=-9, tiempo=5, geocerca=69}, {volada=-12, tiempo=12, geocerca=56}, {volada=-15, tiempo=8, geocerca=57}, {volada=0, tiempo=9, geocerca=58}, {volada=0, tiempo=10, geocerca=59}, {volada=0, tiempo=7, geocerca=60}, {volada=0, tiempo=0, geocerca=61}, {volada=0, tiempo=0, geocerca=62}, {volada=0, tiempo=0, geocerca=63}, {volada=0, tiempo=0, geocerca=64}, {volada=0, tiempo=0, geocerca=65}, {volada=0, tiempo=0, geocerca=66}, {volada=0, tiempo=0, geocerca=3}, {volada=0, tiempo=6, geocerca=22}, {volada=0, tiempo=3, geocerca=23}, {volada=0, tiempo=3, geocerca=24}, {volada=0, tiempo=3, geocerca=25}, {volada=0, tiempo=3, geocerca=26}, {volada=0, tiempo=3, geocerca=27}, {volada=0, tiempo=3, geocerca=28}, {volada=0, tiempo=3, geocerca=29}, {volada=0, tiempo=2, geocerca=30}, {volada=0, tiempo=2, geocerca=31}, {volada=0, tiempo=3, geocerca=32}, {volada=0, tiempo=4, geocerca=33}, {volada=0, tiempo=3, geocerca=34}, {volada=0, tiempo=3, geocerca=35}, {volada=0, tiempo=3, geocerca=36}, {volada=0, tiempo=3, geocerca=37}, {volada=0, tiempo=3, geocerca=38}, {volada=0, tiempo=5, geocerca=4}], inicio=2026-09-23T10:20, marcados=[false, false, true, true, true, true, true, true, false, false, false, false, false, false, false, false, false, false, false, false, false, false, false, false, false, false, false, false, false, false, false, false, false, false, false, false], id=39152, conductor=131}
2026-09-23 11:05:32 [SocketService] [RECIBIDO]| #3 | SID:244 | 20B | backward_datero_hide [DATA]: {pad=132, geofence=69, delta=17, orden=0, id=8058296587}
2026-09-23 11:05:32 [SocketService] [RECIBIDO]| #2 | SID:244 | 31B | forward_datero_hide [DATA]: {trip=39152, geofence=57, time=2026-09-23T10:57:15, dateros=[{delta=11, padron=124}, {delta=28, padron=128}, {delta=15, padron=107}, {delta=10, padron=146}, {delta=10, padron=131}]}
2026-09-23 11:05:32 [SocketService] [ENVIADO] | [NUEVO] (7B) [KEY]: salida [DATA]: {limit=0, salida=39152}
2026-09-23 11:05:32 [SocketService] [ENVIADO] | [NUEVO] (3B) [KEY]: backward_datero [DATA]: {id=0}
2026-09-23 11:05:32 [SocketService] [ENVIADO] | [NUEVO] (4B) [KEY]: forward_datero [DATA]: {id=0}
2026-09-23 11:05:32 [SocketMessageDispatcher] ✅ Login confirmado por servidor (sesión OK)
2026-09-23 11:05:32 [SocketMessageDispatcher] Mensaje: Header: login, Data: {voice=true, orientation=false, contactless=false, data=2026-09-23T11:05:32, ticket=true, geofence=57, gps=false, schedule=10:35, ads=false, route=1, trip=39152, driver=null, calls=true, padron=124, id=15, state=R, map=false, placa=BCG906, direction=true, order=1}
2026-09-23 11:05:32 [SocketService] [RECIBIDO]| #1 | SID:244 | 35B | login [DATA]: {voice=true, orientation=false, contactless=false, data=2026-09-23T11:05:32, ticket=true, geofence=57, gps=false, schedule=10:35, ads=false, route=1, trip=39152, driver=null, calls=true, padron=124, id=15, state=R, map=false, placa=BCG906, direction=true, order=1}
2026-09-23 11:05:31 [SocketService] 🔒 WakeLock + WifiLock adquiridos
2026-09-23 11:05:31 [SocketService] [ENVIADO] | [NUEVO] (18B) [KEY]: login [DATA]: {serial=864255060447047}
2026-09-23 11:05:31 [SocketService] 🔑 Enviando login handshake (864255060447047)
2026-09-23 11:05:31 [SocketService] ✅ CONECTADO [ID: 244] en 79379955ms - Code: 101
2026-09-23 11:05:31 [SocketService] 🔄 Conectando [ID: 244] a ws://34.71.11.201:22222?schema=android&gps=true&console=true&version=2
2026-09-23 11:05:31 [SocketService] ✅ Recursos completamente limpiados
2026-09-23 11:05:31 [GpsViewModel] No hay conexión. Se omite procesamiento.
2026-09-23 11:05:31 [SocketService] 🔄 Nuevo Socket ID: 244
2026-09-23 11:05:31 [SocketService] 🧹 Limpiando recursos [ID: 243]
2026-09-23 11:05:31 [SocketService] ⏰ Watchdog: 132951ms sin mensajes, forzando reconexión
2026-09-23 11:03:43 [ParaderoManager] Paradero más cercano: Paradero(id=38, lado=true, ruta=Ruta(id=1, codigo=1493, inicio=null, activo=false), activo=true, nombre=DEL EJERCITO, orden=9, latitud=-12.118910028664036, liquidar=false, longitud=-77.04203335802617, radio=47.0, velocidad=50.0, terminal=false, audio=DEL EJERCITO)
2026-09-23 11:03:19 [ParaderoManager] Paradero más cercano: Paradero(id=39, lado=false, ruta=Ruta(id=1, codigo=1493, inicio=null, activo=false), activo=true, nombre=P. REPUBLICA, orden=15, latitud=-12.119229420196872, liquidar=false, longitud=-77.02661416752463, radio=45.0, velocidad=50.0, terminal=false, audio=P. REPUBLICA)
2026-09-23 11:03:17 [SocketMessageDispatcher] Mensaje: Header: tickets, Data: {tickets=[{correlative=9340, id=6ab3f84527bb27508ccbe410}]}
2026-09-23 11:03:17 [SocketService] [RECIBIDO]| #19 | SID:243 | 32B | tickets [DATA]: {tickets=[{correlative=9340, id=6ab3f84527bb27508ccbe410}]}
2026-09-23 11:03:17 [SocketService] [ENVIADO] | [NUEVO] (43B) [KEY]: tickets [DATA]: {tickets=[{fare=6, correlative=9340, session=35417, busstop_end=null, inspector=null, vehicle=15, number=1332, route=1, driver=131, price=150.0, time=2026-09-23T11:03:17.542720, busstop_start=29, day=2026-09-23, payment_method=1, card=null}]}
2026-09-23 11:03:07 [ParaderoManager] Paradero más cercano: Paradero(id=38, lado=true, ruta=Ruta(id=1, codigo=1493, inicio=null, activo=false), activo=true, nombre=DEL EJERCITO, orden=9, latitud=-12.118910028664036, liquidar=false, longitud=-77.04203335802617, radio=47.0, velocidad=50.0, terminal=false, audio=DEL EJERCITO)
2026-09-23 11:02:30 [ProtectorVM] TEMP: 39.6C -> cap térmico 100%
2026-09-23 11:02:30 [ProtectorVM] temp: 39.6C
2026-09-23 11:01:29 [SocketMessageDispatcher] Mensaje: Header: report, Data: {positions=1}
2026-09-23 11:01:29 [SocketService] [RECIBIDO]| #18 | SID:243 | 3B | report [DATA]: {positions=1}
2026-09-23 11:01:29 [SocketService] [ENVIADO] | [NUEVO] (36B) [KEY]: report [DATA]: {trip=39152, route=1, positions=[{lng=-77.0300698, busstop=0, angle=264, accuracy=5, time=2026-09-23T11:01:28.969207, lat=-12.1189396, speed=16, mark=0}], state=R, sales=0, events=[], direction=true}
2026-09-23 11:01:29 [PositionRepository] 📤 Enviando 1 (batch=10, pendientes=1)
2026-09-23 11:01:28 [LocationTrackingService] GPS desactivado - Pulso cada 5 min acc:5.464m
2026-09-23 11:00:31 [SocketMessageDispatcher] Mensaje: Header: backward_datero, Data: {pad=132, geofence=69, delta=17, orden=0, id=8058296587}
2026-09-23 11:00:31 [SocketService] [RECIBIDO]| #17 | SID:243 | 19B | backward_datero [DATA]: {pad=132, geofence=69, delta=17, orden=0, id=8058296587}
2026-09-23 10:57:46 [ParaderoManager] Paradero más cercano: Paradero(id=39, lado=false, ruta=Ruta(id=1, codigo=1493, inicio=null, activo=false), activo=true, nombre=P. REPUBLICA, orden=15, latitud=-12.119229420196872, liquidar=false, longitud=-77.02661416752463, radio=45.0, velocidad=50.0, terminal=false, audio=P. REPUBLICA)
2026-09-23 10:57:30 [ProtectorVM] TEMP: 39.6C -> cap térmico 100%
2026-09-23 10:57:30 [ProtectorVM] temp: 39.6C
2026-09-23 10:57:17 [SocketMessageDispatcher] Mensaje: Header: forward_datero, Data: {trip=39152, geofence=57, time=2026-09-23T10:57:15, dateros=[{delta=11, padron=124}, {delta=28, padron=128}, {delta=15, padron=107}, {delta=10, padron=146}, {delta=10, padron=131}]}
2026-09-23 10:57:17 [SocketService] [RECIBIDO]| #15 | SID:243 | 32B | forward_datero [DATA]: {trip=39152, geofence=57, time=2026-09-23T10:57:15, dateros=[{delta=11, padron=124}, {delta=28, padron=128}, {delta=15, padron=107}, {delta=10, padron=146}, {delta=10, padron=131}]}
2026-09-23 10:57:17 [SocketMessageDispatcher] Mensaje: Header: mark, Data: {volada=-15, trip=39152, geofence=57, id=1136913, state=M, timestamp=2026-09-23T10:57:15}
2026-09-23 10:57:17 [SocketService] [RECIBIDO]| #14 | SID:243 | 25B | mark [DATA]: {volada=-15, trip=39152, geofence=57, id=1136913, state=M, timestamp=2026-09-23T10:57:15}
2026-09-23 10:57:04 [DRIVERAUTO] Primera sesión obtenida: SessionDriver(id=35417, driver_id=131, driver_code=ID131, activo=true, castigado=false, conductor=true, vencido=false, route=1, direction=false, start_time=2026-09-23T06:18:59, autoLogin=true)
2026-09-23 10:57:04 [ParaderoManager] Paradero actual: J. PARDO (id=29)
2026-09-23 10:56:31 [ParaderoManager] Paradero más cercano: Paradero(id=29, lado=true, ruta=Ruta(id=1, codigo=1493, inicio=null, activo=false), activo=true, nombre=J. PARDO, orden=8, latitud=-12.11964110651885, liquidar=false, longitud=-77.0253224121808, radio=45.0, velocidad=50.0, terminal=false, audio=J. PARDO)
2026-09-23 10:56:29 [SocketMessageDispatcher] Mensaje: Header: report, Data: {positions=1}
2026-09-23 10:56:29 [SocketService] [RECIBIDO]| #13 | SID:243 | 3B | report [DATA]: {positions=1}
2026-09-23 10:56:29 [SocketService] [ENVIADO] | [NUEVO] (36B) [KEY]: report [DATA]: {trip=39152, route=1, positions=[{lng=-77.0247013, busstop=0, angle=337, accuracy=11, time=2026-09-23T10:56:28.964432, lat=-12.1224176, speed=10, mark=0}], state=R, sales=0, events=[], direction=true}
2026-09-23 10:56:29 [PositionRepository] 📤 Enviando 1 (batch=5, pendientes=1)
2026-09-23 10:56:28 [LocationTrackingService] GPS desactivado - Pulso cada 5 min acc:11.277m
2026-09-23 10:55:31 [SocketMessageDispatcher] Mensaje: Header: backward_datero, Data: {pad=132, geofence=55, delta=18, orden=0, id=7220910809}
2026-09-23 10:55:31 [SocketService] [RECIBIDO]| #12 | SID:243 | 19B | backward_datero [DATA]: {pad=132, geofence=55, delta=18, orden=0, id=7220910809}
2026-09-23 10:55:25 [ParaderoManager] Paradero más cercano: Paradero(id=40, lado=false, ruta=Ruta(id=1, codigo=1493, inicio=null, activo=false), activo=true, nombre=BENAVIDES, orden=16, latitud=-12.124924560721078, liquidar=false, longitud=-77.02451914103472, radio=46.0, velocidad=50.0, terminal=false, audio=BENAVIDES)
2026-09-23 10:54:13 [ParaderoManager] Paradero actual: P. REPUBLICA (id=28)
2026-09-23 10:54:13 [DRIVERAUTO] Primera sesión obtenida: SessionDriver(id=35417, driver_id=131, driver_code=ID131, activo=true, castigado=false, conductor=true, vencido=false, route=1, direction=false, start_time=2026-09-23T06:18:59, autoLogin=true)
2026-09-23 10:53:46 [SocketMessageDispatcher] Mensaje: Header: backward_datero, Data: {pad=132, geofence=68, delta=18, orden=0, id=1986520817}
2026-09-23 10:53:46 [SocketService] [RECIBIDO]| #10 | SID:243 | 19B | backward_datero [DATA]: {pad=132, geofence=68, delta=18, orden=0, id=1986520817}
2026-09-23 10:53:01 [ParaderoManager] Paradero más cercano: Paradero(id=28, lado=true, ruta=Ruta(id=1, codigo=1493, inicio=null, activo=false), activo=true, nombre=P. REPUBLICA, orden=7, latitud=-12.12541017520826, liquidar=false, longitud=-77.02368188389985, radio=46.0, velocidad=50.0, terminal=false, audio=P. REPUBLICA)
2026-09-23 10:52:30 [ProtectorVM] TEMP: 39.6C -> cap térmico 100%
2026-09-23 10:52:30 [ProtectorVM] temp: 39.6C
2026-09-23 10:52:13 [ParaderoManager] Paradero más cercano: Paradero(id=41, lado=false, ruta=Ruta(id=1, codigo=1493, inicio=null, activo=false), activo=true, nombre=R. PANAMA, orden=17, latitud=-12.126288967676981, liquidar=false, longitud=-77.01845966102564, radio=46.0, velocidad=50.0, terminal=false, audio=R. PANAMA)
2026-09-23 10:52:07 [SocketMessageDispatcher] Mensaje: Header: forward_datero, Data: {trip=39152, geofence=56, time=2026-09-23T10:52:06, dateros=[{delta=10, padron=124}, {delta=34, padron=128}, {delta=15, padron=107}, {delta=10, padron=146}, {delta=10, padron=131}]}
2026-09-23 10:52:07 [ERROR-GeoMarkViewModel] ❌ Geocerca ID 56 no encontrada
2026-09-23 10:52:07 [SocketService] [RECIBIDO]| #9 | SID:243 | 32B | forward_datero [DATA]: {trip=39152, geofence=56, time=2026-09-23T10:52:06, dateros=[{delta=10, padron=124}, {delta=34, padron=128}, {delta=15, padron=107}, {delta=10, padron=146}, {delta=10, padron=131}]}
2026-09-23 10:52:07 [SocketMessageDispatcher] Mensaje: Header: mark, Data: {volada=-12, trip=39152, geofence=56, id=1136912, state=M, timestamp=2026-09-23T10:52:06}
2026-09-23 10:52:07 [SocketService] [RECIBIDO]| #8 | SID:243 | 25B | mark [DATA]: {volada=-12, trip=39152, geofence=56, id=1136912, state=M, timestamp=2026-09-23T10:52:06}
2026-09-23 10:51:26 [SocketMessageDispatcher] Mensaje: Header: report, Data: {positions=1}
2026-09-23 10:51:26 [SocketService] [RECIBIDO]| #7 | SID:243 | 3B | report [DATA]: {positions=1}
2026-09-23 10:51:26 [SocketService] [ENVIADO] | [NUEVO] (36B) [KEY]: report [DATA]: {trip=39152, route=1, positions=[{lng=-77.0136498, busstop=0, angle=277, accuracy=10, time=2026-09-23T10:51:25.962889, lat=-12.1269577, speed=25, mark=0}], state=R, sales=0, events=[], direction=true}
2026-09-23 10:51:26 [PositionRepository] 📤 Enviando 1 (batch=2, pendientes=1)
2026-09-23 10:51:25 [LocationTrackingService] GPS desactivado - Pulso cada 5 min acc:10.693m
2026-09-23 10:49:35 [SocketMessageDispatcher] Mensaje: Header: backward_datero, Data: {pad=132, geofence=54, delta=18, orden=0, id=6147684639}
2026-09-23 10:49:35 [SocketService] [RECIBIDO]| #6 | SID:243 | 19B | backward_datero [DATA]: {pad=132, geofence=54, delta=18, orden=0, id=6147684639}
2026-09-23 10:48:32 [SocketMessageDispatcher] Mensaje: Header: forward_datero_hide, Data: {trip=39152, geofence=69, time=2026-09-23T10:43:04, dateros=[{delta=11, padron=124}, {delta=36, padron=128}, {delta=14, padron=107}, {delta=11, padron=146}, {delta=8, padron=131}]}
2026-09-23 10:48:32 [SocketMessageDispatcher] Mensaje: Header: backward_datero_hide, Data: {pad=132, geofence=67, delta=17, orden=0, id=7758840381}
2026-09-23 10:48:32 [SocketMessageDispatcher] Mensaje: Header: salida, Data: {lado=true, estado=R, frecuencia=16, ruta=1, geocerca=69, controles=[{volada=0, tiempo=0, geocerca=53}, {volada=0, tiempo=5, geocerca=67}, {volada=-4, tiempo=10, geocerca=54}, {volada=-6, tiempo=6, geocerca=68}, {volada=-10, tiempo=6, geocerca=55}, {volada=-9, tiempo=5, geocerca=69}, {volada=0, tiempo=12, geocerca=56}, {volada=0, tiempo=8, geocerca=57}, {volada=0, tiempo=9, geocerca=58}, {volada=0, tiempo=10, geocerca=59}, {volada=0, tiempo=7, geocerca=60}, {volada=0, tiempo=0, geocerca=61}, {volada=0, tiempo=0, geocerca=62}, {volada=0, tiempo=0, geocerca=63}, {volada=0, tiempo=0, geocerca=64}, {volada=0, tiempo=0, geocerca=65}, {volada=0, tiempo=0, geocerca=66}, {volada=0, tiempo=0, geocerca=3}, {volada=0, tiempo=6, geocerca=22}, {volada=0, tiempo=3, geocerca=23}, {volada=0, tiempo=3, geocerca=24}, {volada=0, tiempo=3, geocerca=25}, {volada=0, tiempo=3, geocerca=26}, {volada=0, tiempo=3, geocerca=27}, {volada=0, tiempo=3, geocerca=28}, {volada=0, tiempo=3, geocerca=29}, {volada=0, tiempo=2, geocerca=30}, {volada=0, tiempo=2, geocerca=31}, {volada=0, tiempo=3, geocerca=32}, {volada=0, tiempo=4, geocerca=33}, {volada=0, tiempo=3, geocerca=34}, {volada=0, tiempo=3, geocerca=35}, {volada=0, tiempo=3, geocerca=36}, {volada=0, tiempo=3, geocerca=37}, {volada=0, tiempo=3, geocerca=38}, {volada=0, tiempo=5, geocerca=4}], inicio=2026-09-23T10:20, marcados=[false, false, true, true, true, true, false, false, false, false, false, false, false, false, false, false, false, false, false, false, false, false, false, false, false, false, false, false, false, false, false, false, false, false, false, false], id=39152, conductor=131}
2026-09-23 10:48:32 [SocketService] [RECIBIDO]| #4 | SID:243 | 31B | forward_datero_hide [DATA]: {trip=39152, geofence=69, time=2026-09-23T10:43:04, dateros=[{delta=11, padron=124}, {delta=36, padron=128}, {delta=14, padron=107}, {delta=11, padron=146}, {delta=8, padron=131}]}
2026-09-23 10:48:32 [SocketService] [RECIBIDO]| #3 | SID:243 | 20B | backward_datero_hide [DATA]: {pad=132, geofence=67, delta=17, orden=0, id=7758840381}
2026-09-23 10:48:32 [SocketService] [RECIBIDO]| #2 | SID:243 | 245B | salida [DATA]: {lado=true, estado=R, frecuencia=16, ruta=1, geocerca=69, controles=[{volada=0, tiempo=0, geocerca=53}, {volada=0, tiempo=5, geocerca=67}, {volada=-4, tiempo=10, geocerca=54}, {volada=-6, tiempo=6, geocerca=68}, {volada=-10, tiempo=6, geocerca=55}, {volada=-9, tiempo=5, geocerca=69}, {volada=0, tiempo=12, geocerca=56}, {volada=0, tiempo=8, geocerca=57}, {volada=0, tiempo=9, geocerca=58}, {volada=0, tiempo=10, geocerca=59}, {volada=0, tiempo=7, geocerca=60}, {volada=0, tiempo=0, geocerca=61}, {volada=0, tiempo=0, geocerca=62}, {volada=0, tiempo=0, geocerca=63}, {volada=0, tiempo=0, geocerca=64}, {volada=0, tiempo=0, geocerca=65}, {volada=0, tiempo=0, geocerca=66}, {volada=0, tiempo=0, geocerca=3}, {volada=0, tiempo=6, geocerca=22}, {volada=0, tiempo=3, geocerca=23}, {volada=0, tiempo=3, geocerca=24}, {volada=0, tiempo=3, geocerca=25}, {volada=0, tiempo=3, geocerca=26}, {volada=0, tiempo=3, geocerca=27}, {volada=0, tiempo=3, geocerca=28}, {volada=0, tiempo=3, geocerca=29}, {volada=0, tiempo=2, geocerca=30}, {volada=0, tiempo=2, geocerca=31}, {volada=0, tiempo=3, geocerca=32}, {volada=0, tiempo=4, geocerca=33}, {volada=0, tiempo=3, geocerca=34}, {volada=0, tiempo=3, geocerca=35}, {volada=0, tiempo=3, geocerca=36}, {volada=0, tiempo=3, geocerca=37}, {volada=0, tiempo=3, geocerca=38}, {volada=0, tiempo=5, geocerca=4}], inicio=2026-09-23T10:20, marcados=[false, false, true, true, true, true, false, false, false, false, false, false, false, false, false, false, false, false, false, false, false, false, false, false, false, false, false, false, false, false, false, false, false, false, false, false], id=39152, conductor=131}
2026-09-23 10:48:31 [SocketService] [ENVIADO] | [NUEVO] (3B) [KEY]: backward_datero [DATA]: {id=0}
2026-09-23 10:48:31 [SocketService] [ENVIADO] | [NUEVO] (4B) [KEY]: forward_datero [DATA]: {id=0}
2026-09-23 10:48:31 [SocketService] [ENVIADO] | [NUEVO] (7B) [KEY]: salida [DATA]: {limit=0, salida=39152}
2026-09-23 10:48:31 [SocketMessageDispatcher] ✅ Login confirmado por servidor (sesión OK)
2026-09-23 10:48:31 [SocketMessageDispatcher] Mensaje: Header: login, Data: {voice=true, orientation=false, contactless=false, data=2026-09-23T10:48:31, ticket=true, geofence=69, gps=false, schedule=10:35, ads=false, route=1, trip=39152, driver=null, calls=true, padron=124, id=15, state=R, map=false, placa=BCG906, direction=true, order=1}
2026-09-23 10:48:31 [SocketService] [RECIBIDO]| #1 | SID:243 | 35B | login [DATA]: {voice=true, orientation=false, contactless=false, data=2026-09-23T10:48:31, ticket=true, geofence=69, gps=false, schedule=10:35, ads=false, route=1, trip=39152, driver=null, calls=true, padron=124, id=15, state=R, map=false, placa=BCG906, direction=true, order=1}
2026-09-23 10:48:31 [SocketService] 🔒 WakeLock + WifiLock adquiridos
2026-09-23 10:48:31 [SocketService] [ENVIADO] | [NUEVO] (18B) [KEY]: login [DATA]: {serial=864255060447047}
2026-09-23 10:48:31 [SocketService] 🔑 Enviando login handshake (864255060447047)
2026-09-23 10:48:31 [SocketService] ✅ CONECTADO [ID: 243] en 78359467ms - Code: 101
2026-09-23 10:48:30 [SocketService] ✅ Recursos completamente limpiados
2026-09-23 10:48:30 [SocketService] 🔄 Conectando [ID: 243] a ws://34.71.11.201:22222?schema=android&gps=true&console=true&version=2
2026-09-23 10:48:30 [GpsViewModel] No hay conexión. Se omite procesamiento.
2026-09-23 10:48:30 [SocketService] 🔄 Nuevo Socket ID: 243
2026-09-23 10:48:30 [SocketService] ⏰ Watchdog: 126111ms sin mensajes, forzando reconexión
2026-09-23 10:48:30 [SocketService] 🧹 Limpiando recursos [ID: 242]
2026-09-23 10:47:30 [ProtectorVM] TEMP: 39.6C -> cap térmico 100%
2026-09-23 10:47:30 [ProtectorVM] temp: 39.6C
2026-09-23 10:46:24 [SocketMessageDispatcher] Mensaje: Header: report, Data: {positions=1}
2026-09-23 10:46:24 [SocketService] [RECIBIDO]| #47 | SID:242 | 3B | report [DATA]: {positions=1}
2026-09-23 10:46:23 [SocketService] [ENVIADO] | [NUEVO] (36B) [KEY]: report [DATA]: {trip=39152, route=1, positions=[{lng=-77.0069095, busstop=0, angle=277, accuracy=3, time=2026-09-23T10:46:22.960841, lat=-12.1279605, speed=15, mark=0}], state=R, sales=0, events=[], direction=true}
2026-09-23 10:46:22 [PositionRepository] 📤 Enviando 1 (batch=5, pendientes=1)
2026-09-23 10:46:22 [LocationTrackingService] GPS desactivado - Pulso cada 5 min acc:3.79m
2026-09-23 10:46:19 [ParaderoManager] Paradero más cercano: Paradero(id=27, lado=true, ruta=Ruta(id=1, codigo=1493, inicio=null, activo=false), activo=true, nombre=AV. BENAVIDES, orden=6, latitud=-12.126793469717585, liquidar=false, longitud=-77.01799078832886, radio=46.2671035276091, velocidad=50.0, terminal=false, audio=AV. BENAVIDES)
2026-09-23 10:44:34 [ParaderoManager] Paradero más cercano: Paradero(id=23, lado=true, ruta=Ruta(id=1, codigo=1493, inicio=null, activo=false), activo=true, nombre=VIA EXPRESA SUR, orden=2, latitud=-12.138100677539216, liquidar=false, longitud=-77.01125073612509, radio=45.0, velocidad=50.0, terminal=false, audio=VIA EXPRESA SUR)
2026-09-23 10:44:25 [SocketMessageDispatcher] Mensaje: Header: tickets, Data: {tickets=[{correlative=9339, id=6ab3f3d927bb27508ccbd33f}]}
2026-09-23 10:44:25 [SocketService] [RECIBIDO]| #44 | SID:242 | 32B | tickets [DATA]: {tickets=[{correlative=9339, id=6ab3f3d927bb27508ccbd33f}]}
2026-09-23 10:44:25 [SocketService] [ENVIADO] | [NUEVO] (43B) [KEY]: tickets [DATA]: {tickets=[{fare=6, correlative=9339, session=35417, busstop_end=null, inspector=null, vehicle=15, number=1331, route=1, driver=131, price=150.0, time=2026-09-23T10:44:25.520347, busstop_start=25, day=2026-09-23, payment_method=1, card=null}]}
2026-09-23 10:44:16 [SocketMessageDispatcher] Mensaje: Header: tickets, Data: {tickets=[{correlative=9338, id=6ab3f3d027bb27508ccbd31e}]}
2026-09-23 10:44:16 [SocketService] [RECIBIDO]| #40 | SID:242 | 32B | tickets [DATA]: {tickets=[{correlative=9338, id=6ab3f3d027bb27508ccbd31e}]}
2026-09-23 10:44:16 [SocketService] [ENVIADO] | [NUEVO] (43B) [KEY]: tickets [DATA]: {tickets=[{fare=6, correlative=9338, session=35417, busstop_end=null, inspector=null, vehicle=15, number=1330, route=1, driver=131, price=150.0, time=2026-09-23T10:44:16.563507, busstop_start=25, day=2026-09-23, payment_method=1, card=null}]}
2026-09-23 10:44:08 [SocketMessageDispatcher] Mensaje: Header: tickets, Data: {tickets=[{correlative=9337, id=6ab3f3c827bb27508ccbd2ff}]}
2026-09-23 10:44:08 [SocketService] [RECIBIDO]| #36 | SID:242 | 32B | tickets [DATA]: {tickets=[{correlative=9337, id=6ab3f3c827bb27508ccbd2ff}]}
2026-09-23 10:44:08 [SocketService] [ENVIADO] | [NUEVO] (43B) [KEY]: tickets [DATA]: {tickets=[{fare=6, correlative=9337, session=35417, busstop_end=null, inspector=null, vehicle=15, number=1329, route=1, driver=131, price=150.0, time=2026-09-23T10:44:08.336844, busstop_start=25, day=2026-09-23, payment_method=1, card=null}]}
2026-09-23 10:43:12 [SocketMessageDispatcher] Mensaje: Header: tickets, Data: {tickets=[{correlative=9336, id=6ab3f39027bb27508ccbd23f}]}
2026-09-23 10:43:12 [SocketService] [RECIBIDO]| #32 | SID:242 | 32B | tickets [DATA]: {tickets=[{correlative=9336, id=6ab3f39027bb27508ccbd23f}]}
2026-09-23 10:43:11 [SocketService] [ENVIADO] | [NUEVO] (43B) [KEY]: tickets [DATA]: {tickets=[{fare=1, correlative=9336, session=35417, busstop_end=null, inspector=null, vehicle=15, number=100, route=1, driver=131, price=400.0, time=2026-09-23T10:43:11.776601, busstop_start=25, day=2026-09-23, payment_method=1, card=null}]}
2026-09-23 10:43:05 [SocketMessageDispatcher] Mensaje: Header: forward_datero, Data: {trip=39152, geofence=69, time=2026-09-23T10:43:04, dateros=[{delta=11, padron=124}, {delta=36, padron=128}, {delta=14, padron=107}, {delta=11, padron=146}, {delta=8, padron=131}]}
2026-09-23 10:43:05 [SocketMessageDispatcher] Mensaje: Header: mark, Data: {volada=-9, trip=39152, geofence=69, id=1136911, state=M, timestamp=2026-09-23T10:43:04}
2026-09-23 10:43:05 [SocketService] [RECIBIDO]| #31 | SID:242 | 32B | forward_datero [DATA]: {trip=39152, geofence=69, time=2026-09-23T10:43:04, dateros=[{delta=11, padron=124}, {delta=36, padron=128}, {delta=14, padron=107}, {delta=11, padron=146}, {delta=8, padron=131}]}
2026-09-23 10:43:05 [SocketService] [RECIBIDO]| #30 | SID:242 | 25B | mark [DATA]: {volada=-9, trip=39152, geofence=69, id=1136911, state=M, timestamp=2026-09-23T10:43:04}
2026-09-23 10:42:57 [SocketMessageDispatcher] Mensaje: Header: tickets, Data: {tickets=[{correlative=9335, id=6ab3f38127bb27508ccbd20c}]}
2026-09-23 10:42:57 [SocketService] [RECIBIDO]| #26 | SID:242 | 32B | tickets [DATA]: {tickets=[{correlative=9335, id=6ab3f38127bb27508ccbd20c}]}
2026-09-23 10:42:57 [SocketService] [ENVIADO] | [NUEVO] (43B) [KEY]: tickets [DATA]: {tickets=[{fare=6, correlative=9335, session=35417, busstop_end=null, inspector=null, vehicle=15, number=1328, route=1, driver=131, price=150.0, time=2026-09-23T10:42:57.193147, busstop_start=25, day=2026-09-23, payment_method=1, card=null}]}
2026-09-23 10:42:50 [SocketMessageDispatcher] Mensaje: Header: tickets, Data: {tickets=[{correlative=9334, id=6ab3f37a27bb27508ccbd1ee}]}
2026-09-23 10:42:50 [SocketService] [RECIBIDO]| #22 | SID:242 | 32B | tickets [DATA]: {tickets=[{correlative=9334, id=6ab3f37a27bb27508ccbd1ee}]}
2026-09-23 10:42:49 [SocketService] [ENVIADO] | [NUEVO] (43B) [KEY]: tickets [DATA]: {tickets=[{fare=6, correlative=9334, session=35417, busstop_end=null, inspector=null, vehicle=15, number=1327, route=1, driver=131, price=150.0, time=2026-09-23T10:42:49.659280, busstop_start=25, day=2026-09-23, payment_method=1, card=null}]}
2026-09-23 10:42:30 [ProtectorVM] TEMP: 39.4C -> cap térmico 100%
2026-09-23 10:42:30 [ProtectorVM] temp: 39.4C
2026-09-23 10:42:19 [SocketMessageDispatcher] Mensaje: Header: tickets, Data: {tickets=[{correlative=9333, id=6ab3f35b27bb27508ccbd181}]}
2026-09-23 10:42:19 [SocketService] [RECIBIDO]| #18 | SID:242 | 32B | tickets [DATA]: {tickets=[{correlative=9333, id=6ab3f35b27bb27508ccbd181}]}
2026-09-23 10:42:19 [SocketService] [ENVIADO] | [NUEVO] (43B) [KEY]: tickets [DATA]: {tickets=[{fare=6, correlative=9333, session=35417, busstop_end=null, inspector=null, vehicle=15, number=1326, route=1, driver=131, price=150.0, time=2026-09-23T10:42:18.968666, busstop_start=25, day=2026-09-23, payment_method=1, card=null}]}
2026-09-23 10:42:14 [SocketMessageDispatcher] Mensaje: Header: tickets, Data: {tickets=[{correlative=9332, id=6ab3f35627bb27508ccbd165}]}
2026-09-23 10:42:14 [SocketService] [RECIBIDO]| #14 | SID:242 | 32B | tickets [DATA]: {tickets=[{correlative=9332, id=6ab3f35627bb27508ccbd165}]}
2026-09-23 10:42:14 [SocketService] [ENVIADO] | [NUEVO] (43B) [KEY]: tickets [DATA]: {tickets=[{fare=6, correlative=9332, session=35417, busstop_end=null, inspector=null, vehicle=15, number=1325, route=1, driver=131, price=150.0, time=2026-09-23T10:42:13.967032, busstop_start=25, day=2026-09-23, payment_method=1, card=null}]}
2026-09-23 10:41:23 [SocketMessageDispatcher] Mensaje: Header: report, Data: {positions=1}
2026-09-23 10:41:23 [SocketService] [RECIBIDO]| #13 | SID:242 | 3B | report [DATA]: {positions=1}
2026-09-23 10:41:23 [SocketService] [ENVIADO] | [NUEVO] (36B) [KEY]: report [DATA]: {trip=39152, route=1, positions=[{lng=-76.996972, busstop=0, angle=265, accuracy=13, time=2026-09-23T10:41:22.959396, lat=-12.1285381, speed=29, mark=0}], state=R, sales=0, events=[], direction=true}
2026-09-23 10:41:23 [PositionRepository] 📤 Enviando 1 (batch=2, pendientes=1)
2026-09-23 10:41:22 [LocationTrackingService] GPS desactivado - Pulso cada 5 min acc:13.246m
2026-09-23 10:41:18 [SocketMessageDispatcher] Mensaje: Header: tickets, Data: {tickets=[{correlative=9331, id=6ab3f31e27bb27508ccbd092}]}
2026-09-23 10:41:18 [SocketService] [RECIBIDO]| #9 | SID:242 | 32B | tickets [DATA]: {tickets=[{correlative=9331, id=6ab3f31e27bb27508ccbd092}]}
2026-09-23 10:41:17 [SocketService] [ENVIADO] | [NUEVO] (43B) [KEY]: tickets [DATA]: {tickets=[{fare=6, correlative=9331, session=35417, busstop_end=null, inspector=null, vehicle=15, number=1324, route=1, driver=131, price=150.0, time=2026-09-23T10:41:17.734533, busstop_start=25, day=2026-09-23, payment_method=1, card=null}]}
2026-09-23 10:41:13 [SocketMessageDispatcher] Mensaje: Header: tickets, Data: {tickets=[{correlative=9330, id=6ab3f31927bb27508ccbd077}]}
2026-09-23 10:41:13 [SocketService] [RECIBIDO]| #5 | SID:242 | 32B | tickets [DATA]: {tickets=[{correlative=9330, id=6ab3f31927bb27508ccbd077}]}
2026-09-23 10:41:12 [SocketService] [ENVIADO] | [NUEVO] (43B) [KEY]: tickets [DATA]: {tickets=[{fare=1, correlative=9330, session=35417, busstop_end=null, inspector=null, vehicle=15, number=99, route=1, driver=131, price=400.0, time=2026-09-23T10:41:12.775869, busstop_start=25, day=2026-09-23, payment_method=1, card=null}]}
2026-09-23 10:39:32 [SocketMessageDispatcher] Mensaje: Header: salida, Data: {lado=true, estado=R, frecuencia=16, ruta=1, geocerca=55, controles=[{volada=0, tiempo=0, geocerca=53}, {volada=0, tiempo=5, geocerca=67}, {volada=-4, tiempo=10, geocerca=54}, {volada=-6, tiempo=6, geocerca=68}, {volada=-10, tiempo=6, geocerca=55}, {volada=0, tiempo=5, geocerca=69}, {volada=0, tiempo=12, geocerca=56}, {volada=0, tiempo=8, geocerca=57}, {volada=0, tiempo=9, geocerca=58}, {volada=0, tiempo=10, geocerca=59}, {volada=0, tiempo=7, geocerca=60}, {volada=0, tiempo=0, geocerca=61}, {volada=0, tiempo=0, geocerca=62}, {volada=0, tiempo=0, geocerca=63}, {volada=0, tiempo=0, geocerca=64}, {volada=0, tiempo=0, geocerca=65}, {volada=0, tiempo=0, geocerca=66}, {volada=0, tiempo=0, geocerca=3}, {volada=0, tiempo=6, geocerca=22}, {volada=0, tiempo=3, geocerca=23}, {volada=0, tiempo=3, geocerca=24}, {volada=0, tiempo=3, geocerca=25}, {volada=0, tiempo=3, geocerca=26}, {volada=0, tiempo=3, geocerca=27}, {volada=0, tiempo=3, geocerca=28}, {volada=0, tiempo=3, geocerca=29}, {volada=0, tiempo=2, geocerca=30}, {volada=0, tiempo=2, geocerca=31}, {volada=0, tiempo=3, geocerca=32}, {volada=0, tiempo=4, geocerca=33}, {volada=0, tiempo=3, geocerca=34}, {volada=0, tiempo=3, geocerca=35}, {volada=0, tiempo=3, geocerca=36}, {volada=0, tiempo=3, geocerca=37}, {volada=0, tiempo=3, geocerca=38}, {volada=0, tiempo=5, geocerca=4}], inicio=2026-09-23T10:20, marcados=[false, false, true, true, true, false, false, false, false, false, false, false, false, false, false, false, false, false, false, false, false, false, false, false, false, false, false, false, false, false, false, false, false, false, false, false], id=39152, conductor=131}
2026-09-23 10:39:32 [SocketMessageDispatcher] Mensaje: Header: backward_datero_hide, Data: {pad=132, geofence=67, delta=17, orden=0, id=7758840381}
2026-09-23 10:39:32 [SocketMessageDispatcher] Mensaje: Header: forward_datero_hide, Data: {trip=39152, geofence=55, time=2026-09-23T10:37:25, dateros=[{delta=9, padron=124}, {delta=36, padron=128}, {delta=16, padron=107}, {delta=11, padron=146}, {delta=8, padron=131}]}
2026-09-23 10:39:31 [SocketService] [RECIBIDO]| #4 | SID:242 | 245B | salida [DATA]: {lado=true, estado=R, frecuencia=16, ruta=1, geocerca=55, controles=[{volada=0, tiempo=0, geocerca=53}, {volada=0, tiempo=5, geocerca=67}, {volada=-4, tiempo=10, geocerca=54}, {volada=-6, tiempo=6, geocerca=68}, {volada=-10, tiempo=6, geocerca=55}, {volada=0, tiempo=5, geocerca=69}, {volada=0, tiempo=12, geocerca=56}, {volada=0, tiempo=8, geocerca=57}, {volada=0, tiempo=9, geocerca=58}, {volada=0, tiempo=10, geocerca=59}, {volada=0, tiempo=7, geocerca=60}, {volada=0, tiempo=0, geocerca=61}, {volada=0, tiempo=0, geocerca=62}, {volada=0, tiempo=0, geocerca=63}, {volada=0, tiempo=0, geocerca=64}, {volada=0, tiempo=0, geocerca=65}, {volada=0, tiempo=0, geocerca=66}, {volada=0, tiempo=0, geocerca=3}, {volada=0, tiempo=6, geocerca=22}, {volada=0, tiempo=3, geocerca=23}, {volada=0, tiempo=3, geocerca=24}, {volada=0, tiempo=3, geocerca=25}, {volada=0, tiempo=3, geocerca=26}, {volada=0, tiempo=3, geocerca=27}, {volada=0, tiempo=3, geocerca=28}, {volada=0, tiempo=3, geocerca=29}, {volada=0, tiempo=2, geocerca=30}, {volada=0, tiempo=2, geocerca=31}, {volada=0, tiempo=3, geocerca=32}, {volada=0, tiempo=4, geocerca=33}, {volada=0, tiempo=3, geocerca=34}, {volada=0, tiempo=3, geocerca=35}, {volada=0, tiempo=3, geocerca=36}, {volada=0, tiempo=3, geocerca=37}, {volada=0, tiempo=3, geocerca=38}, {volada=0, tiempo=5, geocerca=4}], inicio=2026-09-23T10:20, marcados=[false, false, true, true, true, false, false, false, false, false, false, false, false, false, false, false, false, false, false, false, false, false, false, false, false, false, false, false, false, false, false, false, false, false, false, false], id=39152, conductor=131}
2026-09-23 10:39:31 [SocketService] [RECIBIDO]| #3 | SID:242 | 20B | backward_datero_hide [DATA]: {pad=132, geofence=67, delta=17, orden=0, id=7758840381}
2026-09-23 10:39:31 [SocketService] [RECIBIDO]| #2 | SID:242 | 31B | forward_datero_hide [DATA]: {trip=39152, geofence=55, time=2026-09-23T10:37:25, dateros=[{delta=9, padron=124}, {delta=36, padron=128}, {delta=16, padron=107}, {delta=11, padron=146}, {delta=8, padron=131}]}
2026-09-23 10:39:31 [SocketService] [ENVIADO] | [NUEVO] (3B) [KEY]: backward_datero [DATA]: {id=0}
2026-09-23 10:39:31 [SocketService] [ENVIADO] | [NUEVO] (4B) [KEY]: forward_datero [DATA]: {id=0}
2026-09-23 10:39:31 [SocketService] [ENVIADO] | [NUEVO] (7B) [KEY]: salida [DATA]: {limit=0, salida=39152}
2026-09-23 10:39:31 [SocketMessageDispatcher] ✅ Login confirmado por servidor (sesión OK)
2026-09-23 10:39:31 [SocketMessageDispatcher] Mensaje: Header: login, Data: {voice=true, orientation=false, contactless=false, data=2026-09-23T10:39:31, ticket=true, geofence=55, gps=false, schedule=10:35, ads=false, route=1, trip=39152, driver=null, calls=true, padron=124, id=15, state=R, map=false, placa=BCG906, direction=true, order=1}
2026-09-23 10:39:31 [SocketService] [RECIBIDO]| #1 | SID:242 | 35B | login [DATA]: {voice=true, orientation=false, contactless=false, data=2026-09-23T10:39:31, ticket=true, geofence=55, gps=false, schedule=10:35, ads=false, route=1, trip=39152, driver=null, calls=true, padron=124, id=15, state=R, map=false, placa=BCG906, direction=true, order=1}
2026-09-23 10:39:30 [SocketService] 🔒 WakeLock + WifiLock adquiridos
2026-09-23 10:39:30 [SocketService] [ENVIADO] | [NUEVO] (18B) [KEY]: login [DATA]: {serial=864255060447047}
2026-09-23 10:39:30 [SocketService] 🔑 Enviando login handshake (864255060447047)
2026-09-23 10:39:30 [SocketService] ✅ CONECTADO [ID: 242] en 77818874ms - Code: 101
2026-09-23 10:39:30 [SocketService] 🔄 Conectando [ID: 242] a ws://34.71.11.201:22222?schema=android&gps=true&console=true&version=2
2026-09-23 10:39:30 [SocketService] ✅ Recursos completamente limpiados
2026-09-23 10:39:30 [GpsViewModel] No hay conexión. Se omite procesamiento.
2026-09-23 10:39:30 [SocketService] 🔄 Nuevo Socket ID: 242
2026-09-23 10:39:30 [SocketService] 🧹 Limpiando recursos [ID: 241]
2026-09-23 10:39:30 [SocketService] ⏰ Watchdog: 122644ms sin mensajes, forzando reconexión
2026-09-23 10:37:30 [ProtectorVM] TEMP: 39.5C -> cap térmico 100%
2026-09-23 10:37:30 [ProtectorVM] temp: 39.5C
2026-09-23 10:37:27 [SocketMessageDispatcher] Mensaje: Header: forward_datero, Data: {trip=39152, geofence=55, time=2026-09-23T10:37:25, dateros=[{delta=9, padron=124}, {delta=36, padron=128}, {delta=16, padron=107}, {delta=11, padron=146}, {delta=8, padron=131}]}
2026-09-23 10:37:27 [SocketMessageDispatcher] Mensaje: Header: mark, Data: {volada=-10, trip=39152, geofence=55, id=1136910, state=M, timestamp=2026-09-23T10:37:25}
2026-09-23 10:37:27 [SocketService] [RECIBIDO]| #22 | SID:241 | 32B | forward_datero [DATA]: {trip=39152, geofence=55, time=2026-09-23T10:37:25, dateros=[{delta=9, padron=124}, {delta=36, padron=128}, {delta=16, padron=107}, {delta=11, padron=146}, {delta=8, padron=131}]}
2026-09-23 10:37:27 [SocketService] [RECIBIDO]| #21 | SID:241 | 25B | mark [DATA]: {volada=-10, trip=39152, geofence=55, id=1136910, state=M, timestamp=2026-09-23T10:37:25}
2026-09-23 10:36:20 [SocketMessageDispatcher] Mensaje: Header: report, Data: {positions=1}
2026-09-23 10:36:20 [SocketService] [RECIBIDO]| #20 | SID:241 | 3B | report [DATA]: {positions=1}
2026-09-23 10:36:20 [SocketService] [ENVIADO] | [NUEVO] (36B) [KEY]: report [DATA]: {trip=39152, route=1, positions=[{lng=-76.9955619, busstop=0, angle=29, accuracy=3, time=2026-09-23T10:36:19.966670, lat=-12.133279, speed=33, mark=0}], state=R, sales=0, events=[], direction=true}
2026-09-23 10:36:20 [PositionRepository] 📤 Enviando 1 (batch=5, pendientes=1)
2026-09-23 10:36:19 [LocationTrackingService] GPS desactivado - Pulso cada 5 min acc:3.79m
2026-09-23 10:36:12 [SocketMessageDispatcher] Mensaje: Header: tickets, Data: {tickets=[{correlative=9329, id=6ab3f1ec27bb27508ccbcc0b}]}
2026-09-23 10:36:12 [SocketService] [RECIBIDO]| #16 | SID:241 | 32B | tickets [DATA]: {tickets=[{correlative=9329, id=6ab3f1ec27bb27508ccbcc0b}]}
2026-09-23 10:36:12 [SocketService] [ENVIADO] | [NUEVO] (43B) [KEY]: tickets [DATA]: {tickets=[{fare=6, correlative=9329, session=35417, busstop_end=null, inspector=null, vehicle=15, number=1323, route=1, driver=131, price=150.0, time=2026-09-23T10:36:12.386668, busstop_start=25, day=2026-09-23, payment_method=1, card=null}]}
2026-09-23 10:35:37 [SocketMessageDispatcher] Mensaje: Header: forward_datero, Data: {trip=39152, geofence=68, time=2026-09-23T10:35:36, dateros=[{delta=11, padron=124}, {delta=36, padron=128}, {delta=16, padron=107}, {delta=10, padron=146}, {delta=8, padron=131}]}
2026-09-23 10:35:37 [SocketService] [RECIBIDO]| #15 | SID:241 | 32B | forward_datero [DATA]: {trip=39152, geofence=68, time=2026-09-23T10:35:36, dateros=[{delta=11, padron=124}, {delta=36, padron=128}, {delta=16, padron=107}, {delta=10, padron=146}, {delta=8, padron=131}]}
2026-09-23 10:35:37 [SocketMessageDispatcher] Mensaje: Header: mark, Data: {volada=-6, trip=39152, geofence=68, id=1136909, state=M, timestamp=2026-09-23T10:35:36}
2026-09-23 10:35:37 [SocketService] [RECIBIDO]| #14 | SID:241 | 25B | mark [DATA]: {volada=-6, trip=39152, geofence=68, id=1136909, state=M, timestamp=2026-09-23T10:35:36}
2026-09-23 10:35:06 [SocketMessageDispatcher] Mensaje: Header: backward_datero, Data: {pad=132, geofence=67, delta=17, orden=0, id=7758840381}
2026-09-23 10:35:06 [SocketService] [RECIBIDO]| #13 | SID:241 | 19B | backward_datero [DATA]: {pad=132, geofence=67, delta=17, orden=0, id=7758840381}
2026-09-23 10:33:57 [SocketMessageDispatcher] Mensaje: Header: tickets, Data: {tickets=[{correlative=9328, id=6ab3f16527bb27508ccbca0e}]}
2026-09-23 10:33:57 [SocketService] [RECIBIDO]| #9 | SID:241 | 32B | tickets [DATA]: {tickets=[{correlative=9328, id=6ab3f16527bb27508ccbca0e}]}
2026-09-23 10:33:57 [SocketService] [ENVIADO] | [NUEVO] (43B) [KEY]: tickets [DATA]: {tickets=[{fare=7, correlative=9328, session=35417, busstop_end=1, inspector=null, vehicle=15, number=1840, route=1, driver=131, price=100.0, time=2026-09-23T10:33:57.003796, busstop_start=25, day=2026-09-23, payment_method=1, card=null}]}
2026-09-23 10:32:30 [ProtectorVM] TEMP: 39.7C -> cap térmico 100%
2026-09-23 10:32:30 [ProtectorVM] temp: 39.7C
2026-09-23 10:32:13 [DRIVERAUTO] Primera sesión obtenida: SessionDriver(id=35417, driver_id=131, driver_code=ID131, activo=true, castigado=false, conductor=true, vencido=false, route=1, direction=false, start_time=2026-09-23T06:18:59, autoLogin=true)
2026-09-23 10:32:13 [ParaderoManager] Paradero actual: M. CASTILLA (id=25)
2026-09-23 10:31:49 [ParaderoManager] Paradero más cercano: Paradero(id=25, lado=true, ruta=Ruta(id=1, codigo=1493, inicio=null, activo=false), activo=true, nombre=M. CASTILLA, orden=4, latitud=-12.139615134357113, liquidar=false, longitud=-76.99948902487769, radio=45.1160951652953, velocidad=50.0, terminal=false, audio=M. CASTILLA)
2026-09-23 10:31:22 [SocketMessageDispatcher] Mensaje: Header: forward_datero, Data: {trip=39152, geofence=54, time=2026-09-23T10:31:21, dateros=[{delta=10, padron=124}, {delta=36, padron=128}, {delta=16, padron=107}, {delta=10, padron=146}, {delta=8, padron=131}]}
2026-09-23 10:31:22 [SocketMessageDispatcher] Mensaje: Header: mark, Data: {volada=-4, trip=39152, geofence=54, id=1136908, state=M, timestamp=2026-09-23T10:31:21}
2026-09-23 10:31:22 [SocketService] [RECIBIDO]| #7 | SID:241 | 32B | forward_datero [DATA]: {trip=39152, geofence=54, time=2026-09-23T10:31:21, dateros=[{delta=10, padron=124}, {delta=36, padron=128}, {delta=16, padron=107}, {delta=10, padron=146}, {delta=8, padron=131}]}
2026-09-23 10:31:22 [SocketService] [RECIBIDO]| #6 | SID:241 | 25B | mark [DATA]: {volada=-4, trip=39152, geofence=54, id=1136908, state=M, timestamp=2026-09-23T10:31:21}
2026-09-23 10:31:17 [SocketMessageDispatcher] Mensaje: Header: report, Data: {positions=1}
2026-09-23 10:31:17 [SocketService] [RECIBIDO]| #5 | SID:241 | 3B | report [DATA]: {positions=1}
2026-09-23 10:31:17 [SocketService] [ENVIADO] | [NUEVO] (36B) [KEY]: report [DATA]: {trip=39152, route=1, positions=[{lng=-77.002618, busstop=0, angle=39, accuracy=9, time=2026-09-23T10:31:16.973760, lat=-12.1431541, speed=7, mark=0}], state=R, sales=0, events=[], direction=true}
2026-09-23 10:31:17 [PositionRepository] 📤 Enviando 1 (batch=2, pendientes=1)
2026-09-23 10:31:16 [LocationTrackingService] GPS desactivado - Pulso cada 5 min acc:9.098m
2026-09-23 10:29:01 [SocketMessageDispatcher] Mensaje: Header: backward_datero_hide, Data: {pad=0, geofence=0, delta=0, orden=0, id=38617}
2026-09-23 10:29:01 [SocketMessageDispatcher] Mensaje: Header: forward_datero_hide, Data: {trip=39152, geofence=53, time=2026-09-23T10:29, dateros=[{delta=0, padron=0}]}
2026-09-23 10:29:01 [SocketMessageDispatcher] Mensaje: Header: salida, Data: {lado=true, estado=R, frecuencia=16, ruta=1, geocerca=null, controles=[{volada=0, tiempo=0, geocerca=53}, {volada=0, tiempo=5, geocerca=67}, {volada=0, tiempo=10, geocerca=54}, {volada=0, tiempo=6, geocerca=68}, {volada=0, tiempo=6, geocerca=55}, {volada=0, tiempo=5, geocerca=69}, {volada=0, tiempo=12, geocerca=56}, {volada=0, tiempo=8, geocerca=57}, {volada=0, tiempo=9, geocerca=58}, {volada=0, tiempo=10, geocerca=59}, {volada=0, tiempo=7, geocerca=60}, {volada=0, tiempo=0, geocerca=61}, {volada=0, tiempo=0, geocerca=62}, {volada=0, tiempo=0, geocerca=63}, {volada=0, tiempo=0, geocerca=64}, {volada=0, tiempo=0, geocerca=65}, {volada=0, tiempo=0, geocerca=66}, {volada=0, tiempo=0, geocerca=3}, {volada=0, tiempo=6, geocerca=22}, {volada=0, tiempo=3, geocerca=23}, {volada=0, tiempo=3, geocerca=24}, {volada=0, tiempo=3, geocerca=25}, {volada=0, tiempo=3, geocerca=26}, {volada=0, tiempo=3, geocerca=27}, {volada=0, tiempo=3, geocerca=28}, {volada=0, tiempo=3, geocerca=29}, {volada=0, tiempo=2, geocerca=30}, {volada=0, tiempo=2, geocerca=31}, {volada=0, tiempo=3, geocerca=32}, {volada=0, tiempo=4, geocerca=33}, {volada=0, tiempo=3, geocerca=34}, {volada=0, tiempo=3, geocerca=35}, {volada=0, tiempo=3, geocerca=36}, {volada=0, tiempo=3, geocerca=37}, {volada=0, tiempo=3, geocerca=38}, {volada=0, tiempo=5, geocerca=4}], inicio=2026-09-23T10:20, marcados=[false, false, false, false, false, false, false, false, false, false, false, false, false, false, false, false, false, false, false, false, false, false, false, false, false, false, false, false, false, false, false, false, false, false, false, false], id=39152, conductor=131}
2026-09-23 10:29:00 [SocketService] [RECIBIDO]| #4 | SID:241 | 15B | backward_datero_hide [DATA]: {pad=0, geofence=0, delta=0, orden=0, id=38617}
2026-09-23 10:29:00 [SocketService] [RECIBIDO]| #3 | SID:241 | 19B | forward_datero_hide [DATA]: {trip=39152, geofence=53, time=2026-09-23T10:29, dateros=[{delta=0, padron=0}]}
2026-09-23 10:29:00 [SocketService] [RECIBIDO]| #2 | SID:241 | 245B | salida [DATA]: {lado=true, estado=R, frecuencia=16, ruta=1, geocerca=null, controles=[{volada=0, tiempo=0, geocerca=53}, {volada=0, tiempo=5, geocerca=67}, {volada=0, tiempo=10, geocerca=54}, {volada=0, tiempo=6, geocerca=68}, {volada=0, tiempo=6, geocerca=55}, {volada=0, tiempo=5, geocerca=69}, {volada=0, tiempo=12, geocerca=56}, {volada=0, tiempo=8, geocerca=57}, {volada=0, tiempo=9, geocerca=58}, {volada=0, tiempo=10, geocerca=59}, {volada=0, tiempo=7, geocerca=60}, {volada=0, tiempo=0, geocerca=61}, {volada=0, tiempo=0, geocerca=62}, {volada=0, tiempo=0, geocerca=63}, {volada=0, tiempo=0, geocerca=64}, {volada=0, tiempo=0, geocerca=65}, {volada=0, tiempo=0, geocerca=66}, {volada=0, tiempo=0, geocerca=3}, {volada=0, tiempo=6, geocerca=22}, {volada=0, tiempo=3, geocerca=23}, {volada=0, tiempo=3, geocerca=24}, {volada=0, tiempo=3, geocerca=25}, {volada=0, tiempo=3, geocerca=26}, {volada=0, tiempo=3, geocerca=27}, {volada=0, tiempo=3, geocerca=28}, {volada=0, tiempo=3, geocerca=29}, {volada=0, tiempo=2, geocerca=30}, {volada=0, tiempo=2, geocerca=31}, {volada=0, tiempo=3, geocerca=32}, {volada=0, tiempo=4, geocerca=33}, {volada=0, tiempo=3, geocerca=34}, {volada=0, tiempo=3, geocerca=35}, {volada=0, tiempo=3, geocerca=36}, {volada=0, tiempo=3, geocerca=37}, {volada=0, tiempo=3, geocerca=38}, {volada=0, tiempo=5, geocerca=4}], inicio=2026-09-23T10:20, marcados=[false, false, false, false, false, false, false, false, false, false, false, false, false, false, false, false, false, false, false, false, false, false, false, false, false, false, false, false, false, false, false, false, false, false, false, false], id=39152, conductor=131}
2026-09-23 10:29:00 [SocketService] [ENVIADO] | [NUEVO] (3B) [KEY]: backward_datero [DATA]: {id=0}
2026-09-23 10:29:00 [SocketMessageDispatcher] ✅ Login confirmado por servidor (sesión OK)
2026-09-23 10:29:00 [SocketService] [ENVIADO] | [NUEVO] (4B) [KEY]: forward_datero [DATA]: {id=0}
2026-09-23 10:29:00 [SocketService] [ENVIADO] | [NUEVO] (7B) [KEY]: salida [DATA]: {limit=0, salida=39152}
2026-09-23 10:29:00 [SocketMessageDispatcher] Mensaje: Header: login, Data: {voice=true, orientation=false, contactless=false, data=2026-09-23T10:29, ticket=true, geofence=null, gps=false, schedule=10:35, ads=false, route=1, trip=39152, driver=null, calls=true, padron=124, id=15, state=R, map=false, placa=BCG906, direction=true, order=1}
2026-09-23 10:29:00 [SocketService] [RECIBIDO]| #1 | SID:241 | 35B | login [DATA]: {voice=true, orientation=false, contactless=false, data=2026-09-23T10:29, ticket=true, geofence=null, gps=false, schedule=10:35, ads=false, route=1, trip=39152, driver=null, calls=true, padron=124, id=15, state=R, map=false, placa=BCG906, direction=true, order=1}
2026-09-23 10:29:00 [SocketService] 🔒 WakeLock + WifiLock adquiridos
2026-09-23 10:29:00 [SocketService] [ENVIADO] | [NUEVO] (18B) [KEY]: login [DATA]: {serial=864255060447047}
2026-09-23 10:29:00 [SocketService] 🔑 Enviando login handshake (864255060447047)
2026-09-23 10:29:00 [SocketService] ✅ CONECTADO [ID: 241] en 77188244ms - Code: 101
2026-09-23 10:28:59 [SocketService] ✅ Recursos completamente limpiados
2026-09-23 10:28:59 [SocketService] 🔄 Conectando [ID: 241] a ws://34.71.11.201:22222?schema=android&gps=true&console=true&version=2
2026-09-23 10:28:59 [GpsViewModel] No hay conexión. Se omite procesamiento.
2026-09-23 10:28:59 [SocketService] 🔄 Nuevo Socket ID: 241
2026-09-23 10:28:59 [SocketService] 🧹 Limpiando recursos [ID: 240]
2026-09-23 10:28:59 [SocketService] ⏰ Watchdog: 141129ms sin mensajes, forzando reconexión
2026-09-23 10:27:30 [ProtectorVM] TEMP: 40.1C -> cap térmico 99%
2026-09-23 10:27:30 [ProtectorVM] temp: 40.1C
2026-09-23 10:26:37 [SocketMessageDispatcher] Mensaje: Header: tickets, Data: {tickets=[{correlative=9327, id=6ab3efad27bb27508ccbc379}]}
2026-09-23 10:26:37 [SocketService] [RECIBIDO]| #7 | SID:240 | 32B | tickets [DATA]: {tickets=[{correlative=9327, id=6ab3efad27bb27508ccbc379}]}
2026-09-23 10:26:37 [SocketService] [ENVIADO] | [NUEVO] (43B) [KEY]: tickets [DATA]: {tickets=[{fare=7, correlative=9327, session=35417, busstop_end=1, inspector=null, vehicle=15, number=1839, route=1, driver=131, price=100.0, time=2026-09-23T10:26:37.486703, busstop_start=22, day=2026-09-23, payment_method=1, card=null}]}
2026-09-23 10:26:17 [SocketMessageDispatcher] Mensaje: Header: report, Data: {positions=1}
2026-09-23 10:26:17 [SocketService] [RECIBIDO]| #6 | SID:240 | 3B | report [DATA]: {positions=1}
2026-09-23 10:26:17 [SocketService] [ENVIADO] | [NUEVO] (36B) [KEY]: report [DATA]: {trip=39152, route=1, positions=[{lng=-77.001674, busstop=0, angle=49, accuracy=3, time=2026-09-23T10:26:16.963406, lat=-12.1465798, speed=31, mark=0}], state=R, sales=0, events=[], direction=true}
2026-09-23 10:26:17 [PositionRepository] 📤 Enviando 1 (batch=2, pendientes=1)
2026-09-23 10:26:16 [LocationTrackingService] GPS desactivado - Pulso cada 5 min acc:3.79m
2026-09-23 10:24:13 [ParaderoManager] Paradero más cercano: Paradero(id=24, lado=true, ruta=Ruta(id=1, codigo=1493, inicio=null, activo=false), activo=true, nombre=AYACUCHO, orden=3, latitud=-12.142516631179914, liquidar=false, longitud=-77.00262900465361, radio=45.0, velocidad=50.0, terminal=false, audio=AYACUCHO)
2026-09-23 10:23:30 [SocketMessageDispatcher] Mensaje: Header: backward_datero_hide, Data: {pad=0, geofence=0, delta=0, orden=0, id=84115}
2026-09-23 10:23:30 [SocketMessageDispatcher] Mensaje: Header: forward_datero_hide, Data: {trip=39152, geofence=53, time=2026-09-23T10:23:30, dateros=[{delta=0, padron=0}]}
2026-09-23 10:23:30 [SocketMessageDispatcher] Mensaje: Header: salida, Data: {lado=true, estado=R, frecuencia=16, ruta=1, geocerca=null, controles=[{volada=0, tiempo=0, geocerca=53}, {volada=0, tiempo=5, geocerca=67}, {volada=0, tiempo=10, geocerca=54}, {volada=0, tiempo=6, geocerca=68}, {volada=0, tiempo=6, geocerca=55}, {volada=0, tiempo=5, geocerca=69}, {volada=0, tiempo=12, geocerca=56}, {volada=0, tiempo=8, geocerca=57}, {volada=0, tiempo=9, geocerca=58}, {volada=0, tiempo=10, geocerca=59}, {volada=0, tiempo=7, geocerca=60}, {volada=0, tiempo=0, geocerca=61}, {volada=0, tiempo=0, geocerca=62}, {volada=0, tiempo=0, geocerca=63}, {volada=0, tiempo=0, geocerca=64}, {volada=0, tiempo=0, geocerca=65}, {volada=0, tiempo=0, geocerca=66}, {volada=0, tiempo=0, geocerca=3}, {volada=0, tiempo=6, geocerca=22}, {volada=0, tiempo=3, geocerca=23}, {volada=0, tiempo=3, geocerca=24}, {volada=0, tiempo=3, geocerca=25}, {volada=0, tiempo=3, geocerca=26}, {volada=0, tiempo=3, geocerca=27}, {volada=0, tiempo=3, geocerca=28}, {volada=0, tiempo=3, geocerca=29}, {volada=0, tiempo=2, geocerca=30}, {volada=0, tiempo=2, geocerca=31}, {volada=0, tiempo=3, geocerca=32}, {volada=0, tiempo=4, geocerca=33}, {volada=0, tiempo=3, geocerca=34}, {volada=0, tiempo=3, geocerca=35}, {volada=0, tiempo=3, geocerca=36}, {volada=0, tiempo=3, geocerca=37}, {volada=0, tiempo=3, geocerca=38}, {volada=0, tiempo=5, geocerca=4}], inicio=2026-09-23T10:20, marcados=[false, false, false, false, false, false, false, false, false, false, false, false, false, false, false, false, false, false, false, false, false, false, false, false, false, false, false, false, false, false, false, false, false, false, false, false], id=39152, conductor=131}
2026-09-23 10:23:30 [SocketService] [RECIBIDO]| #4 | SID:240 | 15B | backward_datero_hide [DATA]: {pad=0, geofence=0, delta=0, orden=0, id=84115}
2026-09-23 10:23:30 [SocketService] [RECIBIDO]| #3 | SID:240 | 19B | forward_datero_hide [DATA]: {trip=39152, geofence=53, time=2026-09-23T10:23:30, dateros=[{delta=0, padron=0}]}
2026-09-23 10:23:30 [SocketService] [RECIBIDO]| #2 | SID:240 | 245B | salida [DATA]: {lado=true, estado=R, frecuencia=16, ruta=1, geocerca=null, controles=[{volada=0, tiempo=0, geocerca=53}, {volada=0, tiempo=5, geocerca=67}, {volada=0, tiempo=10, geocerca=54}, {volada=0, tiempo=6, geocerca=68}, {volada=0, tiempo=6, geocerca=55}, {volada=0, tiempo=5, geocerca=69}, {volada=0, tiempo=12, geocerca=56}, {volada=0, tiempo=8, geocerca=57}, {volada=0, tiempo=9, geocerca=58}, {volada=0, tiempo=10, geocerca=59}, {volada=0, tiempo=7, geocerca=60}, {volada=0, tiempo=0, geocerca=61}, {volada=0, tiempo=0, geocerca=62}, {volada=0, tiempo=0, geocerca=63}, {volada=0, tiempo=0, geocerca=64}, {volada=0, tiempo=0, geocerca=65}, {volada=0, tiempo=0, geocerca=66}, {volada=0, tiempo=0, geocerca=3}, {volada=0, tiempo=6, geocerca=22}, {volada=0, tiempo=3, geocerca=23}, {volada=0, tiempo=3, geocerca=24}, {volada=0, tiempo=3, geocerca=25}, {volada=0, tiempo=3, geocerca=26}, {volada=0, tiempo=3, geocerca=27}, {volada=0, tiempo=3, geocerca=28}, {volada=0, tiempo=3, geocerca=29}, {volada=0, tiempo=2, geocerca=30}, {volada=0, tiempo=2, geocerca=31}, {volada=0, tiempo=3, geocerca=32}, {volada=0, tiempo=4, geocerca=33}, {volada=0, tiempo=3, geocerca=34}, {volada=0, tiempo=3, geocerca=35}, {volada=0, tiempo=3, geocerca=36}, {volada=0, tiempo=3, geocerca=37}, {volada=0, tiempo=3, geocerca=38}, {volada=0, tiempo=5, geocerca=4}], inicio=2026-09-23T10:20, marcados=[false, false, false, false, false, false, false, false, false, false, false, false, false, false, false, false, false, false, false, false, false, false, false, false, false, false, false, false, false, false, false, false, false, false, false, false], id=39152, conductor=131}
2026-09-23 10:23:30 [SocketService] [ENVIADO] | [NUEVO] (3B) [KEY]: backward_datero [DATA]: {id=0}
2026-09-23 10:23:30 [SocketService] [ENVIADO] | [NUEVO] (4B) [KEY]: forward_datero [DATA]: {id=0}
2026-09-23 10:23:30 [SocketService] [ENVIADO] | [NUEVO] (7B) [KEY]: salida [DATA]: {limit=0, salida=39152}
2026-09-23 10:23:29 [SocketMessageDispatcher] ✅ Login confirmado por servidor (sesión OK)
2026-09-23 10:23:29 [SocketMessageDispatcher] Mensaje: Header: login, Data: {voice=true, orientation=false, contactless=false, data=2026-09-23T10:23:29, ticket=true, geofence=null, gps=false, schedule=10:35, ads=false, route=1, trip=39152, driver=null, calls=true, padron=124, id=15, state=R, map=false, placa=BCG906, direction=true, order=1}
2026-09-23 10:23:29 [SocketService] [RECIBIDO]| #1 | SID:240 | 35B | login [DATA]: {voice=true, orientation=false, contactless=false, data=2026-09-23T10:23:29, ticket=true, geofence=null, gps=false, schedule=10:35, ads=false, route=1, trip=39152, driver=null, calls=true, padron=124, id=15, state=R, map=false, placa=BCG906, direction=true, order=1}
2026-09-23 10:23:29 [SocketService] 🔒 WakeLock + WifiLock adquiridos
2026-09-23 10:23:29 [SocketService] [ENVIADO] | [NUEVO] (18B) [KEY]: login [DATA]: {serial=864255060447047}
2026-09-23 10:23:29 [SocketService] 🔑 Enviando login handshake (864255060447047)
2026-09-23 10:23:29 [SocketService] ✅ CONECTADO [ID: 240] en 76857668ms - Code: 101
2026-09-23 10:23:29 [GpsViewModel] No hay conexión. Se omite procesamiento.
2026-09-23 10:23:29 [SocketService] ✅ Recursos completamente limpiados
2026-09-23 10:23:29 [SocketService] 🔄 Conectando [ID: 240] a ws://34.71.11.201:22222?schema=android&gps=true&console=true&version=2
2026-09-23 10:23:28 [SocketService] 🔄 Nuevo Socket ID: 240
2026-09-23 10:23:28 [SocketService] 🧹 Limpiando recursos [ID: 239]
2026-09-23 10:23:28 [SocketService] ⏰ Watchdog: 131718ms sin mensajes, forzando reconexión
2026-09-23 10:22:30 [ProtectorVM] TEMP: 40.4C -> cap térmico 97%
2026-09-23 10:22:30 [ProtectorVM] temp: 40.4C
2026-09-23 10:21:17 [SocketMessageDispatcher] Mensaje: Header: report, Data: {positions=1}
2026-09-23 10:21:17 [SocketService] [RECIBIDO]| #27 | SID:239 | 3B | report [DATA]: {positions=1}
2026-09-23 10:21:17 [SocketService] [ENVIADO] | [NUEVO] (36B) [KEY]: report [DATA]: {trip=39152, route=1, positions=[{lng=-77.013656, busstop=0, angle=129, accuracy=6, time=2026-09-23T10:21:16.963039, lat=-12.1455713, speed=2, mark=0}], state=R, sales=0, events=[], direction=true}
2026-09-23 10:21:16 [PositionRepository] 📤 Enviando 1 (batch=5, pendientes=1)
2026-09-23 10:21:16 [LocationTrackingService] GPS desactivado - Pulso cada 5 min acc:6.146m
2026-09-23 10:20:43 [SocketMessageDispatcher] Mensaje: Header: backward_datero_hide, Data: {pad=0, geofence=0, delta=0, orden=0, id=35741}
2026-09-23 10:20:43 [SocketMessageDispatcher] Mensaje: Header: salida, Data: {lado=true, estado=R, frecuencia=16, ruta=1, geocerca=null, controles=[{volada=0, tiempo=0, geocerca=53}, {volada=0, tiempo=5, geocerca=67}, {volada=0, tiempo=10, geocerca=54}, {volada=0, tiempo=6, geocerca=68}, {volada=0, tiempo=6, geocerca=55}, {volada=0, tiempo=5, geocerca=69}, {volada=0, tiempo=12, geocerca=56}, {volada=0, tiempo=8, geocerca=57}, {volada=0, tiempo=9, geocerca=58}, {volada=0, tiempo=10, geocerca=59}, {volada=0, tiempo=7, geocerca=60}, {volada=0, tiempo=0, geocerca=61}, {volada=0, tiempo=0, geocerca=62}, {volada=0, tiempo=0, geocerca=63}, {volada=0, tiempo=0, geocerca=64}, {volada=0, tiempo=0, geocerca=65}, {volada=0, tiempo=0, geocerca=66}, {volada=0, tiempo=0, geocerca=3}, {volada=0, tiempo=6, geocerca=22}, {volada=0, tiempo=3, geocerca=23}, {volada=0, tiempo=3, geocerca=24}, {volada=0, tiempo=3, geocerca=25}, {volada=0, tiempo=3, geocerca=26}, {volada=0, tiempo=3, geocerca=27}, {volada=0, tiempo=3, geocerca=28}, {volada=0, tiempo=3, geocerca=29}, {volada=0, tiempo=2, geocerca=30}, {volada=0, tiempo=2, geocerca=31}, {volada=0, tiempo=3, geocerca=32}, {volada=0, tiempo=4, geocerca=33}, {volada=0, tiempo=3, geocerca=34}, {volada=0, tiempo=3, geocerca=35}, {volada=0, tiempo=3, geocerca=36}, {volada=0, tiempo=3, geocerca=37}, {volada=0, tiempo=3, geocerca=38}, {volada=0, tiempo=5, geocerca=4}], inicio=2026-09-23T10:20, marcados=[false, false, false, false, false, false, false, false, false, false, false, false, false, false, false, false, false, false, false, false, false, false, false, false, false, false, false, false, false, false, false, false, false, false, false, false], id=39152, conductor=131}
2026-09-23 10:20:43 [SocketMessageDispatcher] Mensaje: Header: forward_datero_hide, Data: {trip=39152, geofence=53, time=2026-09-23T10:20:42, dateros=[{delta=0, padron=0}]}
2026-09-23 10:20:42 [SocketService] [RECIBIDO]| #25 | SID:239 | 15B | backward_datero_hide [DATA]: {pad=0, geofence=0, delta=0, orden=0, id=35741}
2026-09-23 10:20:42 [SocketService] [RECIBIDO]| #24 | SID:239 | 19B | forward_datero_hide [DATA]: {trip=39152, geofence=53, time=2026-09-23T10:20:42, dateros=[{delta=0, padron=0}]}
2026-09-23 10:20:42 [SocketService] [RECIBIDO]| #23 | SID:239 | 245B | salida [DATA]: {lado=true, estado=R, frecuencia=16, ruta=1, geocerca=null, controles=[{volada=0, tiempo=0, geocerca=53}, {volada=0, tiempo=5, geocerca=67}, {volada=0, tiempo=10, geocerca=54}, {volada=0, tiempo=6, geocerca=68}, {volada=0, tiempo=6, geocerca=55}, {volada=0, tiempo=5, geocerca=69}, {volada=0, tiempo=12, geocerca=56}, {volada=0, tiempo=8, geocerca=57}, {volada=0, tiempo=9, geocerca=58}, {volada=0, tiempo=10, geocerca=59}, {volada=0, tiempo=7, geocerca=60}, {volada=0, tiempo=0, geocerca=61}, {volada=0, tiempo=0, geocerca=62}, {volada=0, tiempo=0, geocerca=63}, {volada=0, tiempo=0, geocerca=64}, {volada=0, tiempo=0, geocerca=65}, {volada=0, tiempo=0, geocerca=66}, {volada=0, tiempo=0, geocerca=3}, {volada=0, tiempo=6, geocerca=22}, {volada=0, tiempo=3, geocerca=23}, {volada=0, tiempo=3, geocerca=24}, {volada=0, tiempo=3, geocerca=25}, {volada=0, tiempo=3, geocerca=26}, {volada=0, tiempo=3, geocerca=27}, {volada=0, tiempo=3, geocerca=28}, {volada=0, tiempo=3, geocerca=29}, {volada=0, tiempo=2, geocerca=30}, {volada=0, tiempo=2, geocerca=31}, {volada=0, tiempo=3, geocerca=32}, {volada=0, tiempo=4, geocerca=33}, {volada=0, tiempo=3, geocerca=34}, {volada=0, tiempo=3, geocerca=35}, {volada=0, tiempo=3, geocerca=36}, {volada=0, tiempo=3, geocerca=37}, {volada=0, tiempo=3, geocerca=38}, {volada=0, tiempo=5, geocerca=4}], inicio=2026-09-23T10:20, marcados=[false, false, false, false, false, false, false, false, false, false, false, false, false, false, false, false, false, false, false, false, false, false, false, false, false, false, false, false, false, false, false, false, false, false, false, false], id=39152, conductor=131}
2026-09-23 10:20:42 [SocketService] [ENVIADO] | [NUEVO] (3B) [KEY]: backward_datero [DATA]: {id=0}
2026-09-23 10:20:42 [SocketService] [ENVIADO] | [NUEVO] (4B) [KEY]: forward_datero [DATA]: {id=0}
2026-09-23 10:20:42 [SocketService] [ENVIADO] | [NUEVO] (7B) [KEY]: salida [DATA]: {limit=0, salida=39152}
2026-09-23 10:20:42 [ProtectorVM] SCREEN [id=107667746]: state=R sesion=true → protector OFF (sin timers)
2026-09-23 10:20:42 [SocketMessageDispatcher] Mensaje: Header: login, Data: {voice=true, orientation=false, contactless=false, data=null, ticket=true, geofence=null, gps=false, schedule=10:35, ads=false, route=1, trip=39152, driver=null, calls=true, padron=124, id=15, state=R, map=false, placa=BCG906, direction=true, order=1}
2026-09-23 10:20:42 [SocketService] [RECIBIDO]| #22 | SID:239 | 35B | login [DATA]: {voice=true, orientation=false, contactless=false, data=null, ticket=true, geofence=null, gps=false, schedule=10:35, ads=false, route=1, trip=39152, driver=null, calls=true, padron=124, id=15, state=R, map=false, placa=BCG906, direction=true, order=1}
2026-09-23 10:20:37 [SocketMessageDispatcher] Mensaje: Header: login, Data: {voice=true, orientation=false, contactless=false, data=null, ticket=true, geofence=null, gps=false, schedule=10:20, ads=false, route=1, trip=39119, driver=null, calls=true, padron=124, id=15, state=E, map=false, placa=BCG906, direction=true, order=1}
2026-09-23 10:20:37 [SocketService] [RECIBIDO]| #21 | SID:239 | 35B | login [DATA]: {voice=true, orientation=false, contactless=false, data=null, ticket=true, geofence=null, gps=false, schedule=10:20, ads=false, route=1, trip=39119, driver=null, calls=true, padron=124, id=15, state=E, map=false, placa=BCG906, direction=true, order=1}
2026-09-23 10:20:27 [SocketMessageDispatcher] Mensaje: Header: login, Data: {voice=true, orientation=false, contactless=false, data=null, ticket=true, geofence=null, gps=false, schedule=10:19, ads=false, route=1, trip=39119, driver=null, calls=true, padron=124, id=15, state=E, map=false, placa=BCG906, direction=true, order=1}
2026-09-23 10:20:27 [SocketService] [RECIBIDO]| #20 | SID:239 | 35B | login [DATA]: {voice=true, orientation=false, contactless=false, data=null, ticket=true, geofence=null, gps=false, schedule=10:19, ads=false, route=1, trip=39119, driver=null, calls=true, padron=124, id=15, state=E, map=false, placa=BCG906, direction=true, order=1}
2026-09-23 10:20:19 [SocketMessageDispatcher] Mensaje: Header: backward_datero_hide, Data: {pad=0, geofence=0, delta=0, orden=0, id=56445}
2026-09-23 10:20:19 [SocketMessageDispatcher] Mensaje: Header: forward_datero_hide, Data: {trip=39119, geofence=53, time=2026-09-23T10:20:18, dateros=[{delta=0, padron=0}]}
2026-09-23 10:20:19 [SocketMessageDispatcher] Mensaje: Header: salida, Data: {lado=false, estado=T, frecuencia=10, ruta=1, geocerca=null, controles=[{volada=0, tiempo=0, geocerca=1}, {volada=0, tiempo=4, geocerca=5}, {volada=0, tiempo=3, geocerca=6}, {volada=-2, tiempo=2, geocerca=7}, {volada=-1, tiempo=2, geocerca=8}, {volada=5, tiempo=2, geocerca=9}, {volada=3, tiempo=3, geocerca=10}, {volada=9, tiempo=2, geocerca=11}, {volada=8, tiempo=4, geocerca=12}, {volada=5, tiempo=4, geocerca=13}, {volada=6, tiempo=2, geocerca=14}, {volada=7, tiempo=2, geocerca=17}, {volada=9, tiempo=2, geocerca=15}, {volada=14, tiempo=3, geocerca=16}, {volada=21, tiempo=3, geocerca=18}, {volada=24, tiempo=5, geocerca=19}, {volada=25, tiempo=5, geocerca=20}, {volada=29, tiempo=4, geocerca=21}, {volada=32, tiempo=4, geocerca=2}, {volada=41, tiempo=0, geocerca=39}, {volada=52, tiempo=0, geocerca=40}, {volada=63, tiempo=0, geocerca=41}, {volada=69, tiempo=0, geocerca=42}, {volada=72, tiempo=0, geocerca=43}, {volada=77, tiempo=0, geocerca=44}, {volada=84, tiempo=0, geocerca=45}, {volada=95, tiempo=7, geocerca=46}, {volada=97, tiempo=10, geocerca=47}, {volada=101, tiempo=9, geocerca=48}, {volada=108, tiempo=8, geocerca=49}, {volada=108, tiempo=12, geocerca=70}, {volada=0, tiempo=12, geocerca=50}, {volada=0, tiempo=6, geocerca=71}, {volada=92, tiempo=6, geocerca=51}, {volada=88, tiempo=10, geocerca=72}, {volada=85, tiempo=5, geocerca=52}, {volada=0, tiempo=0, geocerca=164}], inicio=2026-09-23T06:23, marcados=[false, false, false, true, true, true, true, true, true, true, true, true, true, true, true, true, true, true, true, true, true, true, true, true, true, true, true, true, true, true, true, false, false, true, true, true, false], id=39119, conductor=131}
2026-09-23 10:20:18 [SocketService] [RECIBIDO]| #18 | SID:239 | 15B | backward_datero_hide [DATA]: {pad=0, geofence=0, delta=0, orden=0, id=56445}
2026-09-23 10:20:18 [SocketService] [RECIBIDO]| #17 | SID:239 | 19B | forward_datero_hide [DATA]: {trip=39119, geofence=53, time=2026-09-23T10:20:18, dateros=[{delta=0, padron=0}]}
2026-09-23 10:20:18 [SocketService] [RECIBIDO]| #16 | SID:239 | 251B | salida [DATA]: {lado=false, estado=T, frecuencia=10, ruta=1, geocerca=null, controles=[{volada=0, tiempo=0, geocerca=1}, {volada=0, tiempo=4, geocerca=5}, {volada=0, tiempo=3, geocerca=6}, {volada=-2, tiempo=2, geocerca=7}, {volada=-1, tiempo=2, geocerca=8}, {volada=5, tiempo=2, geocerca=9}, {volada=3, tiempo=3, geocerca=10}, {volada=9, tiempo=2, geocerca=11}, {volada=8, tiempo=4, geocerca=12}, {volada=5, tiempo=4, geocerca=13}, {volada=6, tiempo=2, geocerca=14}, {volada=7, tiempo=2, geocerca=17}, {volada=9, tiempo=2, geocerca=15}, {volada=14, tiempo=3, geocerca=16}, {volada=21, tiempo=3, geocerca=18}, {volada=24, tiempo=5, geocerca=19}, {volada=25, tiempo=5, geocerca=20}, {volada=29, tiempo=4, geocerca=21}, {volada=32, tiempo=4, geocerca=2}, {volada=41, tiempo=0, geocerca=39}, {volada=52, tiempo=0, geocerca=40}, {volada=63, tiempo=0, geocerca=41}, {volada=69, tiempo=0, geocerca=42}, {volada=72, tiempo=0, geocerca=43}, {volada=77, tiempo=0, geocerca=44}, {volada=84, tiempo=0, geocerca=45}, {volada=95, tiempo=7, geocerca=46}, {volada=97, tiempo=10, geocerca=47}, {volada=101, tiempo=9, geocerca=48}, {volada=108, tiempo=8, geocerca=49}, {volada=108, tiempo=12, geocerca=70}, {volada=0, tiempo=12, geocerca=50}, {volada=0, tiempo=6, geocerca=71}, {volada=92, tiempo=6, geocerca=51}, {volada=88, tiempo=10, geocerca=72}, {volada=85, tiempo=5, geocerca=52}, {volada=0, tiempo=0, geocerca=164}], inicio=2026-09-23T06:23, marcados=[false, false, false, true, true, true, true, true, true, true, true, true, true, true, true, true, true, true, true, true, true, true, true, true, true, true, true, true, true, true, true, false, false, true, true, true, false], id=39119, conductor=131}
2026-09-23 10:20:18 [SocketService] [ENVIADO] | [NUEVO] (4B) [KEY]: forward_datero [DATA]: {id=0}
2026-09-23 10:20:18 [SocketService] [ENVIADO] | [NUEVO] (3B) [KEY]: backward_datero [DATA]: {id=0}
2026-09-23 10:20:18 [SocketService] [ENVIADO] | [NUEVO] (7B) [KEY]: salida [DATA]: {limit=0, salida=39119}
2026-09-23 10:20:18 [SocketMessageDispatcher] Mensaje: Header: login, Data: {voice=true, orientation=false, contactless=false, data=null, ticket=true, geofence=null, gps=false, schedule=10:34, ads=false, route=1, trip=39119, driver=null, calls=true, padron=124, id=15, state=E, map=false, placa=BCG906, direction=true, order=1}
2026-09-23 10:20:18 [SocketService] [RECIBIDO]| #15 | SID:239 | 35B | login [DATA]: {voice=true, orientation=false, contactless=false, data=null, ticket=true, geofence=null, gps=false, schedule=10:34, ads=false, route=1, trip=39119, driver=null, calls=true, padron=124, id=15, state=E, map=false, placa=BCG906, direction=true, order=1}
2026-09-23 10:20:13 [LocationTrackingService] Location updates activos
2026-09-23 10:20:13 [LocationTrackingService] Location updates ya están activos
2026-09-23 10:20:13 [LocationTrackingService] Permisos concedidos - Reiniciando tracking
2026-09-23 10:20:13 [LocationTrackingService] Location updates detenidos
2026-09-23 10:20:13 [LocationTrackingService] Iniciando tracking - Modo: ESPERA, Intervalo: 2500ms
2026-09-23 10:20:13 [LocationTrackingService] Cambio modo GPS: E - highAccuracy=true
2026-09-23 10:20:13 [ProtectorVM] SCREEN [id=107667746]: state=E sesion=true → protector OFF (sin timers)
2026-09-23 10:20:13 [SocketMessageDispatcher] Mensaje: Header: login, Data: {voice=true, orientation=false, contactless=false, data=null, ticket=true, geofence=null, gps=false, schedule=10:34, ads=false, route=1, trip=39150, driver=null, calls=true, padron=124, id=15, state=E, map=false, placa=BCG906, direction=true, order=1}
2026-09-23 10:20:12 [LocationTrackingService] Location updates activos
2026-09-23 10:20:12 [SocketService] [RECIBIDO]| #14 | SID:239 | 35B | login [DATA]: {voice=true, orientation=false, contactless=false, data=null, ticket=true, geofence=null, gps=false, schedule=10:34, ads=false, route=1, trip=39150, driver=null, calls=true, padron=124, id=15, state=E, map=false, placa=BCG906, direction=true, order=1}
2026-09-23 10:20:12 [LocationTrackingService] Iniciando tracking - Modo: FUERA DE RUTA, Intervalo: 5000ms
2026-09-23 10:20:12 [LocationTrackingService] Location updates detenidos
2026-09-23 10:20:12 [LocationTrackingService] Cambio modo GPS: X - highAccuracy=false
2026-09-23 10:20:12 [ProtectorVM] SCREEN [id=107667746]: state=X sesion=true → protector OFF (sin timers)
2026-09-23 10:20:12 [SocketMessageDispatcher] Mensaje: Header: login, Data: {voice=true, orientation=false, contactless=false, data=null, ticket=true, geofence=null, gps=false, schedule=10:35, ads=false, route=1, trip=39150, driver=null, calls=true, padron=124, id=15, state=X, map=false, placa=BCG906, direction=true, order=1}
2026-09-23 10:20:12 [SocketService] [RECIBIDO]| #13 | SID:239 | 35B | login [DATA]: {voice=true, orientation=false, contactless=false, data=null, ticket=true, geofence=null, gps=false, schedule=10:35, ads=false, route=1, trip=39150, driver=null, calls=true, padron=124, id=15, state=X, map=false, placa=BCG906, direction=true, order=1}
2026-09-23 10:18:39 [SocketMessageDispatcher] Mensaje: Header: forward_datero, Data: {trip=39150, geofence=67, time=2026-09-23T10:18:38, dateros=[{delta=10, padron=124}, {delta=35, padron=128}, {delta=14, padron=107}, {delta=9, padron=146}, {delta=9, padron=131}]}
2026-09-23 10:18:39 [SocketMessageDispatcher] Mensaje: Header: mark, Data: {volada=-7, trip=39150, geofence=67, id=1136835, state=M, timestamp=2026-09-23T10:18:38}
2026-09-23 10:18:39 [SocketService] [RECIBIDO]| #12 | SID:239 | 32B | forward_datero [DATA]: {trip=39150, geofence=67, time=2026-09-23T10:18:38, dateros=[{delta=10, padron=124}, {delta=35, padron=128}, {delta=14, padron=107}, {delta=9, padron=146}, {delta=9, padron=131}]}
2026-09-23 10:18:39 [SocketService] [RECIBIDO]| #11 | SID:239 | 25B | mark [DATA]: {volada=-7, trip=39150, geofence=67, id=1136835, state=M, timestamp=2026-09-23T10:18:38}
2026-09-23 10:18:27 [ParaderoManager] Paradero más cercano: Paradero(id=45, lado=false, ruta=Ruta(id=1, codigo=1493, inicio=null, activo=false), activo=true, nombre=Butter, orden=21, latitud=-12.145263846344728, liquidar=true, longitud=-77.01373613813729, radio=155.0, velocidad=30.0, terminal=true, audio=Butter)
2026-09-23 10:17:29 [ProtectorVM] TEMP: 40.5C -> cap térmico 96%
2026-09-23 10:17:29 [ProtectorVM] temp: 40.5C
2026-09-23 10:17:08 [SocketMessageDispatcher] Mensaje: Header: forward_datero_hide, Data: {trip=39150, geofence=53, time=2026-09-23T10:17:08, dateros=[{delta=0, padron=0}]}
2026-09-23 10:17:08 [SocketMessageDispatcher] Mensaje: Header: backward_datero_hide, Data: {pad=0, geofence=0, delta=0, orden=0, id=69006}
2026-09-23 10:17:08 [SocketMessageDispatcher] Mensaje: Header: salida, Data: {lado=true, estado=R, frecuencia=16, ruta=1, geocerca=null, controles=[{volada=0, tiempo=0, geocerca=53}, {volada=0, tiempo=5, geocerca=67}, {volada=0, tiempo=10, geocerca=54}, {volada=0, tiempo=6, geocerca=68}, {volada=0, tiempo=6, geocerca=55}, {volada=0, tiempo=5, geocerca=69}, {volada=0, tiempo=12, geocerca=56}, {volada=0, tiempo=8, geocerca=57}, {volada=0, tiempo=9, geocerca=58}, {volada=0, tiempo=10, geocerca=59}, {volada=0, tiempo=7, geocerca=60}, {volada=0, tiempo=0, geocerca=61}, {volada=0, tiempo=0, geocerca=62}, {volada=0, tiempo=0, geocerca=63}, {volada=0, tiempo=0, geocerca=64}, {volada=0, tiempo=0, geocerca=65}, {volada=0, tiempo=0, geocerca=66}, {volada=0, tiempo=0, geocerca=3}, {volada=0, tiempo=6, geocerca=22}, {volada=0, tiempo=3, geocerca=23}, {volada=0, tiempo=3, geocerca=24}, {volada=0, tiempo=3, geocerca=25}, {volada=0, tiempo=3, geocerca=26}, {volada=0, tiempo=3, geocerca=27}, {volada=0, tiempo=3, geocerca=28}, {volada=0, tiempo=3, geocerca=29}, {volada=0, tiempo=2, geocerca=30}, {volada=0, tiempo=2, geocerca=31}, {volada=0, tiempo=3, geocerca=32}, {volada=0, tiempo=4, geocerca=33}, {volada=0, tiempo=3, geocerca=34}, {volada=0, tiempo=3, geocerca=35}, {volada=0, tiempo=3, geocerca=36}, {volada=0, tiempo=3, geocerca=37}, {volada=0, tiempo=3, geocerca=38}, {volada=0, tiempo=5, geocerca=4}], inicio=2026-09-23T10:20, marcados=[false, false, false, false, false, false, false, false, false, false, false, false, false, false, false, false, false, false, false, false, false, false, false, false, false, false, false, false, false, false, false, false, false, false, false, false], id=39150, conductor=131}
2026-09-23 10:17:08 [SocketService] [RECIBIDO]| #9 | SID:239 | 19B | forward_datero_hide [DATA]: {trip=39150, geofence=53, time=2026-09-23T10:17:08, dateros=[{delta=0, padron=0}]}
2026-09-23 10:17:08 [SocketService] [RECIBIDO]| #8 | SID:239 | 15B | backward_datero_hide [DATA]: {pad=0, geofence=0, delta=0, orden=0, id=69006}
2026-09-23 10:17:08 [SocketService] [RECIBIDO]| #7 | SID:239 | 245B | salida [DATA]: {lado=true, estado=R, frecuencia=16, ruta=1, geocerca=null, controles=[{volada=0, tiempo=0, geocerca=53}, {volada=0, tiempo=5, geocerca=67}, {volada=0, tiempo=10, geocerca=54}, {volada=0, tiempo=6, geocerca=68}, {volada=0, tiempo=6, geocerca=55}, {volada=0, tiempo=5, geocerca=69}, {volada=0, tiempo=12, geocerca=56}, {volada=0, tiempo=8, geocerca=57}, {volada=0, tiempo=9, geocerca=58}, {volada=0, tiempo=10, geocerca=59}, {volada=0, tiempo=7, geocerca=60}, {volada=0, tiempo=0, geocerca=61}, {volada=0, tiempo=0, geocerca=62}, {volada=0, tiempo=0, geocerca=63}, {volada=0, tiempo=0, geocerca=64}, {volada=0, tiempo=0, geocerca=65}, {volada=0, tiempo=0, geocerca=66}, {volada=0, tiempo=0, geocerca=3}, {volada=0, tiempo=6, geocerca=22}, {volada=0, tiempo=3, geocerca=23}, {volada=0, tiempo=3, geocerca=24}, {volada=0, tiempo=3, geocerca=25}, {volada=0, tiempo=3, geocerca=26}, {volada=0, tiempo=3, geocerca=27}, {volada=0, tiempo=3, geocerca=28}, {volada=0, tiempo=3, geocerca=29}, {volada=0, tiempo=2, geocerca=30}, {volada=0, tiempo=2, geocerca=31}, {volada=0, tiempo=3, geocerca=32}, {volada=0, tiempo=4, geocerca=33}, {volada=0, tiempo=3, geocerca=34}, {volada=0, tiempo=3, geocerca=35}, {volada=0, tiempo=3, geocerca=36}, {volada=0, tiempo=3, geocerca=37}, {volada=0, tiempo=3, geocerca=38}, {volada=0, tiempo=5, geocerca=4}], inicio=2026-09-23T10:20, marcados=[false, false, false, false, false, false, false, false, false, false, false, false, false, false, false, false, false, false, false, false, false, false, false, false, false, false, false, false, false, false, false, false, false, false, false, false], id=39150, conductor=131}
2026-09-23 10:17:08 [SocketService] [ENVIADO] | [NUEVO] (4B) [KEY]: forward_datero [DATA]: {id=0}
2026-09-23 10:17:08 [SocketService] [ENVIADO] | [NUEVO] (3B) [KEY]: backward_datero [DATA]: {id=0}
2026-09-23 10:17:08 [SocketService] [ENVIADO] | [NUEVO] (7B) [KEY]: salida [DATA]: {limit=0, salida=39150}
2026-09-23 10:17:07 [ProtectorVM] SCREEN [id=107667746]: state=R sesion=true → protector OFF (sin timers)
2026-09-23 10:17:07 [SocketMessageDispatcher] Mensaje: Header: login, Data: {voice=true, orientation=false, contactless=false, data=null, ticket=true, geofence=null, gps=false, schedule=10:35, ads=false, route=1, trip=39150, driver=null, calls=true, padron=124, id=15, state=R, map=false, placa=BCG906, direction=true, order=1}
2026-09-23 10:17:07 [SocketService] [RECIBIDO]| #6 | SID:239 | 35B | login [DATA]: {voice=true, orientation=false, contactless=false, data=null, ticket=true, geofence=null, gps=false, schedule=10:35, ads=false, route=1, trip=39150, driver=null, calls=true, padron=124, id=15, state=R, map=false, placa=BCG906, direction=true, order=1}
2026-09-23 10:16:16 [SocketMessageDispatcher] Mensaje: Header: report, Data: {positions=1}
2026-09-23 10:16:16 [SocketService] [RECIBIDO]| #5 | SID:239 | 3B | report [DATA]: {positions=1}
2026-09-23 10:16:16 [SocketService] [ENVIADO] | [NUEVO] (36B) [KEY]: report [DATA]: {trip=39119, route=1, positions=[{lng=-77.0133764, busstop=0, angle=216, accuracy=5, time=2026-09-23T10:16:15.961156, lat=-12.1400468, speed=10, mark=0}], state=E, sales=0, events=[], direction=true}
2026-09-23 10:16:16 [PositionRepository] 📤 Enviando 1 (batch=2, pendientes=1)
2026-09-23 10:16:15 [LocationTrackingService] GPS desactivado - Pulso cada 5 min acc:5.094m
2026-09-23 10:16:00 [ParaderoManager] Paradero más cercano: Paradero(id=20, lado=false, ruta=Ruta(id=1, codigo=1493, inicio=null, activo=false), activo=true, nombre=SURCO FINAL A, orden=22, latitud=-12.140839262824429, liquidar=true, longitud=-77.01286152139723, radio=71.0, velocidad=30.0, terminal=true, audio=SURCO FINAL A)
2026-09-23 10:16:00 [SocketMessageDispatcher] Mensaje: Header: backward_datero_hide, Data: {pad=0, geofence=0, delta=0, orden=0, id=28399}
2026-09-23 10:16:00 [SocketMessageDispatcher] Mensaje: Header: forward_datero_hide, Data: {trip=39119, geofence=53, time=2026-09-23T10:15:59, dateros=[{delta=0, padron=0}]}
2026-09-23 10:16:00 [SocketMessageDispatcher] Mensaje: Header: salida, Data: {lado=false, estado=T, frecuencia=10, ruta=1, geocerca=null, controles=[{volada=0, tiempo=0, geocerca=1}, {volada=0, tiempo=4, geocerca=5}, {volada=0, tiempo=3, geocerca=6}, {volada=-2, tiempo=2, geocerca=7}, {volada=-1, tiempo=2, geocerca=8}, {volada=5, tiempo=2, geocerca=9}, {volada=3, tiempo=3, geocerca=10}, {volada=9, tiempo=2, geocerca=11}, {volada=8, tiempo=4, geocerca=12}, {volada=5, tiempo=4, geocerca=13}, {volada=6, tiempo=2, geocerca=14}, {volada=7, tiempo=2, geocerca=17}, {volada=9, tiempo=2, geocerca=15}, {volada=14, tiempo=3, geocerca=16}, {volada=21, tiempo=3, geocerca=18}, {volada=24, tiempo=5, geocerca=19}, {volada=25, tiempo=5, geocerca=20}, {volada=29, tiempo=4, geocerca=21}, {volada=32, tiempo=4, geocerca=2}, {volada=41, tiempo=0, geocerca=39}, {volada=52, tiempo=0, geocerca=40}, {volada=63, tiempo=0, geocerca=41}, {volada=69, tiempo=0, geocerca=42}, {volada=72, tiempo=0, geocerca=43}, {volada=77, tiempo=0, geocerca=44}, {volada=84, tiempo=0, geocerca=45}, {volada=95, tiempo=7, geocerca=46}, {volada=97, tiempo=10, geocerca=47}, {volada=101, tiempo=9, geocerca=48}, {volada=108, tiempo=8, geocerca=49}, {volada=108, tiempo=12, geocerca=70}, {volada=0, tiempo=12, geocerca=50}, {volada=0, tiempo=6, geocerca=71}, {volada=92, tiempo=6, geocerca=51}, {volada=88, tiempo=10, geocerca=72}, {volada=85, tiempo=5, geocerca=52}, {volada=0, tiempo=0, geocerca=164}], inicio=2026-09-23T06:23, marcados=[false, false, false, true, true, true, true, true, true, true, true, true, true, true, true, true, true, true, true, true, true, true, true, true, true, true, true, true, true, true, true, false, false, true, true, true, false], id=39119, conductor=131}
2026-09-23 10:15:59 [SocketService] [RECIBIDO]| #4 | SID:239 | 15B | backward_datero_hide [DATA]: {pad=0, geofence=0, delta=0, orden=0, id=28399}
2026-09-23 10:15:59 [SocketService] [RECIBIDO]| #3 | SID:239 | 19B | forward_datero_hide [DATA]: {trip=39119, geofence=53, time=2026-09-23T10:15:59, dateros=[{delta=0, padron=0}]}
2026-09-23 10:15:59 [SocketService] [RECIBIDO]| #2 | SID:239 | 251B | salida [DATA]: {lado=false, estado=T, frecuencia=10, ruta=1, geocerca=null, controles=[{volada=0, tiempo=0, geocerca=1}, {volada=0, tiempo=4, geocerca=5}, {volada=0, tiempo=3, geocerca=6}, {volada=-2, tiempo=2, geocerca=7}, {volada=-1, tiempo=2, geocerca=8}, {volada=5, tiempo=2, geocerca=9}, {volada=3, tiempo=3, geocerca=10}, {volada=9, tiempo=2, geocerca=11}, {volada=8, tiempo=4, geocerca=12}, {volada=5, tiempo=4, geocerca=13}, {volada=6, tiempo=2, geocerca=14}, {volada=7, tiempo=2, geocerca=17}, {volada=9, tiempo=2, geocerca=15}, {volada=14, tiempo=3, geocerca=16}, {volada=21, tiempo=3, geocerca=18}, {volada=24, tiempo=5, geocerca=19}, {volada=25, tiempo=5, geocerca=20}, {volada=29, tiempo=4, geocerca=21}, {volada=32, tiempo=4, geocerca=2}, {volada=41, tiempo=0, geocerca=39}, {volada=52, tiempo=0, geocerca=40}, {volada=63, tiempo=0, geocerca=41}, {volada=69, tiempo=0, geocerca=42}, {volada=72, tiempo=0, geocerca=43}, {volada=77, tiempo=0, geocerca=44}, {volada=84, tiempo=0, geocerca=45}, {volada=95, tiempo=7, geocerca=46}, {volada=97, tiempo=10, geocerca=47}, {volada=101, tiempo=9, geocerca=48}, {volada=108, tiempo=8, geocerca=49}, {volada=108, tiempo=12, geocerca=70}, {volada=0, tiempo=12, geocerca=50}, {volada=0, tiempo=6, geocerca=71}, {volada=92, tiempo=6, geocerca=51}, {volada=88, tiempo=10, geocerca=72}, {volada=85, tiempo=5, geocerca=52}, {volada=0, tiempo=0, geocerca=164}], inicio=2026-09-23T06:23, marcados=[false, false, false, true, true, true, true, true, true, true, true, true, true, true, true, true, true, true, true, true, true, true, true, true, true, true, true, true, true, true, true, false, false, true, true, true, false], id=39119, conductor=131}
2026-09-23 10:15:59 [SocketService] [ENVIADO] | [NUEVO] (3B) [KEY]: backward_datero [DATA]: {id=0}
2026-09-23 10:15:59 [SocketService] [ENVIADO] | [NUEVO] (4B) [KEY]: forward_datero [DATA]: {id=0}
2026-09-23 10:15:59 [SocketService] [ENVIADO] | [NUEVO] (7B) [KEY]: salida [DATA]: {limit=0, salida=39119}
2026-09-23 10:15:59 [SocketMessageDispatcher] ✅ Login confirmado por servidor (sesión OK)
2026-09-23 10:15:59 [SocketMessageDispatcher] Mensaje: Header: login, Data: {voice=true, orientation=false, contactless=false, data=2026-09-23T10:15:59, ticket=true, geofence=null, gps=false, schedule=10:20, ads=false, route=1, trip=39119, driver=null, calls=true, padron=124, id=15, state=E, map=false, placa=BCG906, direction=true, order=1}
2026-09-23 10:15:59 [SocketService] [RECIBIDO]| #1 | SID:239 | 35B | login [DATA]: {voice=true, orientation=false, contactless=false, data=2026-09-23T10:15:59, ticket=true, geofence=null, gps=false, schedule=10:20, ads=false, route=1, trip=39119, driver=null, calls=true, padron=124, id=15, state=E, map=false, placa=BCG906, direction=true, order=1}
2026-09-23 10:15:58 [SocketService] 🔒 WakeLock + WifiLock adquiridos
2026-09-23 10:15:58 [SocketService] [ENVIADO] | [NUEVO] (18B) [KEY]: login [DATA]: {serial=864255060447047}
2026-09-23 10:15:58 [SocketService] 🔑 Enviando login handshake (864255060447047)
2026-09-23 10:15:58 [SocketService] ✅ CONECTADO [ID: 239] en 76407109ms - Code: 101
2026-09-23 10:15:58 [SocketService] 🔄 Conectando [ID: 239] a ws://34.71.11.201:22222?schema=android&gps=true&console=true&version=2
2026-09-23 10:15:58 [SocketService] ✅ Recursos completamente limpiados
2026-09-23 10:15:58 [SocketService] 🔄 Nuevo Socket ID: 239
2026-09-23 10:15:58 [GpsViewModel] No hay conexión. Se omite procesamiento.
2026-09-23 10:15:58 [SocketService] 🧹 Limpiando recursos [ID: 238]
2026-09-23 10:15:58 [SocketService] ⏰ Watchdog: 146033ms sin mensajes, forzando reconexión
2026-09-23 10:15:15 [ParaderoManager] Paradero más cercano: Paradero(id=22, lado=true, ruta=Ruta(id=1, codigo=1493, inicio=null, activo=false), activo=true, nombre=PDRO SURCO, orden=1, latitud=-12.140145347575771, liquidar=false, longitud=-77.01215587713132, radio=50.0, velocidad=50.0, terminal=false, audio=PDRO SURCO)
2026-09-23 10:13:30 [SocketMessageDispatcher] Mensaje: Header: salida, Data: {lado=false, estado=T, frecuencia=10, ruta=1, geocerca=null, controles=[{volada=0, tiempo=0, geocerca=1}, {volada=0, tiempo=4, geocerca=5}, {volada=0, tiempo=3, geocerca=6}, {volada=-2, tiempo=2, geocerca=7}, {volada=-1, tiempo=2, geocerca=8}, {volada=5, tiempo=2, geocerca=9}, {volada=3, tiempo=3, geocerca=10}, {volada=9, tiempo=2, geocerca=11}, {volada=8, tiempo=4, geocerca=12}, {volada=5, tiempo=4, geocerca=13}, {volada=6, tiempo=2, geocerca=14}, {volada=7, tiempo=2, geocerca=17}, {volada=9, tiempo=2, geocerca=15}, {volada=14, tiempo=3, geocerca=16}, {volada=21, tiempo=3, geocerca=18}, {volada=24, tiempo=5, geocerca=19}, {volada=25, tiempo=5, geocerca=20}, {volada=29, tiempo=4, geocerca=21}, {volada=32, tiempo=4, geocerca=2}, {volada=41, tiempo=0, geocerca=39}, {volada=52, tiempo=0, geocerca=40}, {volada=63, tiempo=0, geocerca=41}, {volada=69, tiempo=0, geocerca=42}, {volada=72, tiempo=0, geocerca=43}, {volada=77, tiempo=0, geocerca=44}, {volada=84, tiempo=0, geocerca=45}, {volada=95, tiempo=7, geocerca=46}, {volada=97, tiempo=10, geocerca=47}, {volada=101, tiempo=9, geocerca=48}, {volada=108, tiempo=8, geocerca=49}, {volada=108, tiempo=12, geocerca=70}, {volada=0, tiempo=12, geocerca=50}, {volada=0, tiempo=6, geocerca=71}, {volada=92, tiempo=6, geocerca=51}, {volada=88, tiempo=10, geocerca=72}, {volada=85, tiempo=5, geocerca=52}, {volada=0, tiempo=0, geocerca=164}], inicio=2026-09-23T06:23, marcados=[false, false, false, true, true, true, true, true, true, true, true, true, true, true, true, true, true, true, true, true, true, true, true, true, true, true, true, true, true, true, true, false, false, true, true, true, false], id=39119, conductor=131}
2026-09-23 10:13:30 [SocketMessageDispatcher] Mensaje: Header: forward_datero_hide, Data: {trip=39119, geofence=53, time=2026-09-23T10:13:29, dateros=[{delta=0, padron=0}]}
2026-09-23 10:13:30 [SocketMessageDispatcher] Mensaje: Header: backward_datero_hide, Data: {pad=0, geofence=0, delta=0, orden=0, id=22412}
2026-09-23 10:13:30 [SocketMessageDispatcher] Mensaje: Header: backward_datero_hide, Data: {pad=0, geofence=0, delta=0, orden=0, id=37826}
2026-09-23 10:13:30 [SocketMessageDispatcher] Mensaje: Header: forward_datero_hide, Data: {trip=39119, geofence=53, time=2026-09-23T10:13:29, dateros=[{delta=0, padron=0}]}
2026-09-23 10:13:29 [SocketMessageDispatcher] Mensaje: Header: login, Data: {voice=true, orientation=false, contactless=false, data=null, ticket=true, geofence=null, gps=false, schedule=10:20, ads=false, route=1, trip=39119, driver=null, calls=true, padron=124, id=15, state=E, map=false, placa=BCG906, direction=true, order=1}
2026-09-23 10:13:29 [SocketService] [RECIBIDO]| #7 | SID:238 | 251B | salida [DATA]: {lado=false, estado=T, frecuencia=10, ruta=1, geocerca=null, controles=[{volada=0, tiempo=0, geocerca=1}, {volada=0, tiempo=4, geocerca=5}, {volada=0, tiempo=3, geocerca=6}, {volada=-2, tiempo=2, geocerca=7}, {volada=-1, tiempo=2, geocerca=8}, {volada=5, tiempo=2, geocerca=9}, {volada=3, tiempo=3, geocerca=10}, {volada=9, tiempo=2, geocerca=11}, {volada=8, tiempo=4, geocerca=12}, {volada=5, tiempo=4, geocerca=13}, {volada=6, tiempo=2, geocerca=14}, {volada=7, tiempo=2, geocerca=17}, {volada=9, tiempo=2, geocerca=15}, {volada=14, tiempo=3, geocerca=16}, {volada=21, tiempo=3, geocerca=18}, {volada=24, tiempo=5, geocerca=19}, {volada=25, tiempo=5, geocerca=20}, {volada=29, tiempo=4, geocerca=21}, {volada=32, tiempo=4, geocerca=2}, {volada=41, tiempo=0, geocerca=39}, {volada=52, tiempo=0, geocerca=40}, {volada=63, tiempo=0, geocerca=41}, {volada=69, tiempo=0, geocerca=42}, {volada=72, tiempo=0, geocerca=43}, {volada=77, tiempo=0, geocerca=44}, {volada=84, tiempo=0, geocerca=45}, {volada=95, tiempo=7, geocerca=46}, {volada=97, tiempo=10, geocerca=47}, {volada=101, tiempo=9, geocerca=48}, {volada=108, tiempo=8, geocerca=49}, {volada=108, tiempo=12, geocerca=70}, {volada=0, tiempo=12, geocerca=50}, {volada=0, tiempo=6, geocerca=71}, {volada=92, tiempo=6, geocerca=51}, {volada=88, tiempo=10, geocerca=72}, {volada=85, tiempo=5, geocerca=52}, {volada=0, tiempo=0, geocerca=164}], inicio=2026-09-23T06:23, marcados=[false, false, false, true, true, true, true, true, true, true, true, true, true, true, true, true, true, true, true, true, true, true, true, true, true, true, true, true, true, true, true, false, false, true, true, true, false], id=39119, conductor=131}
2026-09-23 10:13:29 [SocketService] [RECIBIDO]| #6 | SID:238 | 19B | forward_datero_hide [DATA]: {trip=39119, geofence=53, time=2026-09-23T10:13:29, dateros=[{delta=0, padron=0}]}
2026-09-23 10:13:29 [SocketService] [RECIBIDO]| #5 | SID:238 | 15B | backward_datero_hide [DATA]: {pad=0, geofence=0, delta=0, orden=0, id=22412}
2026-09-23 10:13:29 [SocketService] [RECIBIDO]| #4 | SID:238 | 15B | backward_datero_hide [DATA]: {pad=0, geofence=0, delta=0, orden=0, id=37826}
2026-09-23 10:13:29 [SocketService] [RECIBIDO]| #3 | SID:238 | 19B | forward_datero_hide [DATA]: {trip=39119, geofence=53, time=2026-09-23T10:13:29, dateros=[{delta=0, padron=0}]}
2026-09-23 10:13:29 [SocketService] [RECIBIDO]| #2 | SID:238 | 35B | login [DATA]: {voice=true, orientation=false, contactless=false, data=null, ticket=true, geofence=null, gps=false, schedule=10:20, ads=false, route=1, trip=39119, driver=null, calls=true, padron=124, id=15, state=E, map=false, placa=BCG906, direction=true, order=1}
2026-09-23 10:13:29 [SocketService] [ENVIADO] | [NUEVO] (3B) [KEY]: backward_datero [DATA]: {id=0}
2026-09-23 10:13:29 [SocketService] [ENVIADO] | [NUEVO] (4B) [KEY]: forward_datero [DATA]: {id=0}
2026-09-23 10:13:29 [SocketService] [ENVIADO] | [NUEVO] (7B) [KEY]: salida [DATA]: {limit=0, salida=39119}
2026-09-23 10:13:29 [SocketService] [ENVIADO] | [NUEVO] (3B) [KEY]: backward_datero [DATA]: {id=0}
2026-09-23 10:13:29 [SocketService] [ENVIADO] | [NUEVO] (4B) [KEY]: forward_datero [DATA]: {id=0}
2026-09-23 10:13:29 [SocketService] [ENVIADO] | [NUEVO] (7B) [KEY]: salida [DATA]: {limit=0, salida=39149}
2026-09-23 10:13:28 [SocketMessageDispatcher] ✅ Login confirmado por servidor (sesión OK)
2026-09-23 10:13:28 [SocketMessageDispatcher] Mensaje: Header: login, Data: {voice=true, orientation=false, contactless=false, data=2026-09-23T10:13:28, ticket=true, geofence=null, gps=false, schedule=10:20, ads=false, route=1, trip=39119, driver=null, calls=true, padron=124, id=15, state=E, map=false, placa=BCG906, direction=true, order=1}
2026-09-23 10:13:28 [SocketService] [RECIBIDO]| #1 | SID:238 | 35B | login [DATA]: {voice=true, orientation=false, contactless=false, data=2026-09-23T10:13:28, ticket=true, geofence=null, gps=false, schedule=10:20, ads=false, route=1, trip=39119, driver=null, calls=true, padron=124, id=15, state=E, map=false, placa=BCG906, direction=true, order=1}
2026-09-23 10:13:28 [SocketService] 🔒 WakeLock + WifiLock adquiridos
2026-09-23 10:13:28 [SocketService] [ENVIADO] | [NUEVO] (18B) [KEY]: login [DATA]: {serial=864255060447047}
2026-09-23 10:13:28 [SocketService] 🔑 Enviando login handshake (864255060447047)
2026-09-23 10:13:28 [SocketService] ✅ CONECTADO [ID: 238] en 76256632ms - Code: 101
2026-09-23 10:13:27 [SocketService] 🔄 Conectando [ID: 238] a ws://34.71.11.201:22222?schema=android&gps=true&console=true&version=2
2026-09-23 10:13:27 [SocketService] ✅ Recursos completamente limpiados
2026-09-23 10:13:27 [GpsViewModel] No hay conexión. Se omite procesamiento.
2026-09-23 10:13:27 [SocketService] 🔄 Nuevo Socket ID: 238
2026-09-23 10:13:27 [SocketService] 🧹 Limpiando recursos [ID: 237]
2026-09-23 10:13:27 [SocketService] ⏰ Watchdog: 133860ms sin mensajes, forzando reconexión
2026-09-23 10:12:29 [ProtectorVM] TEMP: 40.6C -> cap térmico 96%
2026-09-23 10:12:29 [ProtectorVM] temp: 40.6C
2026-09-23 10:11:13 [SocketMessageDispatcher] Mensaje: Header: report, Data: {positions=1}
2026-09-23 10:11:13 [SocketService] [RECIBIDO]| #21 | SID:237 | 3B | report [DATA]: {positions=1}
2026-09-23 10:11:13 [SocketService] [ENVIADO] | [NUEVO] (36B) [KEY]: report [DATA]: {trip=39149, route=1, positions=[{lng=-77.0122661, busstop=0, angle=0, accuracy=11, time=2026-09-23T10:11:12.980314, lat=-12.1410869, speed=0, mark=0}], state=E, sales=0, events=[], direction=true}
2026-09-23 10:11:13 [PositionRepository] 📤 Enviando 1 (batch=5, pendientes=1)
2026-09-23 10:11:12 [LocationTrackingService] GPS desactivado - Pulso cada 5 min acc:11.552m
2026-09-23 10:10:36 [SocketMessageDispatcher] Mensaje: Header: login, Data: {voice=true, orientation=false, contactless=false, data=null, ticket=true, geofence=null, gps=false, schedule=10:20, ads=false, route=1, trip=39149, driver=null, calls=true, padron=124, id=15, state=E, map=false, placa=BCG906, direction=true, order=1}
2026-09-23 10:10:36 [SocketService] [RECIBIDO]| #20 | SID:237 | 35B | login [DATA]: {voice=true, orientation=false, contactless=false, data=null, ticket=true, geofence=null, gps=false, schedule=10:20, ads=false, route=1, trip=39149, driver=null, calls=true, padron=124, id=15, state=E, map=false, placa=BCG906, direction=true, order=1}
2026-09-23 10:10:15 [ParaderoManager] Paradero más cercano: Paradero(id=20, lado=false, ruta=Ruta(id=1, codigo=1493, inicio=null, activo=false), activo=true, nombre=SURCO FINAL A, orden=22, latitud=-12.140839262824429, liquidar=true, longitud=-77.01286152139723, radio=71.0, velocidad=30.0, terminal=true, audio=SURCO FINAL A)
2026-09-23 10:10:12 [LocationTrackingService] Location updates activos
2026-09-23 10:10:12 [LocationTrackingService] Iniciando tracking - Modo: ESPERA, Intervalo: 2500ms
2026-09-23 10:10:12 [ProtectorVM] SCREEN [id=107667746]: state=E sesion=true → protector OFF (sin timers)
2026-09-23 10:10:12 [LocationTrackingService] Location updates detenidos
2026-09-23 10:10:12 [LocationTrackingService] Cambio modo GPS: E - highAccuracy=true
2026-09-23 10:10:12 [SocketMessageDispatcher] Mensaje: Header: login, Data: {voice=true, orientation=false, contactless=false, data=null, ticket=true, geofence=null, gps=false, schedule=10:19, ads=false, route=1, trip=39149, driver=null, calls=true, padron=124, id=15, state=E, map=false, placa=BCG906, direction=true, order=1}
2026-09-23 10:10:11 [LocationTrackingService] Location updates activos
2026-09-23 10:10:11 [SocketService] [RECIBIDO]| #19 | SID:237 | 35B | login [DATA]: {voice=true, orientation=false, contactless=false, data=null, ticket=true, geofence=null, gps=false, schedule=10:19, ads=false, route=1, trip=39149, driver=null, calls=true, padron=124, id=15, state=E, map=false, placa=BCG906, direction=true, order=1}
2026-09-23 10:10:11 [LocationTrackingService] Iniciando tracking - Modo: FUERA DE RUTA, Intervalo: 5000ms
2026-09-23 10:10:11 [LocationTrackingService] Location updates detenidos
2026-09-23 10:10:11 [LocationTrackingService] Cambio modo GPS: X - highAccuracy=false
2026-09-23 10:10:11 [ProtectorVM] SCREEN [id=107667746]: state=X sesion=true → protector OFF (sin timers)
2026-09-23 10:10:11 [SocketMessageDispatcher] Mensaje: Header: login, Data: {voice=true, orientation=false, contactless=false, data=null, ticket=true, geofence=null, gps=false, schedule=06:33, ads=false, route=1, trip=39149, driver=null, calls=true, padron=124, id=15, state=X, map=false, placa=BCG906, direction=true, order=1}
2026-09-23 10:10:11 [SocketService] [RECIBIDO]| #18 | SID:237 | 35B | login [DATA]: {voice=true, orientation=false, contactless=false, data=null, ticket=true, geofence=null, gps=false, schedule=06:33, ads=false, route=1, trip=39149, driver=null, calls=true, padron=124, id=15, state=X, map=false, placa=BCG906, direction=true, order=1}
2026-09-23 10:09:54 [SocketMessageDispatcher] Mensaje: Header: backward_datero_hide, Data: {pad=0, geofence=0, delta=0, orden=0, id=45891}
2026-09-23 10:09:54 [SocketMessageDispatcher] Mensaje: Header: forward_datero_hide, Data: {trip=39149, geofence=53, time=2026-09-23T10:09:54, dateros=[{delta=0, padron=0}]}
2026-09-23 10:09:54 [SocketMessageDispatcher] Mensaje: Header: salida, Data: {lado=true, estado=R, frecuencia=5, ruta=1, geocerca=null, controles=[{volada=0, tiempo=0, geocerca=53}, {volada=0, tiempo=5, geocerca=67}, {volada=0, tiempo=10, geocerca=54}, {volada=0, tiempo=6, geocerca=68}, {volada=0, tiempo=6, geocerca=55}, {volada=0, tiempo=5, geocerca=69}, {volada=0, tiempo=12, geocerca=56}, {volada=0, tiempo=8, geocerca=57}, {volada=0, tiempo=9, geocerca=58}, {volada=0, tiempo=10, geocerca=59}, {volada=0, tiempo=7, geocerca=60}, {volada=0, tiempo=0, geocerca=61}, {volada=0, tiempo=0, geocerca=62}, {volada=0, tiempo=0, geocerca=63}, {volada=0, tiempo=0, geocerca=64}, {volada=0, tiempo=0, geocerca=65}, {volada=0, tiempo=0, geocerca=66}, {volada=0, tiempo=0, geocerca=3}, {volada=0, tiempo=6, geocerca=22}, {volada=0, tiempo=3, geocerca=23}, {volada=0, tiempo=3, geocerca=24}, {volada=0, tiempo=3, geocerca=25}, {volada=0, tiempo=3, geocerca=26}, {volada=0, tiempo=3, geocerca=27}, {volada=0, tiempo=3, geocerca=28}, {volada=0, tiempo=3, geocerca=29}, {volada=0, tiempo=2, geocerca=30}, {volada=0, tiempo=2, geocerca=31}, {volada=0, tiempo=3, geocerca=32}, {volada=0, tiempo=4, geocerca=33}, {volada=0, tiempo=3, geocerca=34}, {volada=0, tiempo=3, geocerca=35}, {volada=0, tiempo=3, geocerca=36}, {volada=0, tiempo=3, geocerca=37}, {volada=0, tiempo=3, geocerca=38}, {volada=0, tiempo=5, geocerca=4}], inicio=2026-09-23T10:09, marcados=[false, false, false, false, false, false, false, false, false, false, false, false, false, false, false, false, false, false, false, false, false, false, false, false, false, false, false, false, false, false, false, false, false, false, false, false], id=39149, conductor=131}
2026-09-23 10:09:54 [SocketService] [RECIBIDO]| #16 | SID:237 | 15B | backward_datero_hide [DATA]: {pad=0, geofence=0, delta=0, orden=0, id=45891}
2026-09-23 10:09:54 [SocketService] [RECIBIDO]| #15 | SID:237 | 19B | forward_datero_hide [DATA]: {trip=39149, geofence=53, time=2026-09-23T10:09:54, dateros=[{delta=0, padron=0}]}
2026-09-23 10:09:53 [SocketService] [RECIBIDO]| #14 | SID:237 | 245B | salida [DATA]: {lado=true, estado=R, frecuencia=5, ruta=1, geocerca=null, controles=[{volada=0, tiempo=0, geocerca=53}, {volada=0, tiempo=5, geocerca=67}, {volada=0, tiempo=10, geocerca=54}, {volada=0, tiempo=6, geocerca=68}, {volada=0, tiempo=6, geocerca=55}, {volada=0, tiempo=5, geocerca=69}, {volada=0, tiempo=12, geocerca=56}, {volada=0, tiempo=8, geocerca=57}, {volada=0, tiempo=9, geocerca=58}, {volada=0, tiempo=10, geocerca=59}, {volada=0, tiempo=7, geocerca=60}, {volada=0, tiempo=0, geocerca=61}, {volada=0, tiempo=0, geocerca=62}, {volada=0, tiempo=0, geocerca=63}, {volada=0, tiempo=0, geocerca=64}, {volada=0, tiempo=0, geocerca=65}, {volada=0, tiempo=0, geocerca=66}, {volada=0, tiempo=0, geocerca=3}, {volada=0, tiempo=6, geocerca=22}, {volada=0, tiempo=3, geocerca=23}, {volada=0, tiempo=3, geocerca=24}, {volada=0, tiempo=3, geocerca=25}, {volada=0, tiempo=3, geocerca=26}, {volada=0, tiempo=3, geocerca=27}, {volada=0, tiempo=3, geocerca=28}, {volada=0, tiempo=3, geocerca=29}, {volada=0, tiempo=2, geocerca=30}, {volada=0, tiempo=2, geocerca=31}, {volada=0, tiempo=3, geocerca=32}, {volada=0, tiempo=4, geocerca=33}, {volada=0, tiempo=3, geocerca=34}, {volada=0, tiempo=3, geocerca=35}, {volada=0, tiempo=3, geocerca=36}, {volada=0, tiempo=3, geocerca=37}, {volada=0, tiempo=3, geocerca=38}, {volada=0, tiempo=5, geocerca=4}], inicio=2026-09-23T10:09, marcados=[false, false, false, false, false, false, false, false, false, false, false, false, false, false, false, false, false, false, false, false, false, false, false, false, false, false, false, false, false, false, false, false, false, false, false, false], id=39149, conductor=131}
2026-09-23 10:09:53 [ProtectorVM] SCREEN [id=107667746]: state=R sesion=true → protector OFF (sin timers)
2026-09-23 10:09:53 [SocketService] [ENVIADO] | [NUEVO] (3B) [KEY]: backward_datero [DATA]: {id=0}
2026-09-23 10:09:53 [DRIVERAUTO] Primera sesión obtenida: SessionDriver(id=35417, driver_id=131, driver_code=ID131, activo=true, castigado=false, conductor=true, vencido=false, route=1, direction=false, start_time=2026-09-23T06:18:59, autoLogin=true)
2026-09-23 10:09:53 [SocketService] [ENVIADO] | [NUEVO] (4B) [KEY]: forward_datero [DATA]: {id=0}
2026-09-23 10:09:53 [SocketService] [ENVIADO] | [NUEVO] (7B) [KEY]: salida [DATA]: {limit=0, salida=39149}
2026-09-23 10:09:53 [DRIVERAUTO] Primera sesión obtenida: SessionDriver(id=35417, driver_id=131, driver_code=ID131, activo=true, castigado=false, conductor=true, vencido=false, route=1, direction=false, start_time=2026-09-23T06:18:59, autoLogin=false)
2026-09-23 10:09:53 [ParaderoManager] Paradero actual: PDRO SURCO (id=22)
2026-09-23 10:09:53 [SocketMessageDispatcher] Mensaje: Header: login, Data: {voice=true, orientation=false, contactless=false, data=null, ticket=true, geofence=null, gps=false, schedule=06:33, ads=false, route=1, trip=39149, driver=null, calls=true, padron=124, id=15, state=R, map=false, placa=BCG906, direction=true, order=1}
2026-09-23 10:09:53 [SocketService] [RECIBIDO]| #13 | SID:237 | 35B | login [DATA]: {voice=true, orientation=false, contactless=false, data=null, ticket=true, geofence=null, gps=false, schedule=06:33, ads=false, route=1, trip=39149, driver=null, calls=true, padron=124, id=15, state=R, map=false, placa=BCG906, direction=true, order=1}
2026-09-23 10:09:50 [ParaderoManager] Paradero más cercano: Paradero(id=22, lado=true, ruta=Ruta(id=1, codigo=1493, inicio=null, activo=false), activo=true, nombre=PDRO SURCO, orden=1, latitud=-12.140145347575771, liquidar=false, longitud=-77.01215587713132, radio=50.0, velocidad=50.0, terminal=false, audio=PDRO SURCO)
2026-09-23 10:09:48 [SocketMessageDispatcher] Mensaje: Header: forward_datero, Data: {trip=39119, geofence=52, time=2026-09-23T10:09:44, dateros=[{delta=15, padron=124}, {delta=35, padron=128}, {delta=14, padron=107}, {delta=7, padron=146}, {delta=8, padron=131}]}
2026-09-23 10:09:48 [SocketService] [RECIBIDO]| #12 | SID:237 | 32B | forward_datero [DATA]: {trip=39119, geofence=52, time=2026-09-23T10:09:44, dateros=[{delta=15, padron=124}, {delta=35, padron=128}, {delta=14, padron=107}, {delta=7, padron=146}, {delta=8, padron=131}]}
2026-09-23 10:09:48 [SocketMessageDispatcher] Mensaje: Header: mark, Data: {volada=85, trip=39119, geofence=52, id=1135743, state=M, timestamp=2026-09-23T10:09:44}
2026-09-23 10:09:48 [SocketService] [RECIBIDO]| #11 | SID:237 | 25B | mark [DATA]: {volada=85, trip=39119, geofence=52, id=1135743, state=M, timestamp=2026-09-23T10:09:44}
2026-09-23 10:09:40 [SocketMessageDispatcher] Mensaje: Header: operation, Data: {section=remote, id=6ab3ebb327bb27508ccbb4d9, value=35417, key=sesion}
2026-09-23 10:09:40 [SocketService] [RECIBIDO]| #10 | SID:237 | 48B | operation [DATA]: {section=remote, id=6ab3ebb327bb27508ccbb4d9, value=35417, key=sesion}
2026-09-23 10:09:38 [DRIVERAUTO] VALIDATE AutoLogin: false - Paradero actual: Paradero(id=20, lado=false, ruta=Ruta(id=1, codigo=1493, inicio=null, activo=false), activo=true, nombre=SURCO FINAL A, orden=22, latitud=-12.140839262824429, liquidar=true, longitud=-77.01286152139723, radio=71.0, velocidad=30.0, terminal=true, audio=SURCO FINAL A)
2026-09-23 10:09:38 [DRIVERAUTO] La dirección de la sesión coincide con el lado del paradero actual
2026-09-23 10:09:38 [DRIVERAUTO] Primera sesión obtenida: SessionDriver(id=35417, driver_id=131, driver_code=ID131, activo=true, castigado=false, conductor=true, vencido=false, route=1, direction=false, start_time=2026-09-23T06:18:59, autoLogin=false)
2026-09-23 10:09:38 [ParaderoManager] Paradero actual: SURCO FINAL A (id=20)
2026-09-23 10:09:14 [ParaderoManager] Paradero más cercano: Paradero(id=20, lado=false, ruta=Ruta(id=1, codigo=1493, inicio=null, activo=false), activo=true, nombre=SURCO FINAL A, orden=22, latitud=-12.140839262824429, liquidar=true, longitud=-77.01286152139723, radio=71.0, velocidad=30.0, terminal=true, audio=SURCO FINAL A)
2026-09-23 10:07:54 [SocketMessageDispatcher] Mensaje: Header: forward_datero, Data: {trip=39119, geofence=72, time=2026-09-23T10:07:53, dateros=[{delta=15, padron=124}, {delta=46, padron=128}, {delta=14, padron=107}, {delta=7, padron=146}, {delta=8, padron=131}]}
2026-09-23 10:07:54 [SocketMessageDispatcher] Mensaje: Header: mark, Data: {volada=88, trip=39119, geofence=72, id=1135742, state=M, timestamp=2026-09-23T10:07:53}
2026-09-23 10:07:54 [SocketService] [RECIBIDO]| #8 | SID:237 | 32B | forward_datero [DATA]: {trip=39119, geofence=72, time=2026-09-23T10:07:53, dateros=[{delta=15, padron=124}, {delta=46, padron=128}, {delta=14, padron=107}, {delta=7, padron=146}, {delta=8, padron=131}]}
2026-09-23 10:07:54 [SocketService] [RECIBIDO]| #7 | SID:237 | 25B | mark [DATA]: {volada=88, trip=39119, geofence=72, id=1135742, state=M, timestamp=2026-09-23T10:07:53}
2026-09-23 10:07:29 [ProtectorVM] temp: 40.5C
2026-09-23 10:07:29 [ProtectorVM] TEMP: 40.5C -> cap térmico 96%
2026-09-23 10:07:17 [SocketMessageDispatcher] Mensaje: Header: operation, Data: {section=remote, id=6ab3eb2427bb27508ccbb2b1, value=35417, key=sesion}
2026-09-23 10:07:17 [SocketService] [RECIBIDO]| #6 | SID:237 | 48B | operation [DATA]: {section=remote, id=6ab3eb2427bb27508ccbb2b1, value=35417, key=sesion}
2026-09-23 10:07:14 [DRIVERAUTO] VALIDATE AutoLogin: false - Paradero actual: Paradero(id=45, lado=false, ruta=Ruta(id=1, codigo=1493, inicio=null, activo=false), activo=true, nombre=Butter, orden=21, latitud=-12.145263846344728, liquidar=true, longitud=-77.01373613813729, radio=155.0, velocidad=30.0, terminal=true, audio=Butter)
2026-09-23 10:07:14 [DRIVERAUTO] Primera sesión obtenida: SessionDriver(id=35417, driver_id=131, driver_code=ID131, activo=true, castigado=false, conductor=true, vencido=false, route=1, direction=false, start_time=2026-09-23T06:18:59, autoLogin=false)
2026-09-23 10:07:14 [DRIVERAUTO] La dirección de la sesión coincide con el lado del paradero actual
2026-09-23 10:07:14 [ParaderoManager] Paradero actual: Butter (id=45)
2026-09-23 10:06:13 [SocketMessageDispatcher] Mensaje: Header: report, Data: {positions=1}
2026-09-23 10:06:13 [SocketService] [RECIBIDO]| #5 | SID:237 | 3B | report [DATA]: {positions=1}
2026-09-23 10:06:12 [SocketService] [ENVIADO] | [NUEVO] (36B) [KEY]: report [DATA]: {trip=39119, route=1, positions=[{lng=-77.0115434, busstop=0, angle=271, accuracy=3, time=2026-09-23T10:06:11.965726, lat=-12.1470141, speed=1, mark=0}], state=R, sales=0, events=[], direction=false}
2026-09-23 10:06:12 [PositionRepository] 📤 Enviando 1 (batch=2, pendientes=1)
2026-09-23 10:06:11 [LocationTrackingService] GPS desactivado - Pulso cada 5 min acc:3.859m
2026-09-23 10:05:59 [SocketMessageDispatcher] Mensaje: Header: salida, Data: {lado=false, estado=R, frecuencia=10, ruta=1, geocerca=51, controles=[{volada=0, tiempo=0, geocerca=1}, {volada=0, tiempo=4, geocerca=5}, {volada=0, tiempo=3, geocerca=6}, {volada=-2, tiempo=2, geocerca=7}, {volada=-1, tiempo=2, geocerca=8}, {volada=5, tiempo=2, geocerca=9}, {volada=3, tiempo=3, geocerca=10}, {volada=9, tiempo=2, geocerca=11}, {volada=8, tiempo=4, geocerca=12}, {volada=5, tiempo=4, geocerca=13}, {volada=6, tiempo=2, geocerca=14}, {volada=7, tiempo=2, geocerca=17}, {volada=9, tiempo=2, geocerca=15}, {volada=14, tiempo=3, geocerca=16}, {volada=21, tiempo=3, geocerca=18}, {volada=24, tiempo=5, geocerca=19}, {volada=25, tiempo=5, geocerca=20}, {volada=29, tiempo=4, geocerca=21}, {volada=32, tiempo=4, geocerca=2}, {volada=41, tiempo=0, geocerca=39}, {volada=52, tiempo=0, geocerca=40}, {volada=63, tiempo=0, geocerca=41}, {volada=69, tiempo=0, geocerca=42}, {volada=72, tiempo=0, geocerca=43}, {volada=77, tiempo=0, geocerca=44}, {volada=84, tiempo=0, geocerca=45}, {volada=95, tiempo=7, geocerca=46}, {volada=97, tiempo=10, geocerca=47}, {volada=101, tiempo=9, geocerca=48}, {volada=108, tiempo=8, geocerca=49}, {volada=108, tiempo=12, geocerca=70}, {volada=0, tiempo=12, geocerca=50}, {volada=0, tiempo=6, geocerca=71}, {volada=92, tiempo=6, geocerca=51}, {volada=0, tiempo=10, geocerca=72}, {volada=0, tiempo=5, geocerca=52}, {volada=0, tiempo=0, geocerca=164}], inicio=2026-09-23T06:23, marcados=[false, false, false, true, true, true, true, true, true, true, true, true, true, true, true, true, true, true, true, true, true, true, true, true, true, true, true, true, true, true, true, false, false, true, false, false, false], id=39119, conductor=131}
2026-09-23 10:05:59 [SocketMessageDispatcher] Mensaje: Header: backward_datero_hide, Data: {pad=132, geofence=70, delta=9, orden=0, id=899963433}
2026-09-23 10:05:59 [SocketMessageDispatcher] Mensaje: Header: forward_datero_hide, Data: {trip=39119, geofence=51, time=2026-09-23T10:01:15, dateros=[{delta=15, padron=124}, {delta=46, padron=128}, {delta=16, padron=107}, {delta=7, padron=146}, {delta=12, padron=131}]}
2026-09-23 10:05:58 [SocketService] [RECIBIDO]| #4 | SID:237 | 251B | salida [DATA]: {lado=false, estado=R, frecuencia=10, ruta=1, geocerca=51, controles=[{volada=0, tiempo=0, geocerca=1}, {volada=0, tiempo=4, geocerca=5}, {volada=0, tiempo=3, geocerca=6}, {volada=-2, tiempo=2, geocerca=7}, {volada=-1, tiempo=2, geocerca=8}, {volada=5, tiempo=2, geocerca=9}, {volada=3, tiempo=3, geocerca=10}, {volada=9, tiempo=2, geocerca=11}, {volada=8, tiempo=4, geocerca=12}, {volada=5, tiempo=4, geocerca=13}, {volada=6, tiempo=2, geocerca=14}, {volada=7, tiempo=2, geocerca=17}, {volada=9, tiempo=2, geocerca=15}, {volada=14, tiempo=3, geocerca=16}, {volada=21, tiempo=3, geocerca=18}, {volada=24, tiempo=5, geocerca=19}, {volada=25, tiempo=5, geocerca=20}, {volada=29, tiempo=4, geocerca=21}, {volada=32, tiempo=4, geocerca=2}, {volada=41, tiempo=0, geocerca=39}, {volada=52, tiempo=0, geocerca=40}, {volada=63, tiempo=0, geocerca=41}, {volada=69, tiempo=0, geocerca=42}, {volada=72, tiempo=0, geocerca=43}, {volada=77, tiempo=0, geocerca=44}, {volada=84, tiempo=0, geocerca=45}, {volada=95, tiempo=7, geocerca=46}, {volada=97, tiempo=10, geocerca=47}, {volada=101, tiempo=9, geocerca=48}, {volada=108, tiempo=8, geocerca=49}, {volada=108, tiempo=12, geocerca=70}, {volada=0, tiempo=12, geocerca=50}, {volada=0, tiempo=6, geocerca=71}, {volada=92, tiempo=6, geocerca=51}, {volada=0, tiempo=10, geocerca=72}, {volada=0, tiempo=5, geocerca=52}, {volada=0, tiempo=0, geocerca=164}], inicio=2026-09-23T06:23, marcados=[false, false, false, true, true, true, true, true, true, true, true, true, true, true, true, true, true, true, true, true, true, true, true, true, true, true, true, true, true, true, true, false, false, true, false, false, false], id=39119, conductor=131}
2026-09-23 10:05:58 [SocketService] [RECIBIDO]| #3 | SID:237 | 19B | backward_datero_hide [DATA]: {pad=132, geofence=70, delta=9, orden=0, id=899963433}
2026-09-23 10:05:58 [SocketService] [RECIBIDO]| #2 | SID:237 | 31B | forward_datero_hide [DATA]: {trip=39119, geofence=51, time=2026-09-23T10:01:15, dateros=[{delta=15, padron=124}, {delta=46, padron=128}, {delta=16, padron=107}, {delta=7, padron=146}, {delta=12, padron=131}]}
2026-09-23 10:05:58 [SocketService] [ENVIADO] | [NUEVO] (3B) [KEY]: backward_datero [DATA]: {id=0}
2026-09-23 10:05:58 [SocketService] [ENVIADO] | [NUEVO] (7B) [KEY]: salida [DATA]: {limit=0, salida=39119}
2026-09-23 10:05:58 [SocketService] [ENVIADO] | [NUEVO] (4B) [KEY]: forward_datero [DATA]: {id=0}
2026-09-23 10:05:58 [SocketMessageDispatcher] ✅ Login confirmado por servidor (sesión OK)
2026-09-23 10:05:58 [SocketMessageDispatcher] Mensaje: Header: login, Data: {voice=true, orientation=false, contactless=false, data=2026-09-23T10:05:57, ticket=true, geofence=51, gps=false, schedule=06:33, ads=false, route=1, trip=39119, driver=null, calls=true, padron=124, id=15, state=R, map=false, placa=BCG906, direction=false, order=1}
2026-09-23 10:05:58 [SocketService] [RECIBIDO]| #1 | SID:237 | 35B | login [DATA]: {voice=true, orientation=false, contactless=false, data=2026-09-23T10:05:57, ticket=true, geofence=51, gps=false, schedule=06:33, ads=false, route=1, trip=39119, driver=null, calls=true, padron=124, id=15, state=R, map=false, placa=BCG906, direction=false, order=1}
2026-09-23 10:05:57 [SocketService] [ENVIADO] | [NUEVO] (18B) [KEY]: login [DATA]: {serial=864255060447047}
2026-09-23 10:05:57 [SocketService] 🔒 WakeLock + WifiLock adquiridos
2026-09-23 10:05:57 [SocketService] 🔑 Enviando login handshake (864255060447047)
2026-09-23 10:05:57 [SocketService] ✅ CONECTADO [ID: 237] en 75805600ms - Code: 101
2026-09-23 10:05:56 [SocketService] ✅ Recursos completamente limpiados
2026-09-23 10:05:56 [SocketService] 🔄 Conectando [ID: 237] a ws://34.71.11.201:22222?schema=android&gps=true&console=true&version=2
2026-09-23 10:05:56 [SocketService] 🔄 Nuevo Socket ID: 237
2026-09-23 10:05:56 [GpsViewModel] No hay conexión. Se omite procesamiento.
2026-09-23 10:05:56 [SocketService] 🧹 Limpiando recursos [ID: 236]
2026-09-23 10:05:56 [SocketService] ⏰ Watchdog: 143636ms sin mensajes, forzando reconexión
2026-09-23 10:04:56 [ParaderoManager] Paradero más cercano: Paradero(id=45, lado=false, ruta=Ruta(id=1, codigo=1493, inicio=null, activo=false), activo=true, nombre=Butter, orden=21, latitud=-12.145263846344728, liquidar=true, longitud=-77.01373613813729, radio=155.0, velocidad=30.0, terminal=true, audio=Butter)
2026-09-23 10:02:29 [ProtectorVM] TEMP: 40.5C -> cap térmico 96%
2026-09-23 10:02:29 [ProtectorVM] temp: 40.5C
2026-09-23 10:02:26 [SocketMessageDispatcher] Mensaje: Header: backward_datero, Data: {pad=132, geofence=70, delta=9, orden=0, id=899963433}
2026-09-23 10:02:26 [SocketService] [RECIBIDO]| #8 | SID:236 | 18B | backward_datero [DATA]: {pad=132, geofence=70, delta=9, orden=0, id=899963433}
2026-09-23 10:01:17 [ERROR-GeoMarkViewModel] ❌ Geocerca ID 51 no encontrada
2026-09-23 10:01:17 [SocketMessageDispatcher] Mensaje: Header: forward_datero, Data: {trip=39119, geofence=51, time=2026-09-23T10:01:15, dateros=[{delta=15, padron=124}, {delta=46, padron=128}, {delta=16, padron=107}, {delta=7, padron=146}, {delta=12, padron=131}]}
2026-09-23 10:01:17 [SocketMessageDispatcher] Mensaje: Header: mark, Data: {volada=92, trip=39119, geofence=51, id=1135741, state=M, timestamp=2026-09-23T10:01:15}
2026-09-23 10:01:17 [SocketService] [RECIBIDO]| #7 | SID:236 | 32B | forward_datero [DATA]: {trip=39119, geofence=51, time=2026-09-23T10:01:15, dateros=[{delta=15, padron=124}, {delta=46, padron=128}, {delta=16, padron=107}, {delta=7, padron=146}, {delta=12, padron=131}]}
2026-09-23 10:01:17 [SocketService] [RECIBIDO]| #6 | SID:236 | 25B | mark [DATA]: {volada=92, trip=39119, geofence=51, id=1135741, state=M, timestamp=2026-09-23T10:01:15}
2026-09-23 10:01:09 [SocketMessageDispatcher] Mensaje: Header: report, Data: {positions=1}
2026-09-23 10:01:09 [SocketService] [RECIBIDO]| #5 | SID:236 | 3B | report [DATA]: {positions=1}
2026-09-23 10:01:09 [SocketService] [ENVIADO] | [NUEVO] (36B) [KEY]: report [DATA]: {trip=39119, route=1, positions=[{lng=-77.0019978, busstop=0, angle=212, accuracy=8, time=2026-09-23T10:01:08.981635, lat=-12.1420127, speed=20, mark=0}], state=R, sales=0, events=[], direction=false}
2026-09-23 10:01:09 [PositionRepository] 📤 Enviando 1 (batch=2, pendientes=1)
2026-09-23 10:01:08 [LocationTrackingService] GPS desactivado - Pulso cada 5 min acc:8.872m
2026-09-23 10:00:58 [SocketMessageDispatcher] Mensaje: Header: backward_datero_hide, Data: {pad=132, geofence=49, delta=12, orden=0, id=2853920472}
2026-09-23 10:00:58 [SocketMessageDispatcher] Mensaje: Header: forward_datero_hide, Data: {trip=39119, geofence=70, time=2026-09-23T09:53:03, dateros=[{delta=25, padron=124}, {delta=40, padron=128}, {delta=7, padron=146}, {delta=11, padron=107}, {delta=12, padron=131}]}
2026-09-23 10:00:58 [SocketMessageDispatcher] Mensaje: Header: salida, Data: {lado=false, estado=R, frecuencia=10, ruta=1, geocerca=70, controles=[{volada=0, tiempo=0, geocerca=1}, {volada=0, tiempo=4, geocerca=5}, {volada=0, tiempo=3, geocerca=6}, {volada=-2, tiempo=2, geocerca=7}, {volada=-1, tiempo=2, geocerca=8}, {volada=5, tiempo=2, geocerca=9}, {volada=3, tiempo=3, geocerca=10}, {volada=9, tiempo=2, geocerca=11}, {volada=8, tiempo=4, geocerca=12}, {volada=5, tiempo=4, geocerca=13}, {volada=6, tiempo=2, geocerca=14}, {volada=7, tiempo=2, geocerca=17}, {volada=9, tiempo=2, geocerca=15}, {volada=14, tiempo=3, geocerca=16}, {volada=21, tiempo=3, geocerca=18}, {volada=24, tiempo=5, geocerca=19}, {volada=25, tiempo=5, geocerca=20}, {volada=29, tiempo=4, geocerca=21}, {volada=32, tiempo=4, geocerca=2}, {volada=41, tiempo=0, geocerca=39}, {volada=52, tiempo=0, geocerca=40}, {volada=63, tiempo=0, geocerca=41}, {volada=69, tiempo=0, geocerca=42}, {volada=72, tiempo=0, geocerca=43}, {volada=77, tiempo=0, geocerca=44}, {volada=84, tiempo=0, geocerca=45}, {volada=95, tiempo=7, geocerca=46}, {volada=97, tiempo=10, geocerca=47}, {volada=101, tiempo=9, geocerca=48}, {volada=108, tiempo=8, geocerca=49}, {volada=108, tiempo=12, geocerca=70}, {volada=0, tiempo=12, geocerca=50}, {volada=0, tiempo=6, geocerca=71}, {volada=0, tiempo=6, geocerca=51}, {volada=0, tiempo=10, geocerca=72}, {volada=0, tiempo=5, geocerca=52}, {volada=0, tiempo=0, geocerca=164}], inicio=2026-09-23T06:23, marcados=[false, false, false, true, true, true, true, true, true, true, true, true, true, true, true, true, true, true, true, true, true, true, true, true, true, true, true, true, true, true, true, false, false, false, false, false, false], id=39119, conductor=131}
2026-09-23 10:00:58 [SocketService] [RECIBIDO]| #4 | SID:236 | 20B | backward_datero_hide [DATA]: {pad=132, geofence=49, delta=12, orden=0, id=2853920472}
2026-09-23 10:00:58 [SocketService] [RECIBIDO]| #3 | SID:236 | 31B | forward_datero_hide [DATA]: {trip=39119, geofence=70, time=2026-09-23T09:53:03, dateros=[{delta=25, padron=124}, {delta=40, padron=128}, {delta=7, padron=146}, {delta=11, padron=107}, {delta=12, padron=131}]}
2026-09-23 10:00:57 [SocketService] [RECIBIDO]| #2 | SID:236 | 251B | salida [DATA]: {lado=false, estado=R, frecuencia=10, ruta=1, geocerca=70, controles=[{volada=0, tiempo=0, geocerca=1}, {volada=0, tiempo=4, geocerca=5}, {volada=0, tiempo=3, geocerca=6}, {volada=-2, tiempo=2, geocerca=7}, {volada=-1, tiempo=2, geocerca=8}, {volada=5, tiempo=2, geocerca=9}, {volada=3, tiempo=3, geocerca=10}, {volada=9, tiempo=2, geocerca=11}, {volada=8, tiempo=4, geocerca=12}, {volada=5, tiempo=4, geocerca=13}, {volada=6, tiempo=2, geocerca=14}, {volada=7, tiempo=2, geocerca=17}, {volada=9, tiempo=2, geocerca=15}, {volada=14, tiempo=3, geocerca=16}, {volada=21, tiempo=3, geocerca=18}, {volada=24, tiempo=5, geocerca=19}, {volada=25, tiempo=5, geocerca=20}, {volada=29, tiempo=4, geocerca=21}, {volada=32, tiempo=4, geocerca=2}, {volada=41, tiempo=0, geocerca=39}, {volada=52, tiempo=0, geocerca=40}, {volada=63, tiempo=0, geocerca=41}, {volada=69, tiempo=0, geocerca=42}, {volada=72, tiempo=0, geocerca=43}, {volada=77, tiempo=0, geocerca=44}, {volada=84, tiempo=0, geocerca=45}, {volada=95, tiempo=7, geocerca=46}, {volada=97, tiempo=10, geocerca=47}, {volada=101, tiempo=9, geocerca=48}, {volada=108, tiempo=8, geocerca=49}, {volada=108, tiempo=12, geocerca=70}, {volada=0, tiempo=12, geocerca=50}, {volada=0, tiempo=6, geocerca=71}, {volada=0, tiempo=6, geocerca=51}, {volada=0, tiempo=10, geocerca=72}, {volada=0, tiempo=5, geocerca=52}, {volada=0, tiempo=0, geocerca=164}], inicio=2026-09-23T06:23, marcados=[false, false, false, true, true, true, true, true, true, true, true, true, true, true, true, true, true, true, true, true, true, true, true, true, true, true, true, true, true, true, true, false, false, false, false, false, false], id=39119, conductor=131}
2026-09-23 10:00:57 [SocketService] [ENVIADO] | [NUEVO] (3B) [KEY]: backward_datero [DATA]: {id=0}
2026-09-23 10:00:57 [SocketService] [ENVIADO] | [NUEVO] (7B) [KEY]: salida [DATA]: {limit=0, salida=39119}
2026-09-23 10:00:57 [SocketService] [ENVIADO] | [NUEVO] (4B) [KEY]: forward_datero [DATA]: {id=0}
2026-09-23 10:00:57 [SocketMessageDispatcher] ✅ Login confirmado por servidor (sesión OK)
2026-09-23 10:00:57 [SocketMessageDispatcher] Mensaje: Header: login, Data: {voice=true, orientation=false, contactless=false, data=2026-09-23T10:00:57, ticket=true, geofence=70, gps=false, schedule=06:33, ads=false, route=1, trip=39119, driver=null, calls=true, padron=124, id=15, state=R, map=false, placa=BCG906, direction=false, order=1}
2026-09-23 10:00:57 [SocketService] [RECIBIDO]| #1 | SID:236 | 35B | login [DATA]: {voice=true, orientation=false, contactless=false, data=2026-09-23T10:00:57, ticket=true, geofence=70, gps=false, schedule=06:33, ads=false, route=1, trip=39119, driver=null, calls=true, padron=124, id=15, state=R, map=false, placa=BCG906, direction=false, order=1}
2026-09-23 10:00:56 [SocketService] 🔒 WakeLock + WifiLock adquiridos
2026-09-23 10:00:56 [SocketService] [ENVIADO] | [NUEVO] (18B) [KEY]: login [DATA]: {serial=864255060447047}
2026-09-23 10:00:56 [SocketService] 🔑 Enviando login handshake (864255060447047)
2026-09-23 10:00:56 [ERROR-SocketService] ℹ️ Reconexión cancelada
2026-09-23 10:00:56 [SocketService] ✅ CONECTADO [ID: 236] en 75504827ms - Code: 101
2026-09-23 10:00:56 [SocketService] 🔄 Conectando [ID: 236] a ws://34.71.11.201:22222?schema=android&gps=true&console=true&version=2
2026-09-23 10:00:56 [SocketService] ✅ Recursos completamente limpiados
2026-09-23 10:00:56 [GpsViewModel] No hay conexión. Se omite procesamiento.
2026-09-23 10:00:56 [SocketService] 🔄 Reconexión #1 en 1808ms
2026-09-23 10:00:56 [SocketService] 🔄 Nuevo Socket ID: 236
2026-09-23 10:00:56 [ERROR-SocketService] ❌ [onFailure] [ID: 235]: Socket closed
2026-09-23 10:00:56 [SocketService] 🧹 Limpiando recursos [ID: 235]
2026-09-23 10:00:56 [SocketService] ⏰ Watchdog: 142995ms sin mensajes, forzando reconexión
2026-09-23 10:00:14 [ParaderoManager] Paradero más cercano: Paradero(id=24, lado=true, ruta=Ruta(id=1, codigo=1493, inicio=null, activo=false), activo=true, nombre=AYACUCHO, orden=3, latitud=-12.142516631179914, liquidar=false, longitud=-77.00262900465361, radio=45.0, velocidad=50.0, terminal=false, audio=AYACUCHO)
2026-09-23 09:58:27 [SocketMessageDispatcher] Mensaje: Header: backward_datero_hide, Data: {pad=132, geofence=49, delta=12, orden=0, id=2853920472}
2026-09-23 09:58:27 [SocketMessageDispatcher] Mensaje: Header: forward_datero_hide, Data: {trip=39119, geofence=70, time=2026-09-23T09:53:03, dateros=[{delta=25, padron=124}, {delta=40, padron=128}, {delta=7, padron=146}, {delta=11, padron=107}, {delta=12, padron=131}]}
2026-09-23 09:58:27 [SocketMessageDispatcher] Mensaje: Header: salida, Data: {lado=false, estado=R, frecuencia=10, ruta=1, geocerca=70, controles=[{volada=0, tiempo=0, geocerca=1}, {volada=0, tiempo=4, geocerca=5}, {volada=0, tiempo=3, geocerca=6}, {volada=-2, tiempo=2, geocerca=7}, {volada=-1, tiempo=2, geocerca=8}, {volada=5, tiempo=2, geocerca=9}, {volada=3, tiempo=3, geocerca=10}, {volada=9, tiempo=2, geocerca=11}, {volada=8, tiempo=4, geocerca=12}, {volada=5, tiempo=4, geocerca=13}, {volada=6, tiempo=2, geocerca=14}, {volada=7, tiempo=2, geocerca=17}, {volada=9, tiempo=2, geocerca=15}, {volada=14, tiempo=3, geocerca=16}, {volada=21, tiempo=3, geocerca=18}, {volada=24, tiempo=5, geocerca=19}, {volada=25, tiempo=5, geocerca=20}, {volada=29, tiempo=4, geocerca=21}, {volada=32, tiempo=4, geocerca=2}, {volada=41, tiempo=0, geocerca=39}, {volada=52, tiempo=0, geocerca=40}, {volada=63, tiempo=0, geocerca=41}, {volada=69, tiempo=0, geocerca=42}, {volada=72, tiempo=0, geocerca=43}, {volada=77, tiempo=0, geocerca=44}, {volada=84, tiempo=0, geocerca=45}, {volada=95, tiempo=7, geocerca=46}, {volada=97, tiempo=10, geocerca=47}, {volada=101, tiempo=9, geocerca=48}, {volada=108, tiempo=8, geocerca=49}, {volada=108, tiempo=12, geocerca=70}, {volada=0, tiempo=12, geocerca=50}, {volada=0, tiempo=6, geocerca=71}, {volada=0, tiempo=6, geocerca=51}, {volada=0, tiempo=10, geocerca=72}, {volada=0, tiempo=5, geocerca=52}, {volada=0, tiempo=0, geocerca=164}], inicio=2026-09-23T06:23, marcados=[false, false, false, true, true, true, true, true, true, true, true, true, true, true, true, true, true, true, true, true, true, true, true, true, true, true, true, true, true, true, true, false, false, false, false, false, false], id=39119, conductor=131}
2026-09-23 09:58:27 [SocketService] [RECIBIDO]| #4 | SID:235 | 20B | backward_datero_hide [DATA]: {pad=132, geofence=49, delta=12, orden=0, id=2853920472}
2026-09-23 09:58:27 [SocketService] [RECIBIDO]| #3 | SID:235 | 31B | forward_datero_hide [DATA]: {trip=39119, geofence=70, time=2026-09-23T09:53:03, dateros=[{delta=25, padron=124}, {delta=40, padron=128}, {delta=7, padron=146}, {delta=11, padron=107}, {delta=12, padron=131}]}
2026-09-23 09:58:26 [SocketService] [RECIBIDO]| #2 | SID:235 | 251B | salida [DATA]: {lado=false, estado=R, frecuencia=10, ruta=1, geocerca=70, controles=[{volada=0, tiempo=0, geocerca=1}, {volada=0, tiempo=4, geocerca=5}, {volada=0, tiempo=3, geocerca=6}, {volada=-2, tiempo=2, geocerca=7}, {volada=-1, tiempo=2, geocerca=8}, {volada=5, tiempo=2, geocerca=9}, {volada=3, tiempo=3, geocerca=10}, {volada=9, tiempo=2, geocerca=11}, {volada=8, tiempo=4, geocerca=12}, {volada=5, tiempo=4, geocerca=13}, {volada=6, tiempo=2, geocerca=14}, {volada=7, tiempo=2, geocerca=17}, {volada=9, tiempo=2, geocerca=15}, {volada=14, tiempo=3, geocerca=16}, {volada=21, tiempo=3, geocerca=18}, {volada=24, tiempo=5, geocerca=19}, {volada=25, tiempo=5, geocerca=20}, {volada=29, tiempo=4, geocerca=21}, {volada=32, tiempo=4, geocerca=2}, {volada=41, tiempo=0, geocerca=39}, {volada=52, tiempo=0, geocerca=40}, {volada=63, tiempo=0, geocerca=41}, {volada=69, tiempo=0, geocerca=42}, {volada=72, tiempo=0, geocerca=43}, {volada=77, tiempo=0, geocerca=44}, {volada=84, tiempo=0, geocerca=45}, {volada=95, tiempo=7, geocerca=46}, {volada=97, tiempo=10, geocerca=47}, {volada=101, tiempo=9, geocerca=48}, {volada=108, tiempo=8, geocerca=49}, {volada=108, tiempo=12, geocerca=70}, {volada=0, tiempo=12, geocerca=50}, {volada=0, tiempo=6, geocerca=71}, {volada=0, tiempo=6, geocerca=51}, {volada=0, tiempo=10, geocerca=72}, {volada=0, tiempo=5, geocerca=52}, {volada=0, tiempo=0, geocerca=164}], inicio=2026-09-23T06:23, marcados=[false, false, false, true, true, true, true, true, true, true, true, true, true, true, true, true, true, true, true, true, true, true, true, true, true, true, true, true, true, true, true, false, false, false, false, false, false], id=39119, conductor=131}
2026-09-23 09:58:26 [SocketService] [ENVIADO] | [NUEVO] (3B) [KEY]: backward_datero [DATA]: {id=0}
2026-09-23 09:58:26 [SocketService] [ENVIADO] | [NUEVO] (4B) [KEY]: forward_datero [DATA]: {id=0}
2026-09-23 09:58:26 [SocketService] [ENVIADO] | [NUEVO] (7B) [KEY]: salida [DATA]: {limit=0, salida=39119}
2026-09-23 09:58:26 [SocketMessageDispatcher] ✅ Login confirmado por servidor (sesión OK)
2026-09-23 09:58:26 [SocketMessageDispatcher] Mensaje: Header: login, Data: {voice=true, orientation=false, contactless=false, data=2026-09-23T09:58:26, ticket=true, geofence=70, gps=false, schedule=06:33, ads=false, route=1, trip=39119, driver=null, calls=true, padron=124, id=15, state=R, map=false, placa=BCG906, direction=false, order=1}
2026-09-23 09:58:26 [SocketService] [RECIBIDO]| #1 | SID:235 | 35B | login [DATA]: {voice=true, orientation=false, contactless=false, data=2026-09-23T09:58:26, ticket=true, geofence=70, gps=false, schedule=06:33, ads=false, route=1, trip=39119, driver=null, calls=true, padron=124, id=15, state=R, map=false, placa=BCG906, direction=false, order=1}
2026-09-23 09:58:26 [SocketService] 🔒 WakeLock + WifiLock adquiridos
2026-09-23 09:58:26 [SocketService] [ENVIADO] | [NUEVO] (18B) [KEY]: login [DATA]: {serial=864255060447047}
2026-09-23 09:58:26 [SocketService] 🔑 Enviando login handshake (864255060447047)
2026-09-23 09:58:26 [SocketService] ✅ CONECTADO [ID: 235] en 75354308ms - Code: 101
2026-09-23 09:58:25 [SocketService] ✅ Recursos completamente limpiados
2026-09-23 09:58:25 [SocketService] 🔄 Conectando [ID: 235] a ws://34.71.11.201:22222?schema=android&gps=true&console=true&version=2
2026-09-23 09:58:25 [GpsViewModel] No hay conexión. Se omite procesamiento.
2026-09-23 09:58:25 [SocketService] 🔄 Nuevo Socket ID: 235
2026-09-23 09:58:25 [SocketService] 🧹 Limpiando recursos [ID: 234]
2026-09-23 09:58:25 [SocketService] ⏰ Watchdog: 138492ms sin mensajes, forzando reconexión
2026-09-23 09:57:29 [ProtectorVM] TEMP: 40.3C -> cap térmico 98%
2026-09-23 09:57:29 [ProtectorVM] temp: 40.3C
2026-09-23 09:56:06 [SocketMessageDispatcher] Mensaje: Header: report, Data: {positions=1}
2026-09-23 09:56:06 [SocketService] [RECIBIDO]| #5 | SID:234 | 3B | report [DATA]: {positions=1}
2026-09-23 09:56:06 [SocketService] [ENVIADO] | [NUEVO] (36B) [KEY]: report [DATA]: {trip=39119, route=1, positions=[{lng=-76.9976411, busstop=0, angle=155, accuracy=4, time=2026-09-23T09:56:05.972559, lat=-12.134136, speed=4, mark=0}], state=R, sales=0, events=[], direction=false}
2026-09-23 09:56:05 [PositionRepository] 📤 Enviando 1 (batch=2, pendientes=1)
2026-09-23 09:56:05 [LocationTrackingService] GPS desactivado - Pulso cada 5 min acc:4.149m
2026-09-23 09:55:58 [SocketMessageDispatcher] Mensaje: Header: salida, Data: {lado=false, estado=R, frecuencia=10, ruta=1, geocerca=70, controles=[{volada=0, tiempo=0, geocerca=1}, {volada=0, tiempo=4, geocerca=5}, {volada=0, tiempo=3, geocerca=6}, {volada=-2, tiempo=2, geocerca=7}, {volada=-1, tiempo=2, geocerca=8}, {volada=5, tiempo=2, geocerca=9}, {volada=3, tiempo=3, geocerca=10}, {volada=9, tiempo=2, geocerca=11}, {volada=8, tiempo=4, geocerca=12}, {volada=5, tiempo=4, geocerca=13}, {volada=6, tiempo=2, geocerca=14}, {volada=7, tiempo=2, geocerca=17}, {volada=9, tiempo=2, geocerca=15}, {volada=14, tiempo=3, geocerca=16}, {volada=21, tiempo=3, geocerca=18}, {volada=24, tiempo=5, geocerca=19}, {volada=25, tiempo=5, geocerca=20}, {volada=29, tiempo=4, geocerca=21}, {volada=32, tiempo=4, geocerca=2}, {volada=41, tiempo=0, geocerca=39}, {volada=52, tiempo=0, geocerca=40}, {volada=63, tiempo=0, geocerca=41}, {volada=69, tiempo=0, geocerca=42}, {volada=72, tiempo=0, geocerca=43}, {volada=77, tiempo=0, geocerca=44}, {volada=84, tiempo=0, geocerca=45}, {volada=95, tiempo=7, geocerca=46}, {volada=97, tiempo=10, geocerca=47}, {volada=101, tiempo=9, geocerca=48}, {volada=108, tiempo=8, geocerca=49}, {volada=108, tiempo=12, geocerca=70}, {volada=0, tiempo=12, geocerca=50}, {volada=0, tiempo=6, geocerca=71}, {volada=0, tiempo=6, geocerca=51}, {volada=0, tiempo=10, geocerca=72}, {volada=0, tiempo=5, geocerca=52}, {volada=0, tiempo=0, geocerca=164}], inicio=2026-09-23T06:23, marcados=[false, false, false, true, true, true, true, true, true, true, true, true, true, true, true, true, true, true, true, true, true, true, true, true, true, true, true, true, true, true, true, false, false, false, false, false, false], id=39119, conductor=131}
2026-09-23 09:55:58 [SocketService] [RECIBIDO]| #4 | SID:234 | 251B | salida [DATA]: {lado=false, estado=R, frecuencia=10, ruta=1, geocerca=70, controles=[{volada=0, tiempo=0, geocerca=1}, {volada=0, tiempo=4, geocerca=5}, {volada=0, tiempo=3, geocerca=6}, {volada=-2, tiempo=2, geocerca=7}, {volada=-1, tiempo=2, geocerca=8}, {volada=5, tiempo=2, geocerca=9}, {volada=3, tiempo=3, geocerca=10}, {volada=9, tiempo=2, geocerca=11}, {volada=8, tiempo=4, geocerca=12}, {volada=5, tiempo=4, geocerca=13}, {volada=6, tiempo=2, geocerca=14}, {volada=7, tiempo=2, geocerca=17}, {volada=9, tiempo=2, geocerca=15}, {volada=14, tiempo=3, geocerca=16}, {volada=21, tiempo=3, geocerca=18}, {volada=24, tiempo=5, geocerca=19}, {volada=25, tiempo=5, geocerca=20}, {volada=29, tiempo=4, geocerca=21}, {volada=32, tiempo=4, geocerca=2}, {volada=41, tiempo=0, geocerca=39}, {volada=52, tiempo=0, geocerca=40}, {volada=63, tiempo=0, geocerca=41}, {volada=69, tiempo=0, geocerca=42}, {volada=72, tiempo=0, geocerca=43}, {volada=77, tiempo=0, geocerca=44}, {volada=84, tiempo=0, geocerca=45}, {volada=95, tiempo=7, geocerca=46}, {volada=97, tiempo=10, geocerca=47}, {volada=101, tiempo=9, geocerca=48}, {volada=108, tiempo=8, geocerca=49}, {volada=108, tiempo=12, geocerca=70}, {volada=0, tiempo=12, geocerca=50}, {volada=0, tiempo=6, geocerca=71}, {volada=0, tiempo=6, geocerca=51}, {volada=0, tiempo=10, geocerca=72}, {volada=0, tiempo=5, geocerca=52}, {volada=0, tiempo=0, geocerca=164}], inicio=2026-09-23T06:23, marcados=[false, false, false, true, true, true, true, true, true, true, true, true, true, true, true, true, true, true, true, true, true, true, true, true, true, true, true, true, true, true, true, false, false, false, false, false, false], id=39119, conductor=131}
2026-09-23 09:55:57 [SocketMessageDispatcher] Mensaje: Header: backward_datero_hide, Data: {pad=132, geofence=49, delta=12, orden=0, id=2853920472}
2026-09-23 09:55:57 [SocketService] [RECIBIDO]| #3 | SID:234 | 20B | backward_datero_hide [DATA]: {pad=132, geofence=49, delta=12, orden=0, id=2853920472}
2026-09-23 09:55:57 [SocketMessageDispatcher] Mensaje: Header: forward_datero_hide, Data: {trip=39119, geofence=70, time=2026-09-23T09:53:03, dateros=[{delta=25, padron=124}, {delta=40, padron=128}, {delta=7, padron=146}, {delta=11, padron=107}, {delta=12, padron=131}]}
2026-09-23 09:55:57 [SocketService] [RECIBIDO]| #2 | SID:234 | 31B | forward_datero_hide [DATA]: {trip=39119, geofence=70, time=2026-09-23T09:53:03, dateros=[{delta=25, padron=124}, {delta=40, padron=128}, {delta=7, padron=146}, {delta=11, padron=107}, {delta=12, padron=131}]}
2026-09-23 09:55:56 [SocketService] [ENVIADO] | [NUEVO] (3B) [KEY]: backward_datero [DATA]: {id=0}
2026-09-23 09:55:56 [SocketService] [ENVIADO] | [NUEVO] (4B) [KEY]: forward_datero [DATA]: {id=0}
2026-09-23 09:55:56 [SocketService] [ENVIADO] | [NUEVO] (7B) [KEY]: salida [DATA]: {limit=0, salida=39119}
2026-09-23 09:55:56 [SocketMessageDispatcher] ✅ Login confirmado por servidor (sesión OK)
2026-09-23 09:55:56 [SocketMessageDispatcher] Mensaje: Header: login, Data: {voice=true, orientation=false, contactless=false, data=2026-09-23T09:55:56, ticket=true, geofence=70, gps=false, schedule=06:33, ads=false, route=1, trip=39119, driver=null, calls=true, padron=124, id=15, state=R, map=false, placa=BCG906, direction=false, order=1}
2026-09-23 09:55:56 [SocketService] [RECIBIDO]| #1 | SID:234 | 35B | login [DATA]: {voice=true, orientation=false, contactless=false, data=2026-09-23T09:55:56, ticket=true, geofence=70, gps=false, schedule=06:33, ads=false, route=1, trip=39119, driver=null, calls=true, padron=124, id=15, state=R, map=false, placa=BCG906, direction=false, order=1}
2026-09-23 09:55:55 [SocketService] 🔒 WakeLock + WifiLock adquiridos
2026-09-23 09:55:55 [SocketService] [ENVIADO] | [NUEVO] (18B) [KEY]: login [DATA]: {serial=864255060447047}
2026-09-23 09:55:55 [SocketService] 🔑 Enviando login handshake (864255060447047)
2026-09-23 09:55:55 [SocketService] ✅ CONECTADO [ID: 234] en 75203600ms - Code: 101
2026-09-23 09:55:53 [SocketService] 🔄 Conectando [ID: 234] a ws://34.71.11.201:22222?schema=android&gps=true&console=true&version=2
2026-09-23 09:55:53 [SocketService] ✅ Recursos completamente limpiados
2026-09-23 09:55:53 [GpsViewModel] No hay conexión. Se omite procesamiento.
2026-09-23 09:55:53 [SocketService] 🔄 Nuevo Socket ID: 234
2026-09-23 09:55:53 [SocketService] 🧹 Limpiando recursos [ID: 233]
2026-09-23 09:55:53 [SocketService] ⏰ Watchdog: 140707ms sin mensajes, forzando reconexión
2026-09-23 09:53:28 [SocketMessageDispatcher] Mensaje: Header: backward_datero, Data: {pad=132, geofence=49, delta=12, orden=0, id=2853920472}
2026-09-23 09:53:28 [SocketService] [RECIBIDO]| #8 | SID:233 | 19B | backward_datero [DATA]: {pad=132, geofence=49, delta=12, orden=0, id=2853920472}
2026-09-23 09:53:05 [SocketMessageDispatcher] Mensaje: Header: forward_datero, Data: {trip=39119, geofence=70, time=2026-09-23T09:53:03, dateros=[{delta=25, padron=124}, {delta=40, padron=128}, {delta=7, padron=146}, {delta=11, padron=107}, {delta=12, padron=131}]}
2026-09-23 09:53:05 [SocketService] [RECIBIDO]| #7 | SID:233 | 32B | forward_datero [DATA]: {trip=39119, geofence=70, time=2026-09-23T09:53:03, dateros=[{delta=25, padron=124}, {delta=40, padron=128}, {delta=7, padron=146}, {delta=11, padron=107}, {delta=12, padron=131}]}
2026-09-23 09:53:05 [SocketMessageDispatcher] Mensaje: Header: mark, Data: {volada=108, trip=39119, geofence=70, id=1135738, state=M, timestamp=2026-09-23T09:53:03}
2026-09-23 09:53:05 [SocketService] [RECIBIDO]| #6 | SID:233 | 25B | mark [DATA]: {volada=108, trip=39119, geofence=70, id=1135738, state=M, timestamp=2026-09-23T09:53:03}
2026-09-23 09:52:44 [ParaderoManager] Paradero más cercano: Paradero(id=25, lado=true, ruta=Ruta(id=1, codigo=1493, inicio=null, activo=false), activo=true, nombre=M. CASTILLA, orden=4, latitud=-12.139615134357113, liquidar=false, longitud=-76.99948902487769, radio=45.1160951652953, velocidad=50.0, terminal=false, audio=M. CASTILLA)
2026-09-23 09:52:29 [ProtectorVM] TEMP: 40.0C -> cap térmico 100%
2026-09-23 09:52:29 [ProtectorVM] temp: 40.0C
2026-09-23 09:51:56 [ParaderoManager] Paradero más cercano: Paradero(id=23, lado=true, ruta=Ruta(id=1, codigo=1493, inicio=null, activo=false), activo=true, nombre=VIA EXPRESA SUR, orden=2, latitud=-12.138100677539216, liquidar=false, longitud=-77.01125073612509, radio=45.0, velocidad=50.0, terminal=false, audio=VIA EXPRESA SUR)
2026-09-23 09:51:06 [SocketMessageDispatcher] Mensaje: Header: report, Data: {positions=1}
2026-09-23 09:51:06 [SocketService] [RECIBIDO]| #5 | SID:233 | 3B | report [DATA]: {positions=1}
2026-09-23 09:51:06 [SocketService] [ENVIADO] | [NUEVO] (36B) [KEY]: report [DATA]: {trip=39119, route=1, positions=[{lng=-77.0097107, busstop=0, angle=0, accuracy=9, time=2026-09-23T09:51:05.970687, lat=-12.1276083, speed=0, mark=0}], state=R, sales=0, events=[], direction=false}
2026-09-23 09:51:06 [PositionRepository] 📤 Enviando 1 (batch=2, pendientes=1)
2026-09-23 09:51:05 [LocationTrackingService] GPS desactivado - Pulso cada 5 min acc:9.656m
2026-09-23 09:50:54 [SocketMessageDispatcher] Mensaje: Header: backward_datero_hide, Data: {pad=132, geofence=48, delta=11, orden=0, id=7458625846}
2026-09-23 09:50:54 [SocketMessageDispatcher] Mensaje: Header: forward_datero_hide, Data: {trip=39119, geofence=49, time=2026-09-23T09:41:50, dateros=[{delta=19, padron=124}, {delta=39, padron=128}, {delta=8, padron=146}, {delta=12, padron=107}, {delta=17, padron=131}]}
2026-09-23 09:50:54 [SocketMessageDispatcher] Mensaje: Header: salida, Data: {lado=false, estado=R, frecuencia=10, ruta=1, geocerca=49, controles=[{volada=0, tiempo=0, geocerca=1}, {volada=0, tiempo=4, geocerca=5}, {volada=0, tiempo=3, geocerca=6}, {volada=-2, tiempo=2, geocerca=7}, {volada=-1, tiempo=2, geocerca=8}, {volada=5, tiempo=2, geocerca=9}, {volada=3, tiempo=3, geocerca=10}, {volada=9, tiempo=2, geocerca=11}, {volada=8, tiempo=4, geocerca=12}, {volada=5, tiempo=4, geocerca=13}, {volada=6, tiempo=2, geocerca=14}, {volada=7, tiempo=2, geocerca=17}, {volada=9, tiempo=2, geocerca=15}, {volada=14, tiempo=3, geocerca=16}, {volada=21, tiempo=3, geocerca=18}, {volada=24, tiempo=5, geocerca=19}, {volada=25, tiempo=5, geocerca=20}, {volada=29, tiempo=4, geocerca=21}, {volada=32, tiempo=4, geocerca=2}, {volada=41, tiempo=0, geocerca=39}, {volada=52, tiempo=0, geocerca=40}, {volada=63, tiempo=0, geocerca=41}, {volada=69, tiempo=0, geocerca=42}, {volada=72, tiempo=0, geocerca=43}, {volada=77, tiempo=0, geocerca=44}, {volada=84, tiempo=0, geocerca=45}, {volada=95, tiempo=7, geocerca=46}, {volada=97, tiempo=10, geocerca=47}, {volada=101, tiempo=9, geocerca=48}, {volada=108, tiempo=8, geocerca=49}, {volada=0, tiempo=12, geocerca=70}, {volada=0, tiempo=12, geocerca=50}, {volada=0, tiempo=6, geocerca=71}, {volada=0, tiempo=6, geocerca=51}, {volada=0, tiempo=10, geocerca=72}, {volada=0, tiempo=5, geocerca=52}, {volada=0, tiempo=0, geocerca=164}], inicio=2026-09-23T06:23, marcados=[false, false, false, true, true, true, true, true, true, true, true, true, true, true, true, true, true, true, true, true, true, true, true, true, true, true, true, true, true, true, false, false, false, false, false, false, false], id=39119, conductor=131}
2026-09-23 09:50:54 [SocketService] [RECIBIDO]| #4 | SID:233 | 20B | backward_datero_hide [DATA]: {pad=132, geofence=48, delta=11, orden=0, id=7458625846}
2026-09-23 09:50:54 [SocketService] [RECIBIDO]| #3 | SID:233 | 31B | forward_datero_hide [DATA]: {trip=39119, geofence=49, time=2026-09-23T09:41:50, dateros=[{delta=19, padron=124}, {delta=39, padron=128}, {delta=8, padron=146}, {delta=12, padron=107}, {delta=17, padron=131}]}
2026-09-23 09:50:54 [SocketService] [RECIBIDO]| #2 | SID:233 | 251B | salida [DATA]: {lado=false, estado=R, frecuencia=10, ruta=1, geocerca=49, controles=[{volada=0, tiempo=0, geocerca=1}, {volada=0, tiempo=4, geocerca=5}, {volada=0, tiempo=3, geocerca=6}, {volada=-2, tiempo=2, geocerca=7}, {volada=-1, tiempo=2, geocerca=8}, {volada=5, tiempo=2, geocerca=9}, {volada=3, tiempo=3, geocerca=10}, {volada=9, tiempo=2, geocerca=11}, {volada=8, tiempo=4, geocerca=12}, {volada=5, tiempo=4, geocerca=13}, {volada=6, tiempo=2, geocerca=14}, {volada=7, tiempo=2, geocerca=17}, {volada=9, tiempo=2, geocerca=15}, {volada=14, tiempo=3, geocerca=16}, {volada=21, tiempo=3, geocerca=18}, {volada=24, tiempo=5, geocerca=19}, {volada=25, tiempo=5, geocerca=20}, {volada=29, tiempo=4, geocerca=21}, {volada=32, tiempo=4, geocerca=2}, {volada=41, tiempo=0, geocerca=39}, {volada=52, tiempo=0, geocerca=40}, {volada=63, tiempo=0, geocerca=41}, {volada=69, tiempo=0, geocerca=42}, {volada=72, tiempo=0, geocerca=43}, {volada=77, tiempo=0, geocerca=44}, {volada=84, tiempo=0, geocerca=45}, {volada=95, tiempo=7, geocerca=46}, {volada=97, tiempo=10, geocerca=47}, {volada=101, tiempo=9, geocerca=48}, {volada=108, tiempo=8, geocerca=49}, {volada=0, tiempo=12, geocerca=70}, {volada=0, tiempo=12, geocerca=50}, {volada=0, tiempo=6, geocerca=71}, {volada=0, tiempo=6, geocerca=51}, {volada=0, tiempo=10, geocerca=72}, {volada=0, tiempo=5, geocerca=52}, {volada=0, tiempo=0, geocerca=164}], inicio=2026-09-23T06:23, marcados=[false, false, false, true, true, true, true, true, true, true, true, true, true, true, true, true, true, true, true, true, true, true, true, true, true, true, true, true, true, true, false, false, false, false, false, false, false], id=39119, conductor=131}
2026-09-23 09:50:53 [SocketService] [ENVIADO] | [NUEVO] (3B) [KEY]: backward_datero [DATA]: {id=0}
2026-09-23 09:50:53 [SocketService] [ENVIADO] | [NUEVO] (4B) [KEY]: forward_datero [DATA]: {id=0}
2026-09-23 09:50:53 [SocketService] [ENVIADO] | [NUEVO] (7B) [KEY]: salida [DATA]: {limit=0, salida=39119}
2026-09-23 09:50:53 [SocketMessageDispatcher] ✅ Login confirmado por servidor (sesión OK)
2026-09-23 09:50:53 [SocketMessageDispatcher] Mensaje: Header: login, Data: {voice=true, orientation=false, contactless=false, data=2026-09-23T09:50:53, ticket=true, geofence=49, gps=false, schedule=06:33, ads=false, route=1, trip=39119, driver=null, calls=true, padron=124, id=15, state=R, map=false, placa=BCG906, direction=false, order=1}
2026-09-23 09:50:53 [SocketService] [RECIBIDO]| #1 | SID:233 | 35B | login [DATA]: {voice=true, orientation=false, contactless=false, data=2026-09-23T09:50:53, ticket=true, geofence=49, gps=false, schedule=06:33, ads=false, route=1, trip=39119, driver=null, calls=true, padron=124, id=15, state=R, map=false, placa=BCG906, direction=false, order=1}
2026-09-23 09:50:53 [SocketService] 🔒 WakeLock + WifiLock adquiridos
2026-09-23 09:50:53 [SocketService] [ENVIADO] | [NUEVO] (18B) [KEY]: login [DATA]: {serial=864255060447047}
2026-09-23 09:50:53 [SocketService] 🔑 Enviando login handshake (864255060447047)
2026-09-23 09:50:53 [SocketService] ✅ CONECTADO [ID: 233] en 74901573ms - Code: 101
2026-09-23 09:50:52 [SocketService] 🔄 Conectando [ID: 233] a ws://34.71.11.201:22222?schema=android&gps=true&console=true&version=2
2026-09-23 09:50:52 [SocketService] ✅ Recursos completamente limpiados
2026-09-23 09:50:52 [GpsViewModel] No hay conexión. Se omite procesamiento.
2026-09-23 09:50:52 [SocketService] 🔄 Nuevo Socket ID: 233
2026-09-23 09:50:52 [SocketService] 🧹 Limpiando recursos [ID: 232]
2026-09-23 09:50:52 [SocketService] ⏰ Watchdog: 140187ms sin mensajes, forzando reconexión
2026-09-23 09:48:24 [SocketMessageDispatcher] Mensaje: Header: backward_datero_hide, Data: {pad=132, geofence=48, delta=11, orden=0, id=7458625846}
2026-09-23 09:48:24 [SocketMessageDispatcher] Mensaje: Header: forward_datero_hide, Data: {trip=39119, geofence=49, time=2026-09-23T09:41:50, dateros=[{delta=19, padron=124}, {delta=39, padron=128}, {delta=8, padron=146}, {delta=12, padron=107}, {delta=17, padron=131}]}
2026-09-23 09:48:24 [SocketMessageDispatcher] Mensaje: Header: salida, Data: {lado=false, estado=R, frecuencia=10, ruta=1, geocerca=49, controles=[{volada=0, tiempo=0, geocerca=1}, {volada=0, tiempo=4, geocerca=5}, {volada=0, tiempo=3, geocerca=6}, {volada=-2, tiempo=2, geocerca=7}, {volada=-1, tiempo=2, geocerca=8}, {volada=5, tiempo=2, geocerca=9}, {volada=3, tiempo=3, geocerca=10}, {volada=9, tiempo=2, geocerca=11}, {volada=8, tiempo=4, geocerca=12}, {volada=5, tiempo=4, geocerca=13}, {volada=6, tiempo=2, geocerca=14}, {volada=7, tiempo=2, geocerca=17}, {volada=9, tiempo=2, geocerca=15}, {volada=14, tiempo=3, geocerca=16}, {volada=21, tiempo=3, geocerca=18}, {volada=24, tiempo=5, geocerca=19}, {volada=25, tiempo=5, geocerca=20}, {volada=29, tiempo=4, geocerca=21}, {volada=32, tiempo=4, geocerca=2}, {volada=41, tiempo=0, geocerca=39}, {volada=52, tiempo=0, geocerca=40}, {volada=63, tiempo=0, geocerca=41}, {volada=69, tiempo=0, geocerca=42}, {volada=72, tiempo=0, geocerca=43}, {volada=77, tiempo=0, geocerca=44}, {volada=84, tiempo=0, geocerca=45}, {volada=95, tiempo=7, geocerca=46}, {volada=97, tiempo=10, geocerca=47}, {volada=101, tiempo=9, geocerca=48}, {volada=108, tiempo=8, geocerca=49}, {volada=0, tiempo=12, geocerca=70}, {volada=0, tiempo=12, geocerca=50}, {volada=0, tiempo=6, geocerca=71}, {volada=0, tiempo=6, geocerca=51}, {volada=0, tiempo=10, geocerca=72}, {volada=0, tiempo=5, geocerca=52}, {volada=0, tiempo=0, geocerca=164}], inicio=2026-09-23T06:23, marcados=[false, false, false, true, true, true, true, true, true, true, true, true, true, true, true, true, true, true, true, true, true, true, true, true, true, true, true, true, true, true, false, false, false, false, false, false, false], id=39119, conductor=131}
2026-09-23 09:48:23 [SocketService] [RECIBIDO]| #4 | SID:232 | 20B | backward_datero_hide [DATA]: {pad=132, geofence=48, delta=11, orden=0, id=7458625846}
2026-09-23 09:48:23 [SocketService] [RECIBIDO]| #3 | SID:232 | 31B | forward_datero_hide [DATA]: {trip=39119, geofence=49, time=2026-09-23T09:41:50, dateros=[{delta=19, padron=124}, {delta=39, padron=128}, {delta=8, padron=146}, {delta=12, padron=107}, {delta=17, padron=131}]}
2026-09-23 09:48:23 [SocketService] [RECIBIDO]| #2 | SID:232 | 251B | salida [DATA]: {lado=false, estado=R, frecuencia=10, ruta=1, geocerca=49, controles=[{volada=0, tiempo=0, geocerca=1}, {volada=0, tiempo=4, geocerca=5}, {volada=0, tiempo=3, geocerca=6}, {volada=-2, tiempo=2, geocerca=7}, {volada=-1, tiempo=2, geocerca=8}, {volada=5, tiempo=2, geocerca=9}, {volada=3, tiempo=3, geocerca=10}, {volada=9, tiempo=2, geocerca=11}, {volada=8, tiempo=4, geocerca=12}, {volada=5, tiempo=4, geocerca=13}, {volada=6, tiempo=2, geocerca=14}, {volada=7, tiempo=2, geocerca=17}, {volada=9, tiempo=2, geocerca=15}, {volada=14, tiempo=3, geocerca=16}, {volada=21, tiempo=3, geocerca=18}, {volada=24, tiempo=5, geocerca=19}, {volada=25, tiempo=5, geocerca=20}, {volada=29, tiempo=4, geocerca=21}, {volada=32, tiempo=4, geocerca=2}, {volada=41, tiempo=0, geocerca=39}, {volada=52, tiempo=0, geocerca=40}, {volada=63, tiempo=0, geocerca=41}, {volada=69, tiempo=0, geocerca=42}, {volada=72, tiempo=0, geocerca=43}, {volada=77, tiempo=0, geocerca=44}, {volada=84, tiempo=0, geocerca=45}, {volada=95, tiempo=7, geocerca=46}, {volada=97, tiempo=10, geocerca=47}, {volada=101, tiempo=9, geocerca=48}, {volada=108, tiempo=8, geocerca=49}, {volada=0, tiempo=12, geocerca=70}, {volada=0, tiempo=12, geocerca=50}, {volada=0, tiempo=6, geocerca=71}, {volada=0, tiempo=6, geocerca=51}, {volada=0, tiempo=10, geocerca=72}, {volada=0, tiempo=5, geocerca=52}, {volada=0, tiempo=0, geocerca=164}], inicio=2026-09-23T06:23, marcados=[false, false, false, true, true, true, true, true, true, true, true, true, true, true, true, true, true, true, true, true, true, true, true, true, true, true, true, true, true, true, false, false, false, false, false, false, false], id=39119, conductor=131}
2026-09-23 09:48:23 [SocketService] [ENVIADO] | [NUEVO] (3B) [KEY]: backward_datero [DATA]: {id=0}
2026-09-23 09:48:23 [SocketService] [ENVIADO] | [NUEVO] (7B) [KEY]: salida [DATA]: {limit=0, salida=39119}
2026-09-23 09:48:23 [SocketService] [ENVIADO] | [NUEVO] (4B) [KEY]: forward_datero [DATA]: {id=0}
2026-09-23 09:48:23 [SocketMessageDispatcher] ✅ Login confirmado por servidor (sesión OK)
2026-09-23 09:48:23 [SocketMessageDispatcher] Mensaje: Header: login, Data: {voice=true, orientation=false, contactless=false, data=2026-09-23T09:48:23, ticket=true, geofence=49, gps=false, schedule=06:33, ads=false, route=1, trip=39119, driver=null, calls=true, padron=124, id=15, state=R, map=false, placa=BCG906, direction=false, order=1}
2026-09-23 09:48:23 [SocketService] [RECIBIDO]| #1 | SID:232 | 35B | login [DATA]: {voice=true, orientation=false, contactless=false, data=2026-09-23T09:48:23, ticket=true, geofence=49, gps=false, schedule=06:33, ads=false, route=1, trip=39119, driver=null, calls=true, padron=124, id=15, state=R, map=false, placa=BCG906, direction=false, order=1}
2026-09-23 09:48:22 [SocketService] 🔒 WakeLock + WifiLock adquiridos
2026-09-23 09:48:22 [SocketService] [ENVIADO] | [NUEVO] (18B) [KEY]: login [DATA]: {serial=864255060447047}
2026-09-23 09:48:22 [SocketService] 🔑 Enviando login handshake (864255060447047)
2026-09-23 09:48:22 [SocketService] ✅ CONECTADO [ID: 232] en 74750910ms - Code: 101
2026-09-23 09:48:22 [SocketService] ✅ Recursos completamente limpiados
2026-09-23 09:48:22 [SocketService] 🔄 Conectando [ID: 232] a ws://34.71.11.201:22222?schema=android&gps=true&console=true&version=2
2026-09-23 09:48:22 [SocketService] 🔄 Nuevo Socket ID: 232
2026-09-23 09:48:22 [GpsViewModel] No hay conexión. Se omite procesamiento.
2026-09-23 09:48:22 [SocketService] 🧹 Limpiando recursos [ID: 231]
2026-09-23 09:48:22 [SocketService] ⏰ Watchdog: 136928ms sin mensajes, forzando reconexión
2026-09-23 09:47:29 [ProtectorVM] TEMP: 39.8C -> cap térmico 100%
2026-09-23 09:47:29 [ProtectorVM] temp: 39.8C
2026-09-23 09:46:05 [SocketMessageDispatcher] Mensaje: Header: report, Data: {positions=1}
2026-09-23 09:46:05 [SocketService] [RECIBIDO]| #5 | SID:231 | 3B | report [DATA]: {positions=1}
2026-09-23 09:46:05 [SocketService] [ENVIADO] | [NUEVO] (36B) [KEY]: report [DATA]: {trip=39119, route=1, positions=[{lng=-77.0110705, busstop=0, angle=82, accuracy=13, time=2026-09-23T09:46:04.985995, lat=-12.1274422, speed=2, mark=0}], state=R, sales=0, events=[], direction=false}
2026-09-23 09:46:05 [PositionRepository] 📤 Enviando 1 (batch=2, pendientes=1)
2026-09-23 09:46:04 [LocationTrackingService] GPS desactivado - Pulso cada 5 min acc:13.085m
2026-09-23 09:45:53 [SocketMessageDispatcher] Mensaje: Header: forward_datero_hide, Data: {trip=39119, geofence=49, time=2026-09-23T09:41:50, dateros=[{delta=19, padron=124}, {delta=39, padron=128}, {delta=8, padron=146}, {delta=12, padron=107}, {delta=17, padron=131}]}
2026-09-23 09:45:53 [SocketMessageDispatcher] Mensaje: Header: backward_datero_hide, Data: {pad=132, geofence=48, delta=11, orden=0, id=7458625846}
2026-09-23 09:45:53 [SocketMessageDispatcher] Mensaje: Header: salida, Data: {lado=false, estado=R, frecuencia=10, ruta=1, geocerca=49, controles=[{volada=0, tiempo=0, geocerca=1}, {volada=0, tiempo=4, geocerca=5}, {volada=0, tiempo=3, geocerca=6}, {volada=-2, tiempo=2, geocerca=7}, {volada=-1, tiempo=2, geocerca=8}, {volada=5, tiempo=2, geocerca=9}, {volada=3, tiempo=3, geocerca=10}, {volada=9, tiempo=2, geocerca=11}, {volada=8, tiempo=4, geocerca=12}, {volada=5, tiempo=4, geocerca=13}, {volada=6, tiempo=2, geocerca=14}, {volada=7, tiempo=2, geocerca=17}, {volada=9, tiempo=2, geocerca=15}, {volada=14, tiempo=3, geocerca=16}, {volada=21, tiempo=3, geocerca=18}, {volada=24, tiempo=5, geocerca=19}, {volada=25, tiempo=5, geocerca=20}, {volada=29, tiempo=4, geocerca=21}, {volada=32, tiempo=4, geocerca=2}, {volada=41, tiempo=0, geocerca=39}, {volada=52, tiempo=0, geocerca=40}, {volada=63, tiempo=0, geocerca=41}, {volada=69, tiempo=0, geocerca=42}, {volada=72, tiempo=0, geocerca=43}, {volada=77, tiempo=0, geocerca=44}, {volada=84, tiempo=0, geocerca=45}, {volada=95, tiempo=7, geocerca=46}, {volada=97, tiempo=10, geocerca=47}, {volada=101, tiempo=9, geocerca=48}, {volada=108, tiempo=8, geocerca=49}, {volada=0, tiempo=12, geocerca=70}, {volada=0, tiempo=12, geocerca=50}, {volada=0, tiempo=6, geocerca=71}, {volada=0, tiempo=6, geocerca=51}, {volada=0, tiempo=10, geocerca=72}, {volada=0, tiempo=5, geocerca=52}, {volada=0, tiempo=0, geocerca=164}], inicio=2026-09-23T06:23, marcados=[false, false, false, true, true, true, true, true, true, true, true, true, true, true, true, true, true, true, true, true, true, true, true, true, true, true, true, true, true, true, false, false, false, false, false, false, false], id=39119, conductor=131}
2026-09-23 09:45:53 [SocketService] [RECIBIDO]| #4 | SID:231 | 31B | forward_datero_hide [DATA]: {trip=39119, geofence=49, time=2026-09-23T09:41:50, dateros=[{delta=19, padron=124}, {delta=39, padron=128}, {delta=8, padron=146}, {delta=12, padron=107}, {delta=17, padron=131}]}
2026-09-23 09:45:53 [SocketService] [RECIBIDO]| #3 | SID:231 | 20B | backward_datero_hide [DATA]: {pad=132, geofence=48, delta=11, orden=0, id=7458625846}
2026-09-23 09:45:52 [SocketService] [RECIBIDO]| #2 | SID:231 | 251B | salida [DATA]: {lado=false, estado=R, frecuencia=10, ruta=1, geocerca=49, controles=[{volada=0, tiempo=0, geocerca=1}, {volada=0, tiempo=4, geocerca=5}, {volada=0, tiempo=3, geocerca=6}, {volada=-2, tiempo=2, geocerca=7}, {volada=-1, tiempo=2, geocerca=8}, {volada=5, tiempo=2, geocerca=9}, {volada=3, tiempo=3, geocerca=10}, {volada=9, tiempo=2, geocerca=11}, {volada=8, tiempo=4, geocerca=12}, {volada=5, tiempo=4, geocerca=13}, {volada=6, tiempo=2, geocerca=14}, {volada=7, tiempo=2, geocerca=17}, {volada=9, tiempo=2, geocerca=15}, {volada=14, tiempo=3, geocerca=16}, {volada=21, tiempo=3, geocerca=18}, {volada=24, tiempo=5, geocerca=19}, {volada=25, tiempo=5, geocerca=20}, {volada=29, tiempo=4, geocerca=21}, {volada=32, tiempo=4, geocerca=2}, {volada=41, tiempo=0, geocerca=39}, {volada=52, tiempo=0, geocerca=40}, {volada=63, tiempo=0, geocerca=41}, {volada=69, tiempo=0, geocerca=42}, {volada=72, tiempo=0, geocerca=43}, {volada=77, tiempo=0, geocerca=44}, {volada=84, tiempo=0, geocerca=45}, {volada=95, tiempo=7, geocerca=46}, {volada=97, tiempo=10, geocerca=47}, {volada=101, tiempo=9, geocerca=48}, {volada=108, tiempo=8, geocerca=49}, {volada=0, tiempo=12, geocerca=70}, {volada=0, tiempo=12, geocerca=50}, {volada=0, tiempo=6, geocerca=71}, {volada=0, tiempo=6, geocerca=51}, {volada=0, tiempo=10, geocerca=72}, {volada=0, tiempo=5, geocerca=52}, {volada=0, tiempo=0, geocerca=164}], inicio=2026-09-23T06:23, marcados=[false, false, false, true, true, true, true, true, true, true, true, true, true, true, true, true, true, true, true, true, true, true, true, true, true, true, true, true, true, true, false, false, false, false, false, false, false], id=39119, conductor=131}
2026-09-23 09:45:52 [SocketService] [ENVIADO] | [NUEVO] (4B) [KEY]: forward_datero [DATA]: {id=0}
2026-09-23 09:45:52 [SocketService] [ENVIADO] | [NUEVO] (3B) [KEY]: backward_datero [DATA]: {id=0}
2026-09-23 09:45:52 [SocketService] [ENVIADO] | [NUEVO] (7B) [KEY]: salida [DATA]: {limit=0, salida=39119}
2026-09-23 09:45:52 [SocketMessageDispatcher] ✅ Login confirmado por servidor (sesión OK)
2026-09-23 09:45:52 [SocketMessageDispatcher] Mensaje: Header: login, Data: {voice=true, orientation=false, contactless=false, data=2026-09-23T09:45:52, ticket=true, geofence=49, gps=false, schedule=06:33, ads=false, route=1, trip=39119, driver=null, calls=true, padron=124, id=15, state=R, map=false, placa=BCG906, direction=false, order=1}
2026-09-23 09:45:52 [SocketService] [RECIBIDO]| #1 | SID:231 | 35B | login [DATA]: {voice=true, orientation=false, contactless=false, data=2026-09-23T09:45:52, ticket=true, geofence=49, gps=false, schedule=06:33, ads=false, route=1, trip=39119, driver=null, calls=true, padron=124, id=15, state=R, map=false, placa=BCG906, direction=false, order=1}
2026-09-23 09:45:52 [SocketService] 🔒 WakeLock + WifiLock adquiridos
2026-09-23 09:45:52 [SocketService] [ENVIADO] | [NUEVO] (18B) [KEY]: login [DATA]: {serial=864255060447047}
2026-09-23 09:45:52 [SocketService] 🔑 Enviando login handshake (864255060447047)
2026-09-23 09:45:52 [SocketService] ✅ CONECTADO [ID: 231] en 74600442ms - Code: 101
2026-09-23 09:45:51 [SocketService] 🔄 Conectando [ID: 231] a ws://34.71.11.201:22222?schema=android&gps=true&console=true&version=2
2026-09-23 09:45:51 [SocketService] ✅ Recursos completamente limpiados
2026-09-23 09:45:51 [SocketService] 🔄 Nuevo Socket ID: 231
2026-09-23 09:45:51 [GpsViewModel] No hay conexión. Se omite procesamiento.
2026-09-23 09:45:51 [SocketService] 🧹 Limpiando recursos [ID: 230]
2026-09-23 09:45:51 [SocketService] ⏰ Watchdog: 138649ms sin mensajes, forzando reconexión
2026-09-23 09:43:46 [ParaderoManager] Paradero más cercano: Paradero(id=27, lado=true, ruta=Ruta(id=1, codigo=1493, inicio=null, activo=false), activo=true, nombre=AV. BENAVIDES, orden=6, latitud=-12.126793469717585, liquidar=false, longitud=-77.01799078832886, radio=46.2671035276091, velocidad=50.0, terminal=false, audio=AV. BENAVIDES)
2026-09-23 09:42:29 [ProtectorVM] TEMP: 39.7C -> cap térmico 100%
2026-09-23 09:42:29 [ProtectorVM] temp: 39.7C
2026-09-23 09:41:52 [SocketMessageDispatcher] Mensaje: Header: forward_datero, Data: {trip=39119, geofence=49, time=2026-09-23T09:41:50, dateros=[{delta=19, padron=124}, {delta=39, padron=128}, {delta=8, padron=146}, {delta=12, padron=107}, {delta=17, padron=131}]}
2026-09-23 09:41:52 [ERROR-GeoMarkViewModel] ❌ Geocerca ID 49 no encontrada
2026-09-23 09:41:52 [SocketService] [RECIBIDO]| #7 | SID:230 | 32B | forward_datero [DATA]: {trip=39119, geofence=49, time=2026-09-23T09:41:50, dateros=[{delta=19, padron=124}, {delta=39, padron=128}, {delta=8, padron=146}, {delta=12, padron=107}, {delta=17, padron=131}]}
2026-09-23 09:41:52 [SocketMessageDispatcher] Mensaje: Header: mark, Data: {volada=108, trip=39119, geofence=49, id=1135737, state=M, timestamp=2026-09-23T09:41:50}
2026-09-23 09:41:52 [SocketService] [RECIBIDO]| #6 | SID:230 | 25B | mark [DATA]: {volada=108, trip=39119, geofence=49, id=1135737, state=M, timestamp=2026-09-23T09:41:50}
2026-09-23 09:41:34 [DRIVERAUTO] La dirección de la sesión coincide con el lado del paradero actual
2026-09-23 09:41:34 [DRIVERAUTO] VALIDATE AutoLogin: false - Paradero actual: Paradero(id=41, lado=false, ruta=Ruta(id=1, codigo=1493, inicio=null, activo=false), activo=true, nombre=R. PANAMA, orden=17, latitud=-12.126288967676981, liquidar=false, longitud=-77.01845966102564, radio=46.0, velocidad=50.0, terminal=false, audio=R. PANAMA)
2026-09-23 09:41:34 [ParaderoManager] Paradero actual: R. PANAMA (id=41)
2026-09-23 09:41:34 [DRIVERAUTO] Primera sesión obtenida: SessionDriver(id=35417, driver_id=131, driver_code=ID131, activo=true, castigado=false, conductor=true, vencido=false, route=1, direction=false, start_time=2026-09-23T06:18:59, autoLogin=false)
2026-09-23 09:41:05 [SocketMessageDispatcher] Mensaje: Header: report, Data: {positions=1}
2026-09-23 09:41:05 [SocketService] [RECIBIDO]| #5 | SID:230 | 3B | report [DATA]: {positions=1}
2026-09-23 09:41:05 [SocketService] [ENVIADO] | [NUEVO] (36B) [KEY]: report [DATA]: {trip=39119, route=1, positions=[{lng=-77.019474, busstop=0, angle=120, accuracy=8, time=2026-09-23T09:41:04.971352, lat=-12.1261907, speed=1, mark=0}], state=R, sales=0, events=[], direction=false}
2026-09-23 09:41:05 [PositionRepository] 📤 Enviando 1 (batch=2, pendientes=1)
2026-09-23 09:41:04 [LocationTrackingService] GPS desactivado - Pulso cada 5 min acc:8.543m
2026-09-23 09:40:52 [SocketMessageDispatcher] Mensaje: Header: salida, Data: {lado=false, estado=R, frecuencia=10, ruta=1, geocerca=48, controles=[{volada=0, tiempo=0, geocerca=1}, {volada=0, tiempo=4, geocerca=5}, {volada=0, tiempo=3, geocerca=6}, {volada=-2, tiempo=2, geocerca=7}, {volada=-1, tiempo=2, geocerca=8}, {volada=5, tiempo=2, geocerca=9}, {volada=3, tiempo=3, geocerca=10}, {volada=9, tiempo=2, geocerca=11}, {volada=8, tiempo=4, geocerca=12}, {volada=5, tiempo=4, geocerca=13}, {volada=6, tiempo=2, geocerca=14}, {volada=7, tiempo=2, geocerca=17}, {volada=9, tiempo=2, geocerca=15}, {volada=14, tiempo=3, geocerca=16}, {volada=21, tiempo=3, geocerca=18}, {volada=24, tiempo=5, geocerca=19}, {volada=25, tiempo=5, geocerca=20}, {volada=29, tiempo=4, geocerca=21}, {volada=32, tiempo=4, geocerca=2}, {volada=41, tiempo=0, geocerca=39}, {volada=52, tiempo=0, geocerca=40}, {volada=63, tiempo=0, geocerca=41}, {volada=69, tiempo=0, geocerca=42}, {volada=72, tiempo=0, geocerca=43}, {volada=77, tiempo=0, geocerca=44}, {volada=84, tiempo=0, geocerca=45}, {volada=95, tiempo=7, geocerca=46}, {volada=97, tiempo=10, geocerca=47}, {volada=101, tiempo=9, geocerca=48}, {volada=0, tiempo=8, geocerca=49}, {volada=0, tiempo=12, geocerca=70}, {volada=0, tiempo=12, geocerca=50}, {volada=0, tiempo=6, geocerca=71}, {volada=0, tiempo=6, geocerca=51}, {volada=0, tiempo=10, geocerca=72}, {volada=0, tiempo=5, geocerca=52}, {volada=0, tiempo=0, geocerca=164}], inicio=2026-09-23T06:23, marcados=[false, false, false, true, true, true, true, true, true, true, true, true, true, true, true, true, true, true, true, true, true, true, true, true, true, true, true, true, true, false, false, false, false, false, false, false, false], id=39119, conductor=131}
2026-09-23 09:40:52 [SocketMessageDispatcher] Mensaje: Header: backward_datero_hide, Data: {pad=132, geofence=48, delta=11, orden=0, id=7458625846}
2026-09-23 09:40:52 [SocketMessageDispatcher] Mensaje: Header: forward_datero_hide, Data: {trip=39119, geofence=48, time=2026-09-23T09:26:20, dateros=[{delta=14, padron=124}, {delta=39, padron=128}, {delta=7, padron=146}, {delta=11, padron=107}, {delta=18, padron=131}]}
2026-09-23 09:40:52 [SocketService] [RECIBIDO]| #4 | SID:230 | 251B | salida [DATA]: {lado=false, estado=R, frecuencia=10, ruta=1, geocerca=48, controles=[{volada=0, tiempo=0, geocerca=1}, {volada=0, tiempo=4, geocerca=5}, {volada=0, tiempo=3, geocerca=6}, {volada=-2, tiempo=2, geocerca=7}, {volada=-1, tiempo=2, geocerca=8}, {volada=5, tiempo=2, geocerca=9}, {volada=3, tiempo=3, geocerca=10}, {volada=9, tiempo=2, geocerca=11}, {volada=8, tiempo=4, geocerca=12}, {volada=5, tiempo=4, geocerca=13}, {volada=6, tiempo=2, geocerca=14}, {volada=7, tiempo=2, geocerca=17}, {volada=9, tiempo=2, geocerca=15}, {volada=14, tiempo=3, geocerca=16}, {volada=21, tiempo=3, geocerca=18}, {volada=24, tiempo=5, geocerca=19}, {volada=25, tiempo=5, geocerca=20}, {volada=29, tiempo=4, geocerca=21}, {volada=32, tiempo=4, geocerca=2}, {volada=41, tiempo=0, geocerca=39}, {volada=52, tiempo=0, geocerca=40}, {volada=63, tiempo=0, geocerca=41}, {volada=69, tiempo=0, geocerca=42}, {volada=72, tiempo=0, geocerca=43}, {volada=77, tiempo=0, geocerca=44}, {volada=84, tiempo=0, geocerca=45}, {volada=95, tiempo=7, geocerca=46}, {volada=97, tiempo=10, geocerca=47}, {volada=101, tiempo=9, geocerca=48}, {volada=0, tiempo=8, geocerca=49}, {volada=0, tiempo=12, geocerca=70}, {volada=0, tiempo=12, geocerca=50}, {volada=0, tiempo=6, geocerca=71}, {volada=0, tiempo=6, geocerca=51}, {volada=0, tiempo=10, geocerca=72}, {volada=0, tiempo=5, geocerca=52}, {volada=0, tiempo=0, geocerca=164}], inicio=2026-09-23T06:23, marcados=[false, false, false, true, true, true, true, true, true, true, true, true, true, true, true, true, true, true, true, true, true, true, true, true, true, true, true, true, true, false, false, false, false, false, false, false, false], id=39119, conductor=131}
2026-09-23 09:40:52 [SocketService] [RECIBIDO]| #3 | SID:230 | 20B | backward_datero_hide [DATA]: {pad=132, geofence=48, delta=11, orden=0, id=7458625846}
2026-09-23 09:40:51 [SocketService] [RECIBIDO]| #2 | SID:230 | 31B | forward_datero_hide [DATA]: {trip=39119, geofence=48, time=2026-09-23T09:26:20, dateros=[{delta=14, padron=124}, {delta=39, padron=128}, {delta=7, padron=146}, {delta=11, padron=107}, {delta=18, padron=131}]}
2026-09-23 09:40:51 [SocketService] [ENVIADO] | [NUEVO] (3B) [KEY]: backward_datero [DATA]: {id=0}
2026-09-23 09:40:51 [SocketService] [ENVIADO] | [NUEVO] (4B) [KEY]: forward_datero [DATA]: {id=0}
2026-09-23 09:40:51 [SocketService] [ENVIADO] | [NUEVO] (7B) [KEY]: salida [DATA]: {limit=0, salida=39119}
2026-09-23 09:40:51 [SocketMessageDispatcher] ✅ Login confirmado por servidor (sesión OK)
2026-09-23 09:40:51 [SocketMessageDispatcher] Mensaje: Header: login, Data: {voice=true, orientation=false, contactless=false, data=2026-09-23T09:40:51, ticket=true, geofence=48, gps=false, schedule=06:33, ads=false, route=1, trip=39119, driver=null, calls=true, padron=124, id=15, state=R, map=false, placa=BCG906, direction=false, order=1}
2026-09-23 09:40:51 [SocketService] [RECIBIDO]| #1 | SID:230 | 35B | login [DATA]: {voice=true, orientation=false, contactless=false, data=2026-09-23T09:40:51, ticket=true, geofence=48, gps=false, schedule=06:33, ads=false, route=1, trip=39119, driver=null, calls=true, padron=124, id=15, state=R, map=false, placa=BCG906, direction=false, order=1}
2026-09-23 09:40:51 [SocketService] 🔒 WakeLock + WifiLock adquiridos
2026-09-23 09:40:51 [SocketService] [ENVIADO] | [NUEVO] (18B) [KEY]: login [DATA]: {serial=864255060447047}
2026-09-23 09:40:51 [SocketService] 🔑 Enviando login handshake (864255060447047)
2026-09-23 09:40:51 [SocketService] ✅ CONECTADO [ID: 230] en 74299395ms - Code: 101
2026-09-23 09:40:50 [SocketService] 🔄 Conectando [ID: 230] a ws://34.71.11.201:22222?schema=android&gps=true&console=true&version=2
2026-09-23 09:40:50 [SocketService] ✅ Recursos completamente limpiados
2026-09-23 09:40:50 [GpsViewModel] No hay conexión. Se omite procesamiento.
2026-09-23 09:40:50 [SocketService] 🔄 Nuevo Socket ID: 230
2026-09-23 09:40:50 [SocketService] 🧹 Limpiando recursos [ID: 229]
2026-09-23 09:40:50 [SocketService] ⏰ Watchdog: 138170ms sin mensajes, forzando reconexión
2026-09-23 09:37:37 [ParaderoManager] Paradero más cercano: Paradero(id=41, lado=false, ruta=Ruta(id=1, codigo=1493, inicio=null, activo=false), activo=true, nombre=R. PANAMA, orden=17, latitud=-12.126288967676981, liquidar=false, longitud=-77.01845966102564, radio=46.0, velocidad=50.0, terminal=false, audio=R. PANAMA)
2026-09-23 09:37:33 [SocketMessageDispatcher] Mensaje: Header: backward_datero, Data: {pad=132, geofence=48, delta=11, orden=0, id=7458625846}
2026-09-23 09:37:33 [SocketService] [RECIBIDO]| #6 | SID:229 | 19B | backward_datero [DATA]: {pad=132, geofence=48, delta=11, orden=0, id=7458625846}
2026-09-23 09:37:29 [ProtectorVM] TEMP: 39.9C -> cap térmico 100%
2026-09-23 09:37:29 [ProtectorVM] temp: 39.9C
2026-09-23 09:36:49 [ParaderoManager] Paradero más cercano: Paradero(id=28, lado=true, ruta=Ruta(id=1, codigo=1493, inicio=null, activo=false), activo=true, nombre=P. REPUBLICA, orden=7, latitud=-12.12541017520826, liquidar=false, longitud=-77.02368188389985, radio=46.0, velocidad=50.0, terminal=false, audio=P. REPUBLICA)
2026-09-23 09:36:02 [SocketMessageDispatcher] Mensaje: Header: report, Data: {positions=1}
2026-09-23 09:36:02 [SocketService] [RECIBIDO]| #5 | SID:229 | 3B | report [DATA]: {positions=1}
2026-09-23 09:36:02 [SocketService] [ENVIADO] | [NUEVO] (36B) [KEY]: report [DATA]: {trip=39119, route=1, positions=[{lng=-77.0245019, busstop=0, angle=0, accuracy=3, time=2026-09-23T09:36:01.981722, lat=-12.1251829, speed=0, mark=0}], state=R, sales=0, events=[], direction=false}
2026-09-23 09:36:02 [PositionRepository] 📤 Enviando 1 (batch=2, pendientes=1)
2026-09-23 09:36:01 [LocationTrackingService] GPS desactivado - Pulso cada 5 min acc:3.981m
2026-09-23 09:35:51 [SocketMessageDispatcher] Mensaje: Header: backward_datero_hide, Data: {pad=132, geofence=47, delta=11, orden=0, id=8113474763}
2026-09-23 09:35:51 [SocketMessageDispatcher] Mensaje: Header: forward_datero_hide, Data: {trip=39119, geofence=48, time=2026-09-23T09:26:20, dateros=[{delta=14, padron=124}, {delta=39, padron=128}, {delta=7, padron=146}, {delta=11, padron=107}, {delta=18, padron=131}]}
2026-09-23 09:35:51 [SocketMessageDispatcher] Mensaje: Header: salida, Data: {lado=false, estado=R, frecuencia=10, ruta=1, geocerca=48, controles=[{volada=0, tiempo=0, geocerca=1}, {volada=0, tiempo=4, geocerca=5}, {volada=0, tiempo=3, geocerca=6}, {volada=-2, tiempo=2, geocerca=7}, {volada=-1, tiempo=2, geocerca=8}, {volada=5, tiempo=2, geocerca=9}, {volada=3, tiempo=3, geocerca=10}, {volada=9, tiempo=2, geocerca=11}, {volada=8, tiempo=4, geocerca=12}, {volada=5, tiempo=4, geocerca=13}, {volada=6, tiempo=2, geocerca=14}, {volada=7, tiempo=2, geocerca=17}, {volada=9, tiempo=2, geocerca=15}, {volada=14, tiempo=3, geocerca=16}, {volada=21, tiempo=3, geocerca=18}, {volada=24, tiempo=5, geocerca=19}, {volada=25, tiempo=5, geocerca=20}, {volada=29, tiempo=4, geocerca=21}, {volada=32, tiempo=4, geocerca=2}, {volada=41, tiempo=0, geocerca=39}, {volada=52, tiempo=0, geocerca=40}, {volada=63, tiempo=0, geocerca=41}, {volada=69, tiempo=0, geocerca=42}, {volada=72, tiempo=0, geocerca=43}, {volada=77, tiempo=0, geocerca=44}, {volada=84, tiempo=0, geocerca=45}, {volada=95, tiempo=7, geocerca=46}, {volada=97, tiempo=10, geocerca=47}, {volada=101, tiempo=9, geocerca=48}, {volada=0, tiempo=8, geocerca=49}, {volada=0, tiempo=12, geocerca=70}, {volada=0, tiempo=12, geocerca=50}, {volada=0, tiempo=6, geocerca=71}, {volada=0, tiempo=6, geocerca=51}, {volada=0, tiempo=10, geocerca=72}, {volada=0, tiempo=5, geocerca=52}, {volada=0, tiempo=0, geocerca=164}], inicio=2026-09-23T06:23, marcados=[false, false, false, true, true, true, true, true, true, true, true, true, true, true, true, true, true, true, true, true, true, true, true, true, true, true, true, true, true, false, false, false, false, false, false, false, false], id=39119, conductor=131}
2026-09-23 09:35:51 [SocketService] [RECIBIDO]| #4 | SID:229 | 20B | backward_datero_hide [DATA]: {pad=132, geofence=47, delta=11, orden=0, id=8113474763}
2026-09-23 09:35:51 [SocketService] [RECIBIDO]| #3 | SID:229 | 31B | forward_datero_hide [DATA]: {trip=39119, geofence=48, time=2026-09-23T09:26:20, dateros=[{delta=14, padron=124}, {delta=39, padron=128}, {delta=7, padron=146}, {delta=11, padron=107}, {delta=18, padron=131}]}
2026-09-23 09:35:51 [SocketService] [RECIBIDO]| #2 | SID:229 | 251B | salida [DATA]: {lado=false, estado=R, frecuencia=10, ruta=1, geocerca=48, controles=[{volada=0, tiempo=0, geocerca=1}, {volada=0, tiempo=4, geocerca=5}, {volada=0, tiempo=3, geocerca=6}, {volada=-2, tiempo=2, geocerca=7}, {volada=-1, tiempo=2, geocerca=8}, {volada=5, tiempo=2, geocerca=9}, {volada=3, tiempo=3, geocerca=10}, {volada=9, tiempo=2, geocerca=11}, {volada=8, tiempo=4, geocerca=12}, {volada=5, tiempo=4, geocerca=13}, {volada=6, tiempo=2, geocerca=14}, {volada=7, tiempo=2, geocerca=17}, {volada=9, tiempo=2, geocerca=15}, {volada=14, tiempo=3, geocerca=16}, {volada=21, tiempo=3, geocerca=18}, {volada=24, tiempo=5, geocerca=19}, {volada=25, tiempo=5, geocerca=20}, {volada=29, tiempo=4, geocerca=21}, {volada=32, tiempo=4, geocerca=2}, {volada=41, tiempo=0, geocerca=39}, {volada=52, tiempo=0, geocerca=40}, {volada=63, tiempo=0, geocerca=41}, {volada=69, tiempo=0, geocerca=42}, {volada=72, tiempo=0, geocerca=43}, {volada=77, tiempo=0, geocerca=44}, {volada=84, tiempo=0, geocerca=45}, {volada=95, tiempo=7, geocerca=46}, {volada=97, tiempo=10, geocerca=47}, {volada=101, tiempo=9, geocerca=48}, {volada=0, tiempo=8, geocerca=49}, {volada=0, tiempo=12, geocerca=70}, {volada=0, tiempo=12, geocerca=50}, {volada=0, tiempo=6, geocerca=71}, {volada=0, tiempo=6, geocerca=51}, {volada=0, tiempo=10, geocerca=72}, {volada=0, tiempo=5, geocerca=52}, {volada=0, tiempo=0, geocerca=164}], inicio=2026-09-23T06:23, marcados=[false, false, false, true, true, true, true, true, true, true, true, true, true, true, true, true, true, true, true, true, true, true, true, true, true, true, true, true, true, false, false, false, false, false, false, false, false], id=39119, conductor=131}
2026-09-23 09:35:51 [SocketService] [ENVIADO] | [NUEVO] (3B) [KEY]: backward_datero [DATA]: {id=0}
2026-09-23 09:35:51 [SocketService] [ENVIADO] | [NUEVO] (4B) [KEY]: forward_datero [DATA]: {id=0}
2026-09-23 09:35:51 [SocketService] [ENVIADO] | [NUEVO] (7B) [KEY]: salida [DATA]: {limit=0, salida=39119}
2026-09-23 09:35:50 [SocketMessageDispatcher] ✅ Login confirmado por servidor (sesión OK)
2026-09-23 09:35:50 [SocketMessageDispatcher] Mensaje: Header: login, Data: {voice=true, orientation=false, contactless=false, data=2026-09-23T09:35:50, ticket=true, geofence=48, gps=false, schedule=06:33, ads=false, route=1, trip=39119, driver=null, calls=true, padron=124, id=15, state=R, map=false, placa=BCG906, direction=false, order=1}
2026-09-23 09:35:50 [SocketService] [RECIBIDO]| #1 | SID:229 | 35B | login [DATA]: {voice=true, orientation=false, contactless=false, data=2026-09-23T09:35:50, ticket=true, geofence=48, gps=false, schedule=06:33, ads=false, route=1, trip=39119, driver=null, calls=true, padron=124, id=15, state=R, map=false, placa=BCG906, direction=false, order=1}
2026-09-23 09:35:50 [SocketService] 🔒 WakeLock + WifiLock adquiridos
2026-09-23 09:35:50 [SocketService] [ENVIADO] | [NUEVO] (18B) [KEY]: login [DATA]: {serial=864255060447047}
2026-09-23 09:35:50 [SocketService] 🔑 Enviando login handshake (864255060447047)
2026-09-23 09:35:50 [SocketService] ✅ CONECTADO [ID: 229] en 73998701ms - Code: 101
2026-09-23 09:35:50 [SocketService] ✅ Recursos completamente limpiados
2026-09-23 09:35:50 [SocketService] 🔄 Conectando [ID: 229] a ws://34.71.11.201:22222?schema=android&gps=true&console=true&version=2
2026-09-23 09:35:50 [GpsViewModel] No hay conexión. Se omite procesamiento.
2026-09-23 09:35:50 [SocketService] 🔄 Nuevo Socket ID: 229
2026-09-23 09:35:50 [SocketService] 🧹 Limpiando recursos [ID: 228]
2026-09-23 09:35:50 [SocketService] ⏰ Watchdog: 137642ms sin mensajes, forzando reconexión
2026-09-23 09:33:21 [SocketMessageDispatcher] Mensaje: Header: backward_datero_hide, Data: {pad=132, geofence=47, delta=11, orden=0, id=8113474763}
2026-09-23 09:33:21 [SocketMessageDispatcher] Mensaje: Header: forward_datero_hide, Data: {trip=39119, geofence=48, time=2026-09-23T09:26:20, dateros=[{delta=14, padron=124}, {delta=39, padron=128}, {delta=7, padron=146}, {delta=11, padron=107}, {delta=18, padron=131}]}
2026-09-23 09:33:21 [SocketMessageDispatcher] Mensaje: Header: salida, Data: {lado=false, estado=R, frecuencia=10, ruta=1, geocerca=48, controles=[{volada=0, tiempo=0, geocerca=1}, {volada=0, tiempo=4, geocerca=5}, {volada=0, tiempo=3, geocerca=6}, {volada=-2, tiempo=2, geocerca=7}, {volada=-1, tiempo=2, geocerca=8}, {volada=5, tiempo=2, geocerca=9}, {volada=3, tiempo=3, geocerca=10}, {volada=9, tiempo=2, geocerca=11}, {volada=8, tiempo=4, geocerca=12}, {volada=5, tiempo=4, geocerca=13}, {volada=6, tiempo=2, geocerca=14}, {volada=7, tiempo=2, geocerca=17}, {volada=9, tiempo=2, geocerca=15}, {volada=14, tiempo=3, geocerca=16}, {volada=21, tiempo=3, geocerca=18}, {volada=24, tiempo=5, geocerca=19}, {volada=25, tiempo=5, geocerca=20}, {volada=29, tiempo=4, geocerca=21}, {volada=32, tiempo=4, geocerca=2}, {volada=41, tiempo=0, geocerca=39}, {volada=52, tiempo=0, geocerca=40}, {volada=63, tiempo=0, geocerca=41}, {volada=69, tiempo=0, geocerca=42}, {volada=72, tiempo=0, geocerca=43}, {volada=77, tiempo=0, geocerca=44}, {volada=84, tiempo=0, geocerca=45}, {volada=95, tiempo=7, geocerca=46}, {volada=97, tiempo=10, geocerca=47}, {volada=101, tiempo=9, geocerca=48}, {volada=0, tiempo=8, geocerca=49}, {volada=0, tiempo=12, geocerca=70}, {volada=0, tiempo=12, geocerca=50}, {volada=0, tiempo=6, geocerca=71}, {volada=0, tiempo=6, geocerca=51}, {volada=0, tiempo=10, geocerca=72}, {volada=0, tiempo=5, geocerca=52}, {volada=0, tiempo=0, geocerca=164}], inicio=2026-09-23T06:23, marcados=[false, false, false, true, true, true, true, true, true, true, true, true, true, true, true, true, true, true, true, true, true, true, true, true, true, true, true, true, true, false, false, false, false, false, false, false, false], id=39119, conductor=131}
2026-09-23 09:33:20 [SocketService] [RECIBIDO]| #4 | SID:228 | 20B | backward_datero_hide [DATA]: {pad=132, geofence=47, delta=11, orden=0, id=8113474763}
2026-09-23 09:33:20 [SocketService] [RECIBIDO]| #3 | SID:228 | 31B | forward_datero_hide [DATA]: {trip=39119, geofence=48, time=2026-09-23T09:26:20, dateros=[{delta=14, padron=124}, {delta=39, padron=128}, {delta=7, padron=146}, {delta=11, padron=107}, {delta=18, padron=131}]}
2026-09-23 09:33:20 [SocketService] [RECIBIDO]| #2 | SID:228 | 251B | salida [DATA]: {lado=false, estado=R, frecuencia=10, ruta=1, geocerca=48, controles=[{volada=0, tiempo=0, geocerca=1}, {volada=0, tiempo=4, geocerca=5}, {volada=0, tiempo=3, geocerca=6}, {volada=-2, tiempo=2, geocerca=7}, {volada=-1, tiempo=2, geocerca=8}, {volada=5, tiempo=2, geocerca=9}, {volada=3, tiempo=3, geocerca=10}, {volada=9, tiempo=2, geocerca=11}, {volada=8, tiempo=4, geocerca=12}, {volada=5, tiempo=4, geocerca=13}, {volada=6, tiempo=2, geocerca=14}, {volada=7, tiempo=2, geocerca=17}, {volada=9, tiempo=2, geocerca=15}, {volada=14, tiempo=3, geocerca=16}, {volada=21, tiempo=3, geocerca=18}, {volada=24, tiempo=5, geocerca=19}, {volada=25, tiempo=5, geocerca=20}, {volada=29, tiempo=4, geocerca=21}, {volada=32, tiempo=4, geocerca=2}, {volada=41, tiempo=0, geocerca=39}, {volada=52, tiempo=0, geocerca=40}, {volada=63, tiempo=0, geocerca=41}, {volada=69, tiempo=0, geocerca=42}, {volada=72, tiempo=0, geocerca=43}, {volada=77, tiempo=0, geocerca=44}, {volada=84, tiempo=0, geocerca=45}, {volada=95, tiempo=7, geocerca=46}, {volada=97, tiempo=10, geocerca=47}, {volada=101, tiempo=9, geocerca=48}, {volada=0, tiempo=8, geocerca=49}, {volada=0, tiempo=12, geocerca=70}, {volada=0, tiempo=12, geocerca=50}, {volada=0, tiempo=6, geocerca=71}, {volada=0, tiempo=6, geocerca=51}, {volada=0, tiempo=10, geocerca=72}, {volada=0, tiempo=5, geocerca=52}, {volada=0, tiempo=0, geocerca=164}], inicio=2026-09-23T06:23, marcados=[false, false, false, true, true, true, true, true, true, true, true, true, true, true, true, true, true, true, true, true, true, true, true, true, true, true, true, true, true, false, false, false, false, false, false, false, false], id=39119, conductor=131}
2026-09-23 09:33:20 [SocketService] [ENVIADO] | [NUEVO] (3B) [KEY]: backward_datero [DATA]: {id=0}
2026-09-23 09:33:20 [SocketService] [ENVIADO] | [NUEVO] (7B) [KEY]: salida [DATA]: {limit=0, salida=39119}
2026-09-23 09:33:20 [SocketService] [ENVIADO] | [NUEVO] (4B) [KEY]: forward_datero [DATA]: {id=0}
2026-09-23 09:33:20 [SocketMessageDispatcher] ✅ Login confirmado por servidor (sesión OK)
2026-09-23 09:33:20 [SocketMessageDispatcher] Mensaje: Header: login, Data: {voice=true, orientation=false, contactless=false, data=2026-09-23T09:33:20, ticket=true, geofence=48, gps=false, schedule=06:33, ads=false, route=1, trip=39119, driver=null, calls=true, padron=124, id=15, state=R, map=false, placa=BCG906, direction=false, order=1}
2026-09-23 09:33:20 [SocketService] [RECIBIDO]| #1 | SID:228 | 35B | login [DATA]: {voice=true, orientation=false, contactless=false, data=2026-09-23T09:33:20, ticket=true, geofence=48, gps=false, schedule=06:33, ads=false, route=1, trip=39119, driver=null, calls=true, padron=124, id=15, state=R, map=false, placa=BCG906, direction=false, order=1}
2026-09-23 09:33:20 [SocketService] 🔒 WakeLock + WifiLock adquiridos
2026-09-23 09:33:19 [ERROR-SocketService] ℹ️ Reconexión cancelada
2026-09-23 09:33:19 [SocketService] [ENVIADO] | [NUEVO] (18B) [KEY]: login [DATA]: {serial=864255060447047}
2026-09-23 09:33:19 [SocketService] 🔑 Enviando login handshake (864255060447047)
2026-09-23 09:33:19 [SocketService] ✅ CONECTADO [ID: 228] en 73848145ms - Code: 101
2026-09-23 09:33:19 [SocketService] 🔄 Conectando [ID: 228] a ws://34.71.11.201:22222?schema=android&gps=true&console=true&version=2
2026-09-23 09:33:18 [SocketService] ✅ Recursos completamente limpiados
2026-09-23 09:33:18 [SocketService] 🔄 Reconexión #1 en 1366ms
2026-09-23 09:33:18 [ERROR-SocketService] ❌ [onFailure] [ID: 228]: Socket closed
2026-09-23 09:33:18 [GpsViewModel] No hay conexión. Se omite procesamiento.
2026-09-23 09:33:18 [SocketService] 🔒 WakeLock + WifiLock adquiridos
2026-09-23 09:33:18 [SocketService] [ENVIADO] | [NUEVO] (18B) [KEY]: login [DATA]: {serial=864255060447047}
2026-09-23 09:33:18 [SocketService] 🔑 Enviando login handshake (864255060447047)
2026-09-23 09:33:18 [SocketService] ✅ CONECTADO [ID: 228] en 73847145ms - Code: 101
2026-09-23 09:33:18 [SocketService] 🧹 Limpiando recursos [ID: 228]
2026-09-23 09:33:18 [SocketService] 🔄 EJECUTANDO reconexión #1
2026-09-23 09:33:18 [SocketService] ✅ Recursos completamente limpiados
2026-09-23 09:33:18 [SocketService] 🔄 Conectando [ID: 228] a ws://34.71.11.201:22222?schema=android&gps=true&console=true&version=2
2026-09-23 09:33:18 [SocketService] 🔄 Reconexión #1 en 500ms
2026-09-23 09:33:18 [ERROR-SocketService] ❌ [onFailure] [ID: 227]: Socket closed
2026-09-23 09:33:18 [SocketService] 🔄 Nuevo Socket ID: 228
2026-09-23 09:33:18 [GpsViewModel] No hay conexión. Se omite procesamiento.
2026-09-23 09:33:18 [SocketService] ⏰ Watchdog: 139152ms sin mensajes, forzando reconexión
2026-09-23 09:33:18 [SocketService] 🧹 Limpiando recursos [ID: 227]
2026-09-23 09:32:29 [ProtectorVM] temp: 39.6C
2026-09-23 09:32:29 [ProtectorVM] TEMP: 39.6C -> cap térmico 100%
2026-09-23 09:31:04 [DRIVERAUTO] VALIDATE AutoLogin: false - Paradero actual: Paradero(id=40, lado=false, ruta=Ruta(id=1, codigo=1493, inicio=null, activo=false), activo=true, nombre=BENAVIDES, orden=16, latitud=-12.124924560721078, liquidar=false, longitud=-77.02451914103472, radio=46.0, velocidad=50.0, terminal=false, audio=BENAVIDES)
2026-09-23 09:31:04 [DRIVERAUTO] Primera sesión obtenida: SessionDriver(id=35417, driver_id=131, driver_code=ID131, activo=true, castigado=false, conductor=true, vencido=false, route=1, direction=false, start_time=2026-09-23T06:18:59, autoLogin=false)
2026-09-23 09:31:04 [DRIVERAUTO] La dirección de la sesión coincide con el lado del paradero actual
2026-09-23 09:31:04 [ParaderoManager] Paradero actual: BENAVIDES (id=40)
2026-09-23 09:30:59 [SocketMessageDispatcher] Mensaje: Header: report, Data: {positions=1}
2026-09-23 09:30:59 [SocketService] [RECIBIDO]| #5 | SID:227 | 3B | report [DATA]: {positions=1}
2026-09-23 09:30:59 [SocketService] [ENVIADO] | [NUEVO] (36B) [KEY]: report [DATA]: {trip=39119, route=1, positions=[{lng=-77.0246477, busstop=0, angle=168, accuracy=8, time=2026-09-23T09:30:58.995129, lat=-12.1244088, speed=9, mark=0}], state=R, sales=0, events=[], direction=false}
2026-09-23 09:30:59 [PositionRepository] 📤 Enviando 1 (batch=2, pendientes=1)
2026-09-23 09:30:58 [LocationTrackingService] GPS desactivado - Pulso cada 5 min acc:8.553m
2026-09-23 09:30:49 [SocketMessageDispatcher] Mensaje: Header: salida, Data: {lado=false, estado=R, frecuencia=10, ruta=1, geocerca=48, controles=[{volada=0, tiempo=0, geocerca=1}, {volada=0, tiempo=4, geocerca=5}, {volada=0, tiempo=3, geocerca=6}, {volada=-2, tiempo=2, geocerca=7}, {volada=-1, tiempo=2, geocerca=8}, {volada=5, tiempo=2, geocerca=9}, {volada=3, tiempo=3, geocerca=10}, {volada=9, tiempo=2, geocerca=11}, {volada=8, tiempo=4, geocerca=12}, {volada=5, tiempo=4, geocerca=13}, {volada=6, tiempo=2, geocerca=14}, {volada=7, tiempo=2, geocerca=17}, {volada=9, tiempo=2, geocerca=15}, {volada=14, tiempo=3, geocerca=16}, {volada=21, tiempo=3, geocerca=18}, {volada=24, tiempo=5, geocerca=19}, {volada=25, tiempo=5, geocerca=20}, {volada=29, tiempo=4, geocerca=21}, {volada=32, tiempo=4, geocerca=2}, {volada=41, tiempo=0, geocerca=39}, {volada=52, tiempo=0, geocerca=40}, {volada=63, tiempo=0, geocerca=41}, {volada=69, tiempo=0, geocerca=42}, {volada=72, tiempo=0, geocerca=43}, {volada=77, tiempo=0, geocerca=44}, {volada=84, tiempo=0, geocerca=45}, {volada=95, tiempo=7, geocerca=46}, {volada=97, tiempo=10, geocerca=47}, {volada=101, tiempo=9, geocerca=48}, {volada=0, tiempo=8, geocerca=49}, {volada=0, tiempo=12, geocerca=70}, {volada=0, tiempo=12, geocerca=50}, {volada=0, tiempo=6, geocerca=71}, {volada=0, tiempo=6, geocerca=51}, {volada=0, tiempo=10, geocerca=72}, {volada=0, tiempo=5, geocerca=52}, {volada=0, tiempo=0, geocerca=164}], inicio=2026-09-23T06:23, marcados=[false, false, false, true, true, true, true, true, true, true, true, true, true, true, true, true, true, true, true, true, true, true, true, true, true, true, true, true, true, false, false, false, false, false, false, false, false], id=39119, conductor=131}
2026-09-23 09:30:49 [SocketMessageDispatcher] Mensaje: Header: forward_datero_hide, Data: {trip=39119, geofence=48, time=2026-09-23T09:26:20, dateros=[{delta=14, padron=124}, {delta=39, padron=128}, {delta=7, padron=146}, {delta=11, padron=107}, {delta=18, padron=131}]}
2026-09-23 09:30:49 [SocketMessageDispatcher] Mensaje: Header: backward_datero_hide, Data: {pad=132, geofence=47, delta=11, orden=0, id=8113474763}
2026-09-23 09:30:49 [SocketService] [RECIBIDO]| #4 | SID:227 | 251B | salida [DATA]: {lado=false, estado=R, frecuencia=10, ruta=1, geocerca=48, controles=[{volada=0, tiempo=0, geocerca=1}, {volada=0, tiempo=4, geocerca=5}, {volada=0, tiempo=3, geocerca=6}, {volada=-2, tiempo=2, geocerca=7}, {volada=-1, tiempo=2, geocerca=8}, {volada=5, tiempo=2, geocerca=9}, {volada=3, tiempo=3, geocerca=10}, {volada=9, tiempo=2, geocerca=11}, {volada=8, tiempo=4, geocerca=12}, {volada=5, tiempo=4, geocerca=13}, {volada=6, tiempo=2, geocerca=14}, {volada=7, tiempo=2, geocerca=17}, {volada=9, tiempo=2, geocerca=15}, {volada=14, tiempo=3, geocerca=16}, {volada=21, tiempo=3, geocerca=18}, {volada=24, tiempo=5, geocerca=19}, {volada=25, tiempo=5, geocerca=20}, {volada=29, tiempo=4, geocerca=21}, {volada=32, tiempo=4, geocerca=2}, {volada=41, tiempo=0, geocerca=39}, {volada=52, tiempo=0, geocerca=40}, {volada=63, tiempo=0, geocerca=41}, {volada=69, tiempo=0, geocerca=42}, {volada=72, tiempo=0, geocerca=43}, {volada=77, tiempo=0, geocerca=44}, {volada=84, tiempo=0, geocerca=45}, {volada=95, tiempo=7, geocerca=46}, {volada=97, tiempo=10, geocerca=47}, {volada=101, tiempo=9, geocerca=48}, {volada=0, tiempo=8, geocerca=49}, {volada=0, tiempo=12, geocerca=70}, {volada=0, tiempo=12, geocerca=50}, {volada=0, tiempo=6, geocerca=71}, {volada=0, tiempo=6, geocerca=51}, {volada=0, tiempo=10, geocerca=72}, {volada=0, tiempo=5, geocerca=52}, {volada=0, tiempo=0, geocerca=164}], inicio=2026-09-23T06:23, marcados=[false, false, false, true, true, true, true, true, true, true, true, true, true, true, true, true, true, true, true, true, true, true, true, true, true, true, true, true, true, false, false, false, false, false, false, false, false], id=39119, conductor=131}
2026-09-23 09:30:49 [SocketService] [RECIBIDO]| #3 | SID:227 | 31B | forward_datero_hide [DATA]: {trip=39119, geofence=48, time=2026-09-23T09:26:20, dateros=[{delta=14, padron=124}, {delta=39, padron=128}, {delta=7, padron=146}, {delta=11, padron=107}, {delta=18, padron=131}]}
2026-09-23 09:30:49 [SocketService] [RECIBIDO]| #2 | SID:227 | 20B | backward_datero_hide [DATA]: {pad=132, geofence=47, delta=11, orden=0, id=8113474763}
2026-09-23 09:30:48 [SocketService] [ENVIADO] | [NUEVO] (7B) [KEY]: salida [DATA]: {limit=0, salida=39119}
2026-09-23 09:30:48 [SocketService] [ENVIADO] | [NUEVO] (4B) [KEY]: forward_datero [DATA]: {id=0}
2026-09-23 09:30:48 [SocketService] [ENVIADO] | [NUEVO] (3B) [KEY]: backward_datero [DATA]: {id=0}
2026-09-23 09:30:48 [SocketMessageDispatcher] ✅ Login confirmado por servidor (sesión OK)
2026-09-23 09:30:48 [SocketMessageDispatcher] Mensaje: Header: login, Data: {voice=true, orientation=false, contactless=false, data=2026-09-23T09:30:48, ticket=true, geofence=48, gps=false, schedule=06:33, ads=false, route=1, trip=39119, driver=null, calls=true, padron=124, id=15, state=R, map=false, placa=BCG906, direction=false, order=1}
2026-09-23 09:30:48 [SocketService] [RECIBIDO]| #1 | SID:227 | 35B | login [DATA]: {voice=true, orientation=false, contactless=false, data=2026-09-23T09:30:48, ticket=true, geofence=48, gps=false, schedule=06:33, ads=false, route=1, trip=39119, driver=null, calls=true, padron=124, id=15, state=R, map=false, placa=BCG906, direction=false, order=1}
2026-09-23 09:30:48 [SocketService] 🔒 WakeLock + WifiLock adquiridos
2026-09-23 09:30:48 [SocketService] [ENVIADO] | [NUEVO] (18B) [KEY]: login [DATA]: {serial=864255060447047}
2026-09-23 09:30:48 [SocketService] 🔑 Enviando login handshake (864255060447047)
2026-09-23 09:30:48 [SocketService] ✅ CONECTADO [ID: 227] en 73696596ms - Code: 101
2026-09-23 09:30:47 [SocketService] ✅ Recursos completamente limpiados
2026-09-23 09:30:47 [SocketService] 🔄 Conectando [ID: 227] a ws://34.71.11.201:22222?schema=android&gps=true&console=true&version=2
2026-09-23 09:30:47 [GpsViewModel] No hay conexión. Se omite procesamiento.
2026-09-23 09:30:47 [SocketService] 🔄 Nuevo Socket ID: 227
2026-09-23 09:30:47 [SocketService] 🧹 Limpiando recursos [ID: 226]
2026-09-23 09:30:47 [SocketService] ⏰ Watchdog: 135076ms sin mensajes, forzando reconexión
2026-09-23 09:27:52 [ParaderoManager] Paradero más cercano: Paradero(id=40, lado=false, ruta=Ruta(id=1, codigo=1493, inicio=null, activo=false), activo=true, nombre=BENAVIDES, orden=16, latitud=-12.124924560721078, liquidar=false, longitud=-77.02451914103472, radio=46.0, velocidad=50.0, terminal=false, audio=BENAVIDES)
2026-09-23 09:27:29 [ProtectorVM] TEMP: 39.3C -> cap térmico 100%
2026-09-23 09:27:29 [ProtectorVM] temp: 39.3C
2026-09-23 09:26:49 [ParaderoManager] Paradero más cercano: Paradero(id=29, lado=true, ruta=Ruta(id=1, codigo=1493, inicio=null, activo=false), activo=true, nombre=J. PARDO, orden=8, latitud=-12.11964110651885, liquidar=false, longitud=-77.0253224121808, radio=45.0, velocidad=50.0, terminal=false, audio=J. PARDO)
2026-09-23 09:26:22 [SocketMessageDispatcher] Mensaje: Header: forward_datero, Data: {trip=39119, geofence=48, time=2026-09-23T09:26:20, dateros=[{delta=14, padron=124}, {delta=39, padron=128}, {delta=7, padron=146}, {delta=11, padron=107}, {delta=18, padron=131}]}
2026-09-23 09:26:22 [SocketMessageDispatcher] Mensaje: Header: mark, Data: {volada=101, trip=39119, geofence=48, id=1135736, state=M, timestamp=2026-09-23T09:26:20}
2026-09-23 09:26:22 [SocketService] [RECIBIDO]| #9 | SID:226 | 32B | forward_datero [DATA]: {trip=39119, geofence=48, time=2026-09-23T09:26:20, dateros=[{delta=14, padron=124}, {delta=39, padron=128}, {delta=7, padron=146}, {delta=11, padron=107}, {delta=18, padron=131}]}
2026-09-23 09:26:22 [SocketService] [RECIBIDO]| #8 | SID:226 | 25B | mark [DATA]: {volada=101, trip=39119, geofence=48, id=1135736, state=M, timestamp=2026-09-23T09:26:20}
2026-09-23 09:25:56 [SocketMessageDispatcher] Mensaje: Header: report, Data: {positions=1}
2026-09-23 09:25:56 [SocketService] [RECIBIDO]| #7 | SID:226 | 3B | report [DATA]: {positions=1}
2026-09-23 09:25:56 [SocketService] [ENVIADO] | [NUEVO] (36B) [KEY]: report [DATA]: {trip=39119, route=1, positions=[{lng=-77.0267265, busstop=0, angle=90, accuracy=10, time=2026-09-23T09:25:55.972003, lat=-12.1191843, speed=6, mark=0}], state=R, sales=0, events=[], direction=false}
2026-09-23 09:25:56 [PositionRepository] 📤 Enviando 1 (batch=2, pendientes=1)
2026-09-23 09:25:55 [LocationTrackingService] GPS desactivado - Pulso cada 5 min acc:10.487m
2026-09-23 09:25:46 [DRIVERAUTO] VALIDATE AutoLogin: false - Paradero actual: Paradero(id=39, lado=false, ruta=Ruta(id=1, codigo=1493, inicio=null, activo=false), activo=true, nombre=P. REPUBLICA, orden=15, latitud=-12.119229420196872, liquidar=false, longitud=-77.02661416752463, radio=45.0, velocidad=50.0, terminal=false, audio=P. REPUBLICA)
2026-09-23 09:25:46 [DRIVERAUTO] La dirección de la sesión coincide con el lado del paradero actual
2026-09-23 09:25:46 [DRIVERAUTO] Primera sesión obtenida: SessionDriver(id=35417, driver_id=131, driver_code=ID131, activo=true, castigado=false, conductor=true, vencido=false, route=1, direction=false, start_time=2026-09-23T06:18:59, autoLogin=false)
2026-09-23 09:25:46 [ParaderoManager] Paradero actual: P. REPUBLICA (id=39)
2026-09-23 09:24:37 [SocketMessageDispatcher] Mensaje: Header: backward_datero, Data: {pad=132, geofence=47, delta=11, orden=0, id=8113474763}
2026-09-23 09:24:37 [SocketService] [RECIBIDO]| #6 | SID:226 | 19B | backward_datero [DATA]: {pad=132, geofence=47, delta=11, orden=0, id=8113474763}
2026-09-23 09:23:18 [SocketMessageDispatcher] Mensaje: Header: backward_datero_hide, Data: {pad=132, geofence=46, delta=10, orden=0, id=4981796350}
2026-09-23 09:23:18 [SocketMessageDispatcher] Mensaje: Header: forward_datero_hide, Data: {trip=39119, geofence=47, time=2026-09-23T09:13:41, dateros=[{delta=13, padron=124}, {delta=40, padron=128}, {delta=10, padron=146}, {delta=11, padron=107}, {delta=22, padron=131}]}
2026-09-23 09:23:18 [SocketMessageDispatcher] Mensaje: Header: salida, Data: {lado=false, estado=R, frecuencia=10, ruta=1, geocerca=47, controles=[{volada=0, tiempo=0, geocerca=1}, {volada=0, tiempo=4, geocerca=5}, {volada=0, tiempo=3, geocerca=6}, {volada=-2, tiempo=2, geocerca=7}, {volada=-1, tiempo=2, geocerca=8}, {volada=5, tiempo=2, geocerca=9}, {volada=3, tiempo=3, geocerca=10}, {volada=9, tiempo=2, geocerca=11}, {volada=8, tiempo=4, geocerca=12}, {volada=5, tiempo=4, geocerca=13}, {volada=6, tiempo=2, geocerca=14}, {volada=7, tiempo=2, geocerca=17}, {volada=9, tiempo=2, geocerca=15}, {volada=14, tiempo=3, geocerca=16}, {volada=21, tiempo=3, geocerca=18}, {volada=24, tiempo=5, geocerca=19}, {volada=25, tiempo=5, geocerca=20}, {volada=29, tiempo=4, geocerca=21}, {volada=32, tiempo=4, geocerca=2}, {volada=41, tiempo=0, geocerca=39}, {volada=52, tiempo=0, geocerca=40}, {volada=63, tiempo=0, geocerca=41}, {volada=69, tiempo=0, geocerca=42}, {volada=72, tiempo=0, geocerca=43}, {volada=77, tiempo=0, geocerca=44}, {volada=84, tiempo=0, geocerca=45}, {volada=95, tiempo=7, geocerca=46}, {volada=97, tiempo=10, geocerca=47}, {volada=0, tiempo=9, geocerca=48}, {volada=0, tiempo=8, geocerca=49}, {volada=0, tiempo=12, geocerca=70}, {volada=0, tiempo=12, geocerca=50}, {volada=0, tiempo=6, geocerca=71}, {volada=0, tiempo=6, geocerca=51}, {volada=0, tiempo=10, geocerca=72}, {volada=0, tiempo=5, geocerca=52}, {volada=0, tiempo=0, geocerca=164}], inicio=2026-09-23T06:23, marcados=[false, false, false, true, true, true, true, true, true, true, true, true, true, true, true, true, true, true, true, true, true, true, true, true, true, true, true, true, false, false, false, false, false, false, false, false, false], id=39119, conductor=131}
2026-09-23 09:23:18 [SocketService] [RECIBIDO]| #4 | SID:226 | 20B | backward_datero_hide [DATA]: {pad=132, geofence=46, delta=10, orden=0, id=4981796350}
2026-09-23 09:23:18 [SocketService] [RECIBIDO]| #3 | SID:226 | 31B | forward_datero_hide [DATA]: {trip=39119, geofence=47, time=2026-09-23T09:13:41, dateros=[{delta=13, padron=124}, {delta=40, padron=128}, {delta=10, padron=146}, {delta=11, padron=107}, {delta=22, padron=131}]}
2026-09-23 09:23:18 [SocketService] [RECIBIDO]| #2 | SID:226 | 251B | salida [DATA]: {lado=false, estado=R, frecuencia=10, ruta=1, geocerca=47, controles=[{volada=0, tiempo=0, geocerca=1}, {volada=0, tiempo=4, geocerca=5}, {volada=0, tiempo=3, geocerca=6}, {volada=-2, tiempo=2, geocerca=7}, {volada=-1, tiempo=2, geocerca=8}, {volada=5, tiempo=2, geocerca=9}, {volada=3, tiempo=3, geocerca=10}, {volada=9, tiempo=2, geocerca=11}, {volada=8, tiempo=4, geocerca=12}, {volada=5, tiempo=4, geocerca=13}, {volada=6, tiempo=2, geocerca=14}, {volada=7, tiempo=2, geocerca=17}, {volada=9, tiempo=2, geocerca=15}, {volada=14, tiempo=3, geocerca=16}, {volada=21, tiempo=3, geocerca=18}, {volada=24, tiempo=5, geocerca=19}, {volada=25, tiempo=5, geocerca=20}, {volada=29, tiempo=4, geocerca=21}, {volada=32, tiempo=4, geocerca=2}, {volada=41, tiempo=0, geocerca=39}, {volada=52, tiempo=0, geocerca=40}, {volada=63, tiempo=0, geocerca=41}, {volada=69, tiempo=0, geocerca=42}, {volada=72, tiempo=0, geocerca=43}, {volada=77, tiempo=0, geocerca=44}, {volada=84, tiempo=0, geocerca=45}, {volada=95, tiempo=7, geocerca=46}, {volada=97, tiempo=10, geocerca=47}, {volada=0, tiempo=9, geocerca=48}, {volada=0, tiempo=8, geocerca=49}, {volada=0, tiempo=12, geocerca=70}, {volada=0, tiempo=12, geocerca=50}, {volada=0, tiempo=6, geocerca=71}, {volada=0, tiempo=6, geocerca=51}, {volada=0, tiempo=10, geocerca=72}, {volada=0, tiempo=5, geocerca=52}, {volada=0, tiempo=0, geocerca=164}], inicio=2026-09-23T06:23, marcados=[false, false, false, true, true, true, true, true, true, true, true, true, true, true, true, true, true, true, true, true, true, true, true, true, true, true, true, true, false, false, false, false, false, false, false, false, false], id=39119, conductor=131}
2026-09-23 09:23:17 [SocketService] [ENVIADO] | [NUEVO] (3B) [KEY]: backward_datero [DATA]: {id=0}
2026-09-23 09:23:17 [SocketService] [ENVIADO] | [NUEVO] (4B) [KEY]: forward_datero [DATA]: {id=0}
2026-09-23 09:23:17 [SocketService] [ENVIADO] | [NUEVO] (7B) [KEY]: salida [DATA]: {limit=0, salida=39119}
2026-09-23 09:23:17 [SocketMessageDispatcher] ✅ Login confirmado por servidor (sesión OK)
2026-09-23 09:23:17 [SocketMessageDispatcher] Mensaje: Header: login, Data: {voice=true, orientation=false, contactless=false, data=2026-09-23T09:23:17, ticket=true, geofence=47, gps=false, schedule=06:33, ads=false, route=1, trip=39119, driver=null, calls=true, padron=124, id=15, state=R, map=false, placa=BCG906, direction=false, order=1}
2026-09-23 09:23:17 [SocketService] [RECIBIDO]| #1 | SID:226 | 35B | login [DATA]: {voice=true, orientation=false, contactless=false, data=2026-09-23T09:23:17, ticket=true, geofence=47, gps=false, schedule=06:33, ads=false, route=1, trip=39119, driver=null, calls=true, padron=124, id=15, state=R, map=false, placa=BCG906, direction=false, order=1}
2026-09-23 09:23:17 [SocketService] 🔒 WakeLock + WifiLock adquiridos
2026-09-23 09:23:17 [SocketService] [ENVIADO] | [NUEVO] (18B) [KEY]: login [DATA]: {serial=864255060447047}
2026-09-23 09:23:17 [SocketService] 🔑 Enviando login handshake (864255060447047)
2026-09-23 09:23:17 [SocketService] ✅ CONECTADO [ID: 226] en 73245698ms - Code: 101
2026-09-23 09:23:17 [SocketService] 🔄 Conectando [ID: 226] a ws://34.71.11.201:22222?schema=android&gps=true&console=true&version=2
2026-09-23 09:23:17 [SocketService] ✅ Recursos completamente limpiados
2026-09-23 09:23:17 [SocketService] 🔄 Nuevo Socket ID: 226
2026-09-23 09:23:17 [GpsViewModel] No hay conexión. Se omite procesamiento.
2026-09-23 09:23:17 [SocketService] 🧹 Limpiando recursos [ID: 225]
2026-09-23 09:23:17 [SocketService] ⏰ Watchdog: 143772ms sin mensajes, forzando reconexión
2026-09-23 09:22:29 [ProtectorVM] TEMP: 39.1C -> cap térmico 100%
2026-09-23 09:22:29 [ProtectorVM] temp: 39.1C
2026-09-23 09:20:53 [SocketMessageDispatcher] Mensaje: Header: report, Data: {positions=1}
2026-09-23 09:20:53 [SocketService] [RECIBIDO]| #5 | SID:225 | 3B | report [DATA]: {positions=1}
2026-09-23 09:20:53 [SocketService] [ENVIADO] | [NUEVO] (36B) [KEY]: report [DATA]: {trip=39119, route=1, positions=[{lng=-77.0312327, busstop=0, angle=104, accuracy=10, time=2026-09-23T09:20:52.983703, lat=-12.119135, speed=5, mark=0}], state=R, sales=0, events=[], direction=false}
2026-09-23 09:20:53 [PositionRepository] 📤 Enviando 1 (batch=2, pendientes=1)
2026-09-23 09:20:52 [LocationTrackingService] GPS desactivado - Pulso cada 5 min acc:10.642m
2026-09-23 09:20:48 [SocketMessageDispatcher] Mensaje: Header: salida, Data: {lado=false, estado=R, frecuencia=10, ruta=1, geocerca=47, controles=[{volada=0, tiempo=0, geocerca=1}, {volada=0, tiempo=4, geocerca=5}, {volada=0, tiempo=3, geocerca=6}, {volada=-2, tiempo=2, geocerca=7}, {volada=-1, tiempo=2, geocerca=8}, {volada=5, tiempo=2, geocerca=9}, {volada=3, tiempo=3, geocerca=10}, {volada=9, tiempo=2, geocerca=11}, {volada=8, tiempo=4, geocerca=12}, {volada=5, tiempo=4, geocerca=13}, {volada=6, tiempo=2, geocerca=14}, {volada=7, tiempo=2, geocerca=17}, {volada=9, tiempo=2, geocerca=15}, {volada=14, tiempo=3, geocerca=16}, {volada=21, tiempo=3, geocerca=18}, {volada=24, tiempo=5, geocerca=19}, {volada=25, tiempo=5, geocerca=20}, {volada=29, tiempo=4, geocerca=21}, {volada=32, tiempo=4, geocerca=2}, {volada=41, tiempo=0, geocerca=39}, {volada=52, tiempo=0, geocerca=40}, {volada=63, tiempo=0, geocerca=41}, {volada=69, tiempo=0, geocerca=42}, {volada=72, tiempo=0, geocerca=43}, {volada=77, tiempo=0, geocerca=44}, {volada=84, tiempo=0, geocerca=45}, {volada=95, tiempo=7, geocerca=46}, {volada=97, tiempo=10, geocerca=47}, {volada=0, tiempo=9, geocerca=48}, {volada=0, tiempo=8, geocerca=49}, {volada=0, tiempo=12, geocerca=70}, {volada=0, tiempo=12, geocerca=50}, {volada=0, tiempo=6, geocerca=71}, {volada=0, tiempo=6, geocerca=51}, {volada=0, tiempo=10, geocerca=72}, {volada=0, tiempo=5, geocerca=52}, {volada=0, tiempo=0, geocerca=164}], inicio=2026-09-23T06:23, marcados=[false, false, false, true, true, true, true, true, true, true, true, true, true, true, true, true, true, true, true, true, true, true, true, true, true, true, true, true, false, false, false, false, false, false, false, false, false], id=39119, conductor=131}
2026-09-23 09:20:48 [SocketMessageDispatcher] Mensaje: Header: backward_datero_hide, Data: {pad=132, geofence=46, delta=10, orden=0, id=4981796350}
2026-09-23 09:20:48 [SocketMessageDispatcher] Mensaje: Header: forward_datero_hide, Data: {trip=39119, geofence=47, time=2026-09-23T09:13:41, dateros=[{delta=13, padron=124}, {delta=40, padron=128}, {delta=10, padron=146}, {delta=11, padron=107}, {delta=22, padron=131}]}
2026-09-23 09:20:47 [SocketService] [RECIBIDO]| #4 | SID:225 | 251B | salida [DATA]: {lado=false, estado=R, frecuencia=10, ruta=1, geocerca=47, controles=[{volada=0, tiempo=0, geocerca=1}, {volada=0, tiempo=4, geocerca=5}, {volada=0, tiempo=3, geocerca=6}, {volada=-2, tiempo=2, geocerca=7}, {volada=-1, tiempo=2, geocerca=8}, {volada=5, tiempo=2, geocerca=9}, {volada=3, tiempo=3, geocerca=10}, {volada=9, tiempo=2, geocerca=11}, {volada=8, tiempo=4, geocerca=12}, {volada=5, tiempo=4, geocerca=13}, {volada=6, tiempo=2, geocerca=14}, {volada=7, tiempo=2, geocerca=17}, {volada=9, tiempo=2, geocerca=15}, {volada=14, tiempo=3, geocerca=16}, {volada=21, tiempo=3, geocerca=18}, {volada=24, tiempo=5, geocerca=19}, {volada=25, tiempo=5, geocerca=20}, {volada=29, tiempo=4, geocerca=21}, {volada=32, tiempo=4, geocerca=2}, {volada=41, tiempo=0, geocerca=39}, {volada=52, tiempo=0, geocerca=40}, {volada=63, tiempo=0, geocerca=41}, {volada=69, tiempo=0, geocerca=42}, {volada=72, tiempo=0, geocerca=43}, {volada=77, tiempo=0, geocerca=44}, {volada=84, tiempo=0, geocerca=45}, {volada=95, tiempo=7, geocerca=46}, {volada=97, tiempo=10, geocerca=47}, {volada=0, tiempo=9, geocerca=48}, {volada=0, tiempo=8, geocerca=49}, {volada=0, tiempo=12, geocerca=70}, {volada=0, tiempo=12, geocerca=50}, {volada=0, tiempo=6, geocerca=71}, {volada=0, tiempo=6, geocerca=51}, {volada=0, tiempo=10, geocerca=72}, {volada=0, tiempo=5, geocerca=52}, {volada=0, tiempo=0, geocerca=164}], inicio=2026-09-23T06:23, marcados=[false, false, false, true, true, true, true, true, true, true, true, true, true, true, true, true, true, true, true, true, true, true, true, true, true, true, true, true, false, false, false, false, false, false, false, false, false], id=39119, conductor=131}
2026-09-23 09:20:47 [SocketService] [RECIBIDO]| #3 | SID:225 | 20B | backward_datero_hide [DATA]: {pad=132, geofence=46, delta=10, orden=0, id=4981796350}
2026-09-23 09:20:47 [SocketService] [RECIBIDO]| #2 | SID:225 | 31B | forward_datero_hide [DATA]: {trip=39119, geofence=47, time=2026-09-23T09:13:41, dateros=[{delta=13, padron=124}, {delta=40, padron=128}, {delta=10, padron=146}, {delta=11, padron=107}, {delta=22, padron=131}]}
2026-09-23 09:20:47 [SocketService] [ENVIADO] | [NUEVO] (3B) [KEY]: backward_datero [DATA]: {id=0}
2026-09-23 09:20:47 [SocketService] [ENVIADO] | [NUEVO] (4B) [KEY]: forward_datero [DATA]: {id=0}
2026-09-23 09:20:47 [SocketService] [ENVIADO] | [NUEVO] (7B) [KEY]: salida [DATA]: {limit=0, salida=39119}
2026-09-23 09:20:47 [SocketMessageDispatcher] ✅ Login confirmado por servidor (sesión OK)
2026-09-23 09:20:47 [SocketMessageDispatcher] Mensaje: Header: login, Data: {voice=true, orientation=false, contactless=false, data=2026-09-23T09:20:47, ticket=true, geofence=47, gps=false, schedule=06:33, ads=false, route=1, trip=39119, driver=null, calls=true, padron=124, id=15, state=R, map=false, placa=BCG906, direction=false, order=1}
2026-09-23 09:20:47 [SocketService] [RECIBIDO]| #1 | SID:225 | 35B | login [DATA]: {voice=true, orientation=false, contactless=false, data=2026-09-23T09:20:47, ticket=true, geofence=47, gps=false, schedule=06:33, ads=false, route=1, trip=39119, driver=null, calls=true, padron=124, id=15, state=R, map=false, placa=BCG906, direction=false, order=1}
2026-09-23 09:20:47 [SocketService] 🔒 WakeLock + WifiLock adquiridos
2026-09-23 09:20:47 [SocketService] [ENVIADO] | [NUEVO] (18B) [KEY]: login [DATA]: {serial=864255060447047}
2026-09-23 09:20:47 [SocketService] 🔑 Enviando login handshake (864255060447047)
2026-09-23 09:20:47 [SocketService] ✅ CONECTADO [ID: 225] en 73095256ms - Code: 101
2026-09-23 09:20:46 [SocketService] 🔄 Conectando [ID: 225] a ws://34.71.11.201:22222?schema=android&gps=true&console=true&version=2
2026-09-23 09:20:46 [SocketService] ✅ Recursos completamente limpiados
2026-09-23 09:20:46 [SocketService] 🔄 Nuevo Socket ID: 225
2026-09-23 09:20:46 [GpsViewModel] No hay conexión. Se omite procesamiento.
2026-09-23 09:20:46 [SocketService] 🧹 Limpiando recursos [ID: 224]
2026-09-23 09:20:46 [SocketService] ⏰ Watchdog: 134560ms sin mensajes, forzando reconexión
2026-09-23 09:18:17 [SocketMessageDispatcher] Mensaje: Header: backward_datero_hide, Data: {pad=132, geofence=46, delta=10, orden=0, id=4981796350}
2026-09-23 09:18:17 [SocketMessageDispatcher] Mensaje: Header: forward_datero_hide, Data: {trip=39119, geofence=47, time=2026-09-23T09:13:41, dateros=[{delta=13, padron=124}, {delta=40, padron=128}, {delta=10, padron=146}, {delta=11, padron=107}, {delta=22, padron=131}]}
2026-09-23 09:18:17 [SocketMessageDispatcher] Mensaje: Header: salida, Data: {lado=false, estado=R, frecuencia=10, ruta=1, geocerca=47, controles=[{volada=0, tiempo=0, geocerca=1}, {volada=0, tiempo=4, geocerca=5}, {volada=0, tiempo=3, geocerca=6}, {volada=-2, tiempo=2, geocerca=7}, {volada=-1, tiempo=2, geocerca=8}, {volada=5, tiempo=2, geocerca=9}, {volada=3, tiempo=3, geocerca=10}, {volada=9, tiempo=2, geocerca=11}, {volada=8, tiempo=4, geocerca=12}, {volada=5, tiempo=4, geocerca=13}, {volada=6, tiempo=2, geocerca=14}, {volada=7, tiempo=2, geocerca=17}, {volada=9, tiempo=2, geocerca=15}, {volada=14, tiempo=3, geocerca=16}, {volada=21, tiempo=3, geocerca=18}, {volada=24, tiempo=5, geocerca=19}, {volada=25, tiempo=5, geocerca=20}, {volada=29, tiempo=4, geocerca=21}, {volada=32, tiempo=4, geocerca=2}, {volada=41, tiempo=0, geocerca=39}, {volada=52, tiempo=0, geocerca=40}, {volada=63, tiempo=0, geocerca=41}, {volada=69, tiempo=0, geocerca=42}, {volada=72, tiempo=0, geocerca=43}, {volada=77, tiempo=0, geocerca=44}, {volada=84, tiempo=0, geocerca=45}, {volada=95, tiempo=7, geocerca=46}, {volada=97, tiempo=10, geocerca=47}, {volada=0, tiempo=9, geocerca=48}, {volada=0, tiempo=8, geocerca=49}, {volada=0, tiempo=12, geocerca=70}, {volada=0, tiempo=12, geocerca=50}, {volada=0, tiempo=6, geocerca=71}, {volada=0, tiempo=6, geocerca=51}, {volada=0, tiempo=10, geocerca=72}, {volada=0, tiempo=5, geocerca=52}, {volada=0, tiempo=0, geocerca=164}], inicio=2026-09-23T06:23, marcados=[false, false, false, true, true, true, true, true, true, true, true, true, true, true, true, true, true, true, true, true, true, true, true, true, true, true, true, true, false, false, false, false, false, false, false, false, false], id=39119, conductor=131}
2026-09-23 09:18:17 [SocketService] [RECIBIDO]| #4 | SID:224 | 20B | backward_datero_hide [DATA]: {pad=132, geofence=46, delta=10, orden=0, id=4981796350}
2026-09-23 09:18:17 [SocketService] [RECIBIDO]| #3 | SID:224 | 31B | forward_datero_hide [DATA]: {trip=39119, geofence=47, time=2026-09-23T09:13:41, dateros=[{delta=13, padron=124}, {delta=40, padron=128}, {delta=10, padron=146}, {delta=11, padron=107}, {delta=22, padron=131}]}
2026-09-23 09:18:17 [SocketService] [RECIBIDO]| #2 | SID:224 | 251B | salida [DATA]: {lado=false, estado=R, frecuencia=10, ruta=1, geocerca=47, controles=[{volada=0, tiempo=0, geocerca=1}, {volada=0, tiempo=4, geocerca=5}, {volada=0, tiempo=3, geocerca=6}, {volada=-2, tiempo=2, geocerca=7}, {volada=-1, tiempo=2, geocerca=8}, {volada=5, tiempo=2, geocerca=9}, {volada=3, tiempo=3, geocerca=10}, {volada=9, tiempo=2, geocerca=11}, {volada=8, tiempo=4, geocerca=12}, {volada=5, tiempo=4, geocerca=13}, {volada=6, tiempo=2, geocerca=14}, {volada=7, tiempo=2, geocerca=17}, {volada=9, tiempo=2, geocerca=15}, {volada=14, tiempo=3, geocerca=16}, {volada=21, tiempo=3, geocerca=18}, {volada=24, tiempo=5, geocerca=19}, {volada=25, tiempo=5, geocerca=20}, {volada=29, tiempo=4, geocerca=21}, {volada=32, tiempo=4, geocerca=2}, {volada=41, tiempo=0, geocerca=39}, {volada=52, tiempo=0, geocerca=40}, {volada=63, tiempo=0, geocerca=41}, {volada=69, tiempo=0, geocerca=42}, {volada=72, tiempo=0, geocerca=43}, {volada=77, tiempo=0, geocerca=44}, {volada=84, tiempo=0, geocerca=45}, {volada=95, tiempo=7, geocerca=46}, {volada=97, tiempo=10, geocerca=47}, {volada=0, tiempo=9, geocerca=48}, {volada=0, tiempo=8, geocerca=49}, {volada=0, tiempo=12, geocerca=70}, {volada=0, tiempo=12, geocerca=50}, {volada=0, tiempo=6, geocerca=71}, {volada=0, tiempo=6, geocerca=51}, {volada=0, tiempo=10, geocerca=72}, {volada=0, tiempo=5, geocerca=52}, {volada=0, tiempo=0, geocerca=164}], inicio=2026-09-23T06:23, marcados=[false, false, false, true, true, true, true, true, true, true, true, true, true, true, true, true, true, true, true, true, true, true, true, true, true, true, true, true, false, false, false, false, false, false, false, false, false], id=39119, conductor=131}
2026-09-23 09:18:16 [SocketService] [ENVIADO] | [NUEVO] (3B) [KEY]: backward_datero [DATA]: {id=0}
2026-09-23 09:18:16 [SocketService] [ENVIADO] | [NUEVO] (4B) [KEY]: forward_datero [DATA]: {id=0}
2026-09-23 09:18:16 [SocketService] [ENVIADO] | [NUEVO] (7B) [KEY]: salida [DATA]: {limit=0, salida=39119}
2026-09-23 09:18:16 [SocketMessageDispatcher] ✅ Login confirmado por servidor (sesión OK)
2026-09-23 09:18:16 [SocketMessageDispatcher] Mensaje: Header: login, Data: {voice=true, orientation=false, contactless=false, data=2026-09-23T09:18:16, ticket=true, geofence=47, gps=false, schedule=06:33, ads=false, route=1, trip=39119, driver=null, calls=true, padron=124, id=15, state=R, map=false, placa=BCG906, direction=false, order=1}
2026-09-23 09:18:16 [SocketService] [RECIBIDO]| #1 | SID:224 | 35B | login [DATA]: {voice=true, orientation=false, contactless=false, data=2026-09-23T09:18:16, ticket=true, geofence=47, gps=false, schedule=06:33, ads=false, route=1, trip=39119, driver=null, calls=true, padron=124, id=15, state=R, map=false, placa=BCG906, direction=false, order=1}
2026-09-23 09:18:16 [SocketService] 🔒 WakeLock + WifiLock adquiridos
2026-09-23 09:18:16 [SocketService] [ENVIADO] | [NUEVO] (18B) [KEY]: login [DATA]: {serial=864255060447047}
2026-09-23 09:18:16 [SocketService] 🔑 Enviando login handshake (864255060447047)
2026-09-23 09:18:16 [SocketService] ✅ CONECTADO [ID: 224] en 72944768ms - Code: 101
2026-09-23 09:18:16 [SocketService] 🔄 Conectando [ID: 224] a ws://34.71.11.201:22222?schema=android&gps=true&console=true&version=2
2026-09-23 09:18:16 [SocketService] ✅ Recursos completamente limpiados
2026-09-23 09:18:16 [SocketService] 🔄 Nuevo Socket ID: 224
2026-09-23 09:18:16 [GpsViewModel] No hay conexión. Se omite procesamiento.
2026-09-23 09:18:16 [SocketService] 🧹 Limpiando recursos [ID: 223]
2026-09-23 09:18:16 [SocketService] ⏰ Watchdog: 145921ms sin mensajes, forzando reconexión
2026-09-23 09:18:01 [ParaderoManager] Paradero más cercano: Paradero(id=39, lado=false, ruta=Ruta(id=1, codigo=1493, inicio=null, activo=false), activo=true, nombre=P. REPUBLICA, orden=15, latitud=-12.119229420196872, liquidar=false, longitud=-77.02661416752463, radio=45.0, velocidad=50.0, terminal=false, audio=P. REPUBLICA)
2026-09-23 09:17:29 [ProtectorVM] TEMP: 39.0C -> cap térmico 100%
2026-09-23 09:17:29 [ProtectorVM] temp: 39.0C
2026-09-23 09:15:50 [SocketMessageDispatcher] Mensaje: Header: report, Data: {positions=1}
2026-09-23 09:15:50 [SocketService] [RECIBIDO]| #5 | SID:223 | 3B | report [DATA]: {positions=1}
2026-09-23 09:15:50 [SocketService] [ENVIADO] | [NUEVO] (36B) [KEY]: report [DATA]: {trip=39119, route=1, positions=[{lng=-77.0376011, busstop=0, angle=93, accuracy=10, time=2026-09-23T09:15:49.987628, lat=-12.1191563, speed=11, mark=0}], state=R, sales=0, events=[], direction=false}
2026-09-23 09:15:50 [PositionRepository] 📤 Enviando 1 (batch=2, pendientes=1)
2026-09-23 09:15:49 [LocationTrackingService] GPS desactivado - Pulso cada 5 min acc:10.312m
2026-09-23 09:15:47 [SocketMessageDispatcher] Mensaje: Header: salida, Data: {lado=false, estado=R, frecuencia=10, ruta=1, geocerca=47, controles=[{volada=0, tiempo=0, geocerca=1}, {volada=0, tiempo=4, geocerca=5}, {volada=0, tiempo=3, geocerca=6}, {volada=-2, tiempo=2, geocerca=7}, {volada=-1, tiempo=2, geocerca=8}, {volada=5, tiempo=2, geocerca=9}, {volada=3, tiempo=3, geocerca=10}, {volada=9, tiempo=2, geocerca=11}, {volada=8, tiempo=4, geocerca=12}, {volada=5, tiempo=4, geocerca=13}, {volada=6, tiempo=2, geocerca=14}, {volada=7, tiempo=2, geocerca=17}, {volada=9, tiempo=2, geocerca=15}, {volada=14, tiempo=3, geocerca=16}, {volada=21, tiempo=3, geocerca=18}, {volada=24, tiempo=5, geocerca=19}, {volada=25, tiempo=5, geocerca=20}, {volada=29, tiempo=4, geocerca=21}, {volada=32, tiempo=4, geocerca=2}, {volada=41, tiempo=0, geocerca=39}, {volada=52, tiempo=0, geocerca=40}, {volada=63, tiempo=0, geocerca=41}, {volada=69, tiempo=0, geocerca=42}, {volada=72, tiempo=0, geocerca=43}, {volada=77, tiempo=0, geocerca=44}, {volada=84, tiempo=0, geocerca=45}, {volada=95, tiempo=7, geocerca=46}, {volada=97, tiempo=10, geocerca=47}, {volada=0, tiempo=9, geocerca=48}, {volada=0, tiempo=8, geocerca=49}, {volada=0, tiempo=12, geocerca=70}, {volada=0, tiempo=12, geocerca=50}, {volada=0, tiempo=6, geocerca=71}, {volada=0, tiempo=6, geocerca=51}, {volada=0, tiempo=10, geocerca=72}, {volada=0, tiempo=5, geocerca=52}, {volada=0, tiempo=0, geocerca=164}], inicio=2026-09-23T06:23, marcados=[false, false, false, true, true, true, true, true, true, true, true, true, true, true, true, true, true, true, true, true, true, true, true, true, true, true, true, true, false, false, false, false, false, false, false, false, false], id=39119, conductor=131}
2026-09-23 09:15:47 [SocketMessageDispatcher] Mensaje: Header: backward_datero_hide, Data: {pad=132, geofence=46, delta=10, orden=0, id=4981796350}
2026-09-23 09:15:47 [SocketMessageDispatcher] Mensaje: Header: forward_datero_hide, Data: {trip=39119, geofence=47, time=2026-09-23T09:13:41, dateros=[{delta=13, padron=124}, {delta=40, padron=128}, {delta=10, padron=146}, {delta=11, padron=107}, {delta=22, padron=131}]}
2026-09-23 09:15:47 [SocketService] [RECIBIDO]| #4 | SID:223 | 251B | salida [DATA]: {lado=false, estado=R, frecuencia=10, ruta=1, geocerca=47, controles=[{volada=0, tiempo=0, geocerca=1}, {volada=0, tiempo=4, geocerca=5}, {volada=0, tiempo=3, geocerca=6}, {volada=-2, tiempo=2, geocerca=7}, {volada=-1, tiempo=2, geocerca=8}, {volada=5, tiempo=2, geocerca=9}, {volada=3, tiempo=3, geocerca=10}, {volada=9, tiempo=2, geocerca=11}, {volada=8, tiempo=4, geocerca=12}, {volada=5, tiempo=4, geocerca=13}, {volada=6, tiempo=2, geocerca=14}, {volada=7, tiempo=2, geocerca=17}, {volada=9, tiempo=2, geocerca=15}, {volada=14, tiempo=3, geocerca=16}, {volada=21, tiempo=3, geocerca=18}, {volada=24, tiempo=5, geocerca=19}, {volada=25, tiempo=5, geocerca=20}, {volada=29, tiempo=4, geocerca=21}, {volada=32, tiempo=4, geocerca=2}, {volada=41, tiempo=0, geocerca=39}, {volada=52, tiempo=0, geocerca=40}, {volada=63, tiempo=0, geocerca=41}, {volada=69, tiempo=0, geocerca=42}, {volada=72, tiempo=0, geocerca=43}, {volada=77, tiempo=0, geocerca=44}, {volada=84, tiempo=0, geocerca=45}, {volada=95, tiempo=7, geocerca=46}, {volada=97, tiempo=10, geocerca=47}, {volada=0, tiempo=9, geocerca=48}, {volada=0, tiempo=8, geocerca=49}, {volada=0, tiempo=12, geocerca=70}, {volada=0, tiempo=12, geocerca=50}, {volada=0, tiempo=6, geocerca=71}, {volada=0, tiempo=6, geocerca=51}, {volada=0, tiempo=10, geocerca=72}, {volada=0, tiempo=5, geocerca=52}, {volada=0, tiempo=0, geocerca=164}], inicio=2026-09-23T06:23, marcados=[false, false, false, true, true, true, true, true, true, true, true, true, true, true, true, true, true, true, true, true, true, true, true, true, true, true, true, true, false, false, false, false, false, false, false, false, false], id=39119, conductor=131}
2026-09-23 09:15:47 [SocketService] [RECIBIDO]| #3 | SID:223 | 20B | backward_datero_hide [DATA]: {pad=132, geofence=46, delta=10, orden=0, id=4981796350}
2026-09-23 09:15:46 [SocketService] [RECIBIDO]| #2 | SID:223 | 31B | forward_datero_hide [DATA]: {trip=39119, geofence=47, time=2026-09-23T09:13:41, dateros=[{delta=13, padron=124}, {delta=40, padron=128}, {delta=10, padron=146}, {delta=11, padron=107}, {delta=22, padron=131}]}
2026-09-23 09:15:46 [SocketService] [ENVIADO] | [NUEVO] (7B) [KEY]: salida [DATA]: {limit=0, salida=39119}
2026-09-23 09:15:46 [SocketService] [ENVIADO] | [NUEVO] (3B) [KEY]: backward_datero [DATA]: {id=0}
2026-09-23 09:15:46 [SocketService] [ENVIADO] | [NUEVO] (4B) [KEY]: forward_datero [DATA]: {id=0}
2026-09-23 09:15:46 [SocketMessageDispatcher] ✅ Login confirmado por servidor (sesión OK)
2026-09-23 09:15:46 [SocketMessageDispatcher] Mensaje: Header: login, Data: {voice=true, orientation=false, contactless=false, data=2026-09-23T09:15:46, ticket=true, geofence=47, gps=false, schedule=06:33, ads=false, route=1, trip=39119, driver=null, calls=true, padron=124, id=15, state=R, map=false, placa=BCG906, direction=false, order=1}
2026-09-23 09:15:46 [SocketService] [RECIBIDO]| #1 | SID:223 | 35B | login [DATA]: {voice=true, orientation=false, contactless=false, data=2026-09-23T09:15:46, ticket=true, geofence=47, gps=false, schedule=06:33, ads=false, route=1, trip=39119, driver=null, calls=true, padron=124, id=15, state=R, map=false, placa=BCG906, direction=false, order=1}
2026-09-23 09:15:46 [SocketService] 🔒 WakeLock + WifiLock adquiridos
2026-09-23 09:15:46 [SocketService] [ENVIADO] | [NUEVO] (18B) [KEY]: login [DATA]: {serial=864255060447047}
2026-09-23 09:15:46 [SocketService] 🔑 Enviando login handshake (864255060447047)
2026-09-23 09:15:46 [SocketService] ✅ CONECTADO [ID: 223] en 72794290ms - Code: 101
2026-09-23 09:15:45 [SocketService] ✅ Recursos completamente limpiados
2026-09-23 09:15:45 [SocketService] 🔄 Conectando [ID: 223] a ws://34.71.11.201:22222?schema=android&gps=true&console=true&version=2
2026-09-23 09:15:45 [SocketService] 🔄 Nuevo Socket ID: 223
2026-09-23 09:15:45 [GpsViewModel] No hay conexión. Se omite procesamiento.
2026-09-23 09:15:45 [SocketService] ⏰ Watchdog: 123602ms sin mensajes, forzando reconexión
2026-09-23 09:15:45 [SocketService] 🧹 Limpiando recursos [ID: 222]
2026-09-23 09:13:42 [ERROR-GeoMarkViewModel] ❌ Geocerca ID 47 no encontrada
2026-09-23 09:13:42 [SocketMessageDispatcher] Mensaje: Header: forward_datero, Data: {trip=39119, geofence=47, time=2026-09-23T09:13:41, dateros=[{delta=13, padron=124}, {delta=40, padron=128}, {delta=10, padron=146}, {delta=11, padron=107}, {delta=22, padron=131}]}
2026-09-23 09:13:42 [SocketMessageDispatcher] Mensaje: Header: mark, Data: {volada=97, trip=39119, geofence=47, id=1135735, state=M, timestamp=2026-09-23T09:13:41}
2026-09-23 09:13:42 [SocketService] [RECIBIDO]| #7 | SID:222 | 32B | forward_datero [DATA]: {trip=39119, geofence=47, time=2026-09-23T09:13:41, dateros=[{delta=13, padron=124}, {delta=40, padron=128}, {delta=10, padron=146}, {delta=11, padron=107}, {delta=22, padron=131}]}
2026-09-23 09:13:42 [SocketService] [RECIBIDO]| #6 | SID:222 | 25B | mark [DATA]: {volada=97, trip=39119, geofence=47, id=1135735, state=M, timestamp=2026-09-23T09:13:41}
2026-09-23 09:13:16 [SocketMessageDispatcher] Mensaje: Header: backward_datero_hide, Data: {pad=132, geofence=46, delta=10, orden=0, id=4981796350}
2026-09-23 09:13:16 [SocketMessageDispatcher] Mensaje: Header: forward_datero_hide, Data: {trip=39119, geofence=46, time=2026-09-23T09:01:09, dateros=[{delta=13, padron=124}, {delta=37, padron=128}, {delta=11, padron=146}, {delta=11, padron=107}, {delta=22, padron=131}]}
2026-09-23 09:13:16 [SocketMessageDispatcher] Mensaje: Header: salida, Data: {lado=false, estado=R, frecuencia=10, ruta=1, geocerca=46, controles=[{volada=0, tiempo=0, geocerca=1}, {volada=0, tiempo=4, geocerca=5}, {volada=0, tiempo=3, geocerca=6}, {volada=-2, tiempo=2, geocerca=7}, {volada=-1, tiempo=2, geocerca=8}, {volada=5, tiempo=2, geocerca=9}, {volada=3, tiempo=3, geocerca=10}, {volada=9, tiempo=2, geocerca=11}, {volada=8, tiempo=4, geocerca=12}, {volada=5, tiempo=4, geocerca=13}, {volada=6, tiempo=2, geocerca=14}, {volada=7, tiempo=2, geocerca=17}, {volada=9, tiempo=2, geocerca=15}, {volada=14, tiempo=3, geocerca=16}, {volada=21, tiempo=3, geocerca=18}, {volada=24, tiempo=5, geocerca=19}, {volada=25, tiempo=5, geocerca=20}, {volada=29, tiempo=4, geocerca=21}, {volada=32, tiempo=4, geocerca=2}, {volada=41, tiempo=0, geocerca=39}, {volada=52, tiempo=0, geocerca=40}, {volada=63, tiempo=0, geocerca=41}, {volada=69, tiempo=0, geocerca=42}, {volada=72, tiempo=0, geocerca=43}, {volada=77, tiempo=0, geocerca=44}, {volada=84, tiempo=0, geocerca=45}, {volada=95, tiempo=7, geocerca=46}, {volada=0, tiempo=10, geocerca=47}, {volada=0, tiempo=9, geocerca=48}, {volada=0, tiempo=8, geocerca=49}, {volada=0, tiempo=12, geocerca=70}, {volada=0, tiempo=12, geocerca=50}, {volada=0, tiempo=6, geocerca=71}, {volada=0, tiempo=6, geocerca=51}, {volada=0, tiempo=10, geocerca=72}, {volada=0, tiempo=5, geocerca=52}, {volada=0, tiempo=0, geocerca=164}], inicio=2026-09-23T06:23, marcados=[false, false, false, true, true, true, true, true, true, true, true, true, true, true, true, true, true, true, true, true, true, true, true, true, true, true, true, false, false, false, false, false, false, false, false, false, false], id=39119, conductor=131}
2026-09-23 09:13:16 [SocketService] [RECIBIDO]| #4 | SID:222 | 20B | backward_datero_hide [DATA]: {pad=132, geofence=46, delta=10, orden=0, id=4981796350}
2026-09-23 09:13:16 [SocketService] [RECIBIDO]| #3 | SID:222 | 31B | forward_datero_hide [DATA]: {trip=39119, geofence=46, time=2026-09-23T09:01:09, dateros=[{delta=13, padron=124}, {delta=37, padron=128}, {delta=11, padron=146}, {delta=11, padron=107}, {delta=22, padron=131}]}
2026-09-23 09:13:16 [SocketService] [RECIBIDO]| #2 | SID:222 | 251B | salida [DATA]: {lado=false, estado=R, frecuencia=10, ruta=1, geocerca=46, controles=[{volada=0, tiempo=0, geocerca=1}, {volada=0, tiempo=4, geocerca=5}, {volada=0, tiempo=3, geocerca=6}, {volada=-2, tiempo=2, geocerca=7}, {volada=-1, tiempo=2, geocerca=8}, {volada=5, tiempo=2, geocerca=9}, {volada=3, tiempo=3, geocerca=10}, {volada=9, tiempo=2, geocerca=11}, {volada=8, tiempo=4, geocerca=12}, {volada=5, tiempo=4, geocerca=13}, {volada=6, tiempo=2, geocerca=14}, {volada=7, tiempo=2, geocerca=17}, {volada=9, tiempo=2, geocerca=15}, {volada=14, tiempo=3, geocerca=16}, {volada=21, tiempo=3, geocerca=18}, {volada=24, tiempo=5, geocerca=19}, {volada=25, tiempo=5, geocerca=20}, {volada=29, tiempo=4, geocerca=21}, {volada=32, tiempo=4, geocerca=2}, {volada=41, tiempo=0, geocerca=39}, {volada=52, tiempo=0, geocerca=40}, {volada=63, tiempo=0, geocerca=41}, {volada=69, tiempo=0, geocerca=42}, {volada=72, tiempo=0, geocerca=43}, {volada=77, tiempo=0, geocerca=44}, {volada=84, tiempo=0, geocerca=45}, {volada=95, tiempo=7, geocerca=46}, {volada=0, tiempo=10, geocerca=47}, {volada=0, tiempo=9, geocerca=48}, {volada=0, tiempo=8, geocerca=49}, {volada=0, tiempo=12, geocerca=70}, {volada=0, tiempo=12, geocerca=50}, {volada=0, tiempo=6, geocerca=71}, {volada=0, tiempo=6, geocerca=51}, {volada=0, tiempo=10, geocerca=72}, {volada=0, tiempo=5, geocerca=52}, {volada=0, tiempo=0, geocerca=164}], inicio=2026-09-23T06:23, marcados=[false, false, false, true, true, true, true, true, true, true, true, true, true, true, true, true, true, true, true, true, true, true, true, true, true, true, true, false, false, false, false, false, false, false, false, false, false], id=39119, conductor=131}
2026-09-23 09:13:16 [SocketService] [ENVIADO] | [NUEVO] (3B) [KEY]: backward_datero [DATA]: {id=0}
2026-09-23 09:13:16 [SocketService] [ENVIADO] | [NUEVO] (4B) [KEY]: forward_datero [DATA]: {id=0}
2026-09-23 09:13:16 [SocketService] [ENVIADO] | [NUEVO] (7B) [KEY]: salida [DATA]: {limit=0, salida=39119}
2026-09-23 09:13:15 [SocketMessageDispatcher] ✅ Login confirmado por servidor (sesión OK)
2026-09-23 09:13:15 [SocketMessageDispatcher] Mensaje: Header: login, Data: {voice=true, orientation=false, contactless=false, data=2026-09-23T09:13:15, ticket=true, geofence=46, gps=false, schedule=06:33, ads=false, route=1, trip=39119, driver=null, calls=true, padron=124, id=15, state=R, map=false, placa=BCG906, direction=false, order=1}
2026-09-23 09:13:15 [SocketService] [RECIBIDO]| #1 | SID:222 | 35B | login [DATA]: {voice=true, orientation=false, contactless=false, data=2026-09-23T09:13:15, ticket=true, geofence=46, gps=false, schedule=06:33, ads=false, route=1, trip=39119, driver=null, calls=true, padron=124, id=15, state=R, map=false, placa=BCG906, direction=false, order=1}
2026-09-23 09:13:15 [SocketService] 🔒 WakeLock + WifiLock adquiridos
2026-09-23 09:13:15 [SocketService] [ENVIADO] | [NUEVO] (18B) [KEY]: login [DATA]: {serial=864255060447047}
2026-09-23 09:13:15 [SocketService] 🔑 Enviando login handshake (864255060447047)
2026-09-23 09:13:15 [SocketService] ✅ CONECTADO [ID: 222] en 72643792ms - Code: 101
2026-09-23 09:13:13 [SocketService] 🔄 Conectando [ID: 222] a ws://34.71.11.201:22222?schema=android&gps=true&console=true&version=2
2026-09-23 09:13:13 [SocketService] ✅ Recursos completamente limpiados
2026-09-23 09:13:13 [GpsViewModel] No hay conexión. Se omite procesamiento.
2026-09-23 09:13:13 [SocketService] 🔄 Nuevo Socket ID: 222
2026-09-23 09:13:13 [SocketService] 🧹 Limpiando recursos [ID: 221]
2026-09-23 09:13:13 [SocketService] ⏰ Watchdog: 128364ms sin mensajes, forzando reconexión
2026-09-23 09:12:29 [ProtectorVM] temp: 39.1C
2026-09-23 09:12:29 [ProtectorVM] TEMP: 39.1C -> cap térmico 100%
2026-09-23 09:11:04 [SocketMessageDispatcher] Mensaje: Header: backward_datero, Data: {pad=132, geofence=46, delta=10, orden=0, id=4981796350}
2026-09-23 09:11:04 [SocketService] [RECIBIDO]| #6 | SID:221 | 19B | backward_datero [DATA]: {pad=132, geofence=46, delta=10, orden=0, id=4981796350}
2026-09-23 09:10:47 [SocketMessageDispatcher] Mensaje: Header: report, Data: {positions=1}
2026-09-23 09:10:47 [SocketService] [RECIBIDO]| #5 | SID:221 | 3B | report [DATA]: {positions=1}
2026-09-23 09:10:47 [SocketService] [ENVIADO] | [NUEVO] (36B) [KEY]: report [DATA]: {trip=39119, route=1, positions=[{lng=-77.0488568, busstop=0, angle=137, accuracy=6, time=2026-09-23T09:10:46.987011, lat=-12.1129173, speed=3, mark=0}], state=R, sales=0, events=[], direction=false}
2026-09-23 09:10:47 [PositionRepository] 📤 Enviando 1 (batch=2, pendientes=1)
2026-09-23 09:10:46 [LocationTrackingService] GPS desactivado - Pulso cada 5 min acc:6.367m
2026-09-23 09:10:44 [SocketMessageDispatcher] Mensaje: Header: backward_datero_hide, Data: {pad=132, geofence=45, delta=12, orden=0, id=2140313971}
2026-09-23 09:10:44 [SocketMessageDispatcher] Mensaje: Header: forward_datero_hide, Data: {trip=39119, geofence=46, time=2026-09-23T09:01:09, dateros=[{delta=13, padron=124}, {delta=37, padron=128}, {delta=11, padron=146}, {delta=11, padron=107}, {delta=22, padron=131}]}
2026-09-23 09:10:44 [SocketMessageDispatcher] Mensaje: Header: salida, Data: {lado=false, estado=R, frecuencia=10, ruta=1, geocerca=46, controles=[{volada=0, tiempo=0, geocerca=1}, {volada=0, tiempo=4, geocerca=5}, {volada=0, tiempo=3, geocerca=6}, {volada=-2, tiempo=2, geocerca=7}, {volada=-1, tiempo=2, geocerca=8}, {volada=5, tiempo=2, geocerca=9}, {volada=3, tiempo=3, geocerca=10}, {volada=9, tiempo=2, geocerca=11}, {volada=8, tiempo=4, geocerca=12}, {volada=5, tiempo=4, geocerca=13}, {volada=6, tiempo=2, geocerca=14}, {volada=7, tiempo=2, geocerca=17}, {volada=9, tiempo=2, geocerca=15}, {volada=14, tiempo=3, geocerca=16}, {volada=21, tiempo=3, geocerca=18}, {volada=24, tiempo=5, geocerca=19}, {volada=25, tiempo=5, geocerca=20}, {volada=29, tiempo=4, geocerca=21}, {volada=32, tiempo=4, geocerca=2}, {volada=41, tiempo=0, geocerca=39}, {volada=52, tiempo=0, geocerca=40}, {volada=63, tiempo=0, geocerca=41}, {volada=69, tiempo=0, geocerca=42}, {volada=72, tiempo=0, geocerca=43}, {volada=77, tiempo=0, geocerca=44}, {volada=84, tiempo=0, geocerca=45}, {volada=95, tiempo=7, geocerca=46}, {volada=0, tiempo=10, geocerca=47}, {volada=0, tiempo=9, geocerca=48}, {volada=0, tiempo=8, geocerca=49}, {volada=0, tiempo=12, geocerca=70}, {volada=0, tiempo=12, geocerca=50}, {volada=0, tiempo=6, geocerca=71}, {volada=0, tiempo=6, geocerca=51}, {volada=0, tiempo=10, geocerca=72}, {volada=0, tiempo=5, geocerca=52}, {volada=0, tiempo=0, geocerca=164}], inicio=2026-09-23T06:23, marcados=[false, false, false, true, true, true, true, true, true, true, true, true, true, true, true, true, true, true, true, true, true, true, true, true, true, true, true, false, false, false, false, false, false, false, false, false, false], id=39119, conductor=131}
2026-09-23 09:10:44 [SocketService] [RECIBIDO]| #4 | SID:221 | 20B | backward_datero_hide [DATA]: {pad=132, geofence=45, delta=12, orden=0, id=2140313971}
2026-09-23 09:10:44 [SocketService] [RECIBIDO]| #3 | SID:221 | 31B | forward_datero_hide [DATA]: {trip=39119, geofence=46, time=2026-09-23T09:01:09, dateros=[{delta=13, padron=124}, {delta=37, padron=128}, {delta=11, padron=146}, {delta=11, padron=107}, {delta=22, padron=131}]}
2026-09-23 09:10:43 [SocketService] [RECIBIDO]| #2 | SID:221 | 251B | salida [DATA]: {lado=false, estado=R, frecuencia=10, ruta=1, geocerca=46, controles=[{volada=0, tiempo=0, geocerca=1}, {volada=0, tiempo=4, geocerca=5}, {volada=0, tiempo=3, geocerca=6}, {volada=-2, tiempo=2, geocerca=7}, {volada=-1, tiempo=2, geocerca=8}, {volada=5, tiempo=2, geocerca=9}, {volada=3, tiempo=3, geocerca=10}, {volada=9, tiempo=2, geocerca=11}, {volada=8, tiempo=4, geocerca=12}, {volada=5, tiempo=4, geocerca=13}, {volada=6, tiempo=2, geocerca=14}, {volada=7, tiempo=2, geocerca=17}, {volada=9, tiempo=2, geocerca=15}, {volada=14, tiempo=3, geocerca=16}, {volada=21, tiempo=3, geocerca=18}, {volada=24, tiempo=5, geocerca=19}, {volada=25, tiempo=5, geocerca=20}, {volada=29, tiempo=4, geocerca=21}, {volada=32, tiempo=4, geocerca=2}, {volada=41, tiempo=0, geocerca=39}, {volada=52, tiempo=0, geocerca=40}, {volada=63, tiempo=0, geocerca=41}, {volada=69, tiempo=0, geocerca=42}, {volada=72, tiempo=0, geocerca=43}, {volada=77, tiempo=0, geocerca=44}, {volada=84, tiempo=0, geocerca=45}, {volada=95, tiempo=7, geocerca=46}, {volada=0, tiempo=10, geocerca=47}, {volada=0, tiempo=9, geocerca=48}, {volada=0, tiempo=8, geocerca=49}, {volada=0, tiempo=12, geocerca=70}, {volada=0, tiempo=12, geocerca=50}, {volada=0, tiempo=6, geocerca=71}, {volada=0, tiempo=6, geocerca=51}, {volada=0, tiempo=10, geocerca=72}, {volada=0, tiempo=5, geocerca=52}, {volada=0, tiempo=0, geocerca=164}], inicio=2026-09-23T06:23, marcados=[false, false, false, true, true, true, true, true, true, true, true, true, true, true, true, true, true, true, true, true, true, true, true, true, true, true, true, false, false, false, false, false, false, false, false, false, false], id=39119, conductor=131}
2026-09-23 09:10:43 [SocketService] [ENVIADO] | [NUEVO] (3B) [KEY]: backward_datero [DATA]: {id=0}
2026-09-23 09:10:43 [SocketService] [ENVIADO] | [NUEVO] (7B) [KEY]: salida [DATA]: {limit=0, salida=39119}
2026-09-23 09:10:43 [SocketService] [ENVIADO] | [NUEVO] (4B) [KEY]: forward_datero [DATA]: {id=0}
2026-09-23 09:10:43 [SocketMessageDispatcher] ✅ Login confirmado por servidor (sesión OK)
2026-09-23 09:10:43 [SocketMessageDispatcher] Mensaje: Header: login, Data: {voice=true, orientation=false, contactless=false, data=2026-09-23T09:10:43, ticket=true, geofence=46, gps=false, schedule=06:33, ads=false, route=1, trip=39119, driver=null, calls=true, padron=124, id=15, state=R, map=false, placa=BCG906, direction=false, order=1}
2026-09-23 09:10:43 [SocketService] [RECIBIDO]| #1 | SID:221 | 35B | login [DATA]: {voice=true, orientation=false, contactless=false, data=2026-09-23T09:10:43, ticket=true, geofence=46, gps=false, schedule=06:33, ads=false, route=1, trip=39119, driver=null, calls=true, padron=124, id=15, state=R, map=false, placa=BCG906, direction=false, order=1}
2026-09-23 09:10:43 [SocketService] 🔒 WakeLock + WifiLock adquiridos
2026-09-23 09:10:43 [SocketService] [ENVIADO] | [NUEVO] (18B) [KEY]: login [DATA]: {serial=864255060447047}
2026-09-23 09:10:43 [SocketService] 🔑 Enviando login handshake (864255060447047)
2026-09-23 09:10:43 [SocketService] ✅ CONECTADO [ID: 221] en 72491344ms - Code: 101
2026-09-23 09:10:42 [SocketService] ✅ Recursos completamente limpiados
2026-09-23 09:10:42 [SocketService] 🔄 Conectando [ID: 221] a ws://34.71.11.201:22222?schema=android&gps=true&console=true&version=2
2026-09-23 09:10:42 [SocketService] 🔄 Nuevo Socket ID: 221
2026-09-23 09:10:42 [GpsViewModel] No hay conexión. Se omite procesamiento.
2026-09-23 09:10:42 [SocketService] ⏰ Watchdog: 130965ms sin mensajes, forzando reconexión
2026-09-23 09:10:42 [SocketService] 🧹 Limpiando recursos [ID: 220]
2026-09-23 09:08:31 [SocketMessageDispatcher] Mensaje: Header: tickets, Data: {tickets=[{correlative=9326, id=6ab3dd5f27bb27508ccb8278}]}
2026-09-23 09:08:31 [SocketService] [RECIBIDO]| #11 | SID:220 | 32B | tickets [DATA]: {tickets=[{correlative=9326, id=6ab3dd5f27bb27508ccb8278}]}
2026-09-23 09:08:30 [SocketService] [ENVIADO] | [NUEVO] (43B) [KEY]: tickets [DATA]: {tickets=[{fare=5, correlative=9326, session=35417, busstop_end=5, inspector=null, vehicle=15, number=1445, route=1, driver=131, price=200.0, time=2026-09-23T09:08:30.831330, busstop_start=31, day=2026-09-23, payment_method=1, card=null}]}
2026-09-23 09:08:25 [SocketMessageDispatcher] Mensaje: Header: tickets, Data: {tickets=[{correlative=9325, id=6ab3dd5927bb27508ccb8262}]}
2026-09-23 09:08:25 [SocketService] [RECIBIDO]| #7 | SID:220 | 32B | tickets [DATA]: {tickets=[{correlative=9325, id=6ab3dd5927bb27508ccb8262}]}
2026-09-23 09:08:25 [SocketService] [ENVIADO] | [NUEVO] (43B) [KEY]: tickets [DATA]: {tickets=[{fare=5, correlative=9325, session=35417, busstop_end=5, inspector=null, vehicle=15, number=1444, route=1, driver=131, price=200.0, time=2026-09-23T09:08:25.386813, busstop_start=31, day=2026-09-23, payment_method=1, card=null}]}
2026-09-23 09:07:29 [ProtectorVM] TEMP: 39.1C -> cap térmico 100%
2026-09-23 09:07:29 [ProtectorVM] temp: 39.1C
2026-09-23 09:05:44 [SocketMessageDispatcher] Mensaje: Header: report, Data: {positions=1}
2026-09-23 09:05:44 [SocketService] [RECIBIDO]| #5 | SID:220 | 3B | report [DATA]: {positions=1}
2026-09-23 09:05:44 [SocketService] [ENVIADO] | [NUEVO] (36B) [KEY]: report [DATA]: {trip=39119, route=1, positions=[{lng=-77.0539974, busstop=0, angle=0, accuracy=7, time=2026-09-23T09:05:43.979697, lat=-12.1076592, speed=0, mark=0}], state=R, sales=0, events=[], direction=false}
2026-09-23 09:05:44 [PositionRepository] 📤 Enviando 1 (batch=2, pendientes=1)
2026-09-23 09:05:43 [LocationTrackingService] GPS desactivado - Pulso cada 5 min acc:7.79m
2026-09-23 09:04:44 [SocketMessageDispatcher] Mensaje: Header: salida, Data: {lado=false, estado=R, frecuencia=10, ruta=1, geocerca=46, controles=[{volada=0, tiempo=0, geocerca=1}, {volada=0, tiempo=4, geocerca=5}, {volada=0, tiempo=3, geocerca=6}, {volada=-2, tiempo=2, geocerca=7}, {volada=-1, tiempo=2, geocerca=8}, {volada=5, tiempo=2, geocerca=9}, {volada=3, tiempo=3, geocerca=10}, {volada=9, tiempo=2, geocerca=11}, {volada=8, tiempo=4, geocerca=12}, {volada=5, tiempo=4, geocerca=13}, {volada=6, tiempo=2, geocerca=14}, {volada=7, tiempo=2, geocerca=17}, {volada=9, tiempo=2, geocerca=15}, {volada=14, tiempo=3, geocerca=16}, {volada=21, tiempo=3, geocerca=18}, {volada=24, tiempo=5, geocerca=19}, {volada=25, tiempo=5, geocerca=20}, {volada=29, tiempo=4, geocerca=21}, {volada=32, tiempo=4, geocerca=2}, {volada=41, tiempo=0, geocerca=39}, {volada=52, tiempo=0, geocerca=40}, {volada=63, tiempo=0, geocerca=41}, {volada=69, tiempo=0, geocerca=42}, {volada=72, tiempo=0, geocerca=43}, {volada=77, tiempo=0, geocerca=44}, {volada=84, tiempo=0, geocerca=45}, {volada=95, tiempo=7, geocerca=46}, {volada=0, tiempo=10, geocerca=47}, {volada=0, tiempo=9, geocerca=48}, {volada=0, tiempo=8, geocerca=49}, {volada=0, tiempo=12, geocerca=70}, {volada=0, tiempo=12, geocerca=50}, {volada=0, tiempo=6, geocerca=71}, {volada=0, tiempo=6, geocerca=51}, {volada=0, tiempo=10, geocerca=72}, {volada=0, tiempo=5, geocerca=52}, {volada=0, tiempo=0, geocerca=164}], inicio=2026-09-23T06:23, marcados=[false, false, false, true, true, true, true, true, true, true, true, true, true, true, true, true, true, true, true, true, true, true, true, true, true, true, true, false, false, false, false, false, false, false, false, false, false], id=39119, conductor=131}
2026-09-23 09:04:44 [SocketMessageDispatcher] Mensaje: Header: backward_datero_hide, Data: {pad=132, geofence=45, delta=12, orden=0, id=2140313971}
2026-09-23 09:04:44 [SocketMessageDispatcher] Mensaje: Header: forward_datero_hide, Data: {trip=39119, geofence=46, time=2026-09-23T09:01:09, dateros=[{delta=13, padron=124}, {delta=37, padron=128}, {delta=11, padron=146}, {delta=11, padron=107}, {delta=22, padron=131}]}
2026-09-23 09:04:43 [SocketService] [RECIBIDO]| #4 | SID:220 | 251B | salida [DATA]: {lado=false, estado=R, frecuencia=10, ruta=1, geocerca=46, controles=[{volada=0, tiempo=0, geocerca=1}, {volada=0, tiempo=4, geocerca=5}, {volada=0, tiempo=3, geocerca=6}, {volada=-2, tiempo=2, geocerca=7}, {volada=-1, tiempo=2, geocerca=8}, {volada=5, tiempo=2, geocerca=9}, {volada=3, tiempo=3, geocerca=10}, {volada=9, tiempo=2, geocerca=11}, {volada=8, tiempo=4, geocerca=12}, {volada=5, tiempo=4, geocerca=13}, {volada=6, tiempo=2, geocerca=14}, {volada=7, tiempo=2, geocerca=17}, {volada=9, tiempo=2, geocerca=15}, {volada=14, tiempo=3, geocerca=16}, {volada=21, tiempo=3, geocerca=18}, {volada=24, tiempo=5, geocerca=19}, {volada=25, tiempo=5, geocerca=20}, {volada=29, tiempo=4, geocerca=21}, {volada=32, tiempo=4, geocerca=2}, {volada=41, tiempo=0, geocerca=39}, {volada=52, tiempo=0, geocerca=40}, {volada=63, tiempo=0, geocerca=41}, {volada=69, tiempo=0, geocerca=42}, {volada=72, tiempo=0, geocerca=43}, {volada=77, tiempo=0, geocerca=44}, {volada=84, tiempo=0, geocerca=45}, {volada=95, tiempo=7, geocerca=46}, {volada=0, tiempo=10, geocerca=47}, {volada=0, tiempo=9, geocerca=48}, {volada=0, tiempo=8, geocerca=49}, {volada=0, tiempo=12, geocerca=70}, {volada=0, tiempo=12, geocerca=50}, {volada=0, tiempo=6, geocerca=71}, {volada=0, tiempo=6, geocerca=51}, {volada=0, tiempo=10, geocerca=72}, {volada=0, tiempo=5, geocerca=52}, {volada=0, tiempo=0, geocerca=164}], inicio=2026-09-23T06:23, marcados=[false, false, false, true, true, true, true, true, true, true, true, true, true, true, true, true, true, true, true, true, true, true, true, true, true, true, true, false, false, false, false, false, false, false, false, false, false], id=39119, conductor=131}
2026-09-23 09:04:43 [SocketService] [RECIBIDO]| #3 | SID:220 | 20B | backward_datero_hide [DATA]: {pad=132, geofence=45, delta=12, orden=0, id=2140313971}
2026-09-23 09:04:43 [SocketService] [RECIBIDO]| #2 | SID:220 | 31B | forward_datero_hide [DATA]: {trip=39119, geofence=46, time=2026-09-23T09:01:09, dateros=[{delta=13, padron=124}, {delta=37, padron=128}, {delta=11, padron=146}, {delta=11, padron=107}, {delta=22, padron=131}]}
2026-09-23 09:04:43 [SocketService] [ENVIADO] | [NUEVO] (3B) [KEY]: backward_datero [DATA]: {id=0}
2026-09-23 09:04:43 [SocketService] [ENVIADO] | [NUEVO] (4B) [KEY]: forward_datero [DATA]: {id=0}
2026-09-23 09:04:43 [SocketService] [ENVIADO] | [NUEVO] (7B) [KEY]: salida [DATA]: {limit=0, salida=39119}
2026-09-23 09:04:43 [SocketMessageDispatcher] ✅ Login confirmado por servidor (sesión OK)
2026-09-23 09:04:43 [SocketMessageDispatcher] Mensaje: Header: login, Data: {voice=true, orientation=false, contactless=false, data=2026-09-23T09:04:43, ticket=true, geofence=46, gps=false, schedule=06:33, ads=false, route=1, trip=39119, driver=null, calls=true, padron=124, id=15, state=R, map=false, placa=BCG906, direction=false, order=1}
2026-09-23 09:04:43 [SocketService] [RECIBIDO]| #1 | SID:220 | 35B | login [DATA]: {voice=true, orientation=false, contactless=false, data=2026-09-23T09:04:43, ticket=true, geofence=46, gps=false, schedule=06:33, ads=false, route=1, trip=39119, driver=null, calls=true, padron=124, id=15, state=R, map=false, placa=BCG906, direction=false, order=1}
2026-09-23 09:04:42 [SocketService] 🔒 WakeLock + WifiLock adquiridos
2026-09-23 09:04:42 [SocketService] [ENVIADO] | [NUEVO] (18B) [KEY]: login [DATA]: {serial=864255060447047}
2026-09-23 09:04:42 [SocketService] 🔑 Enviando login handshake (864255060447047)
2026-09-23 09:04:42 [SocketService] ✅ CONECTADO [ID: 220] en 72130815ms - Code: 101
2026-09-23 09:04:42 [SocketService] 🔄 Conectando [ID: 220] a ws://34.71.11.201:22222?schema=android&gps=true&console=true&version=2
2026-09-23 09:04:42 [SocketService] ✅ Recursos completamente limpiados
2026-09-23 09:04:42 [GpsViewModel] No hay conexión. Se omite procesamiento.
2026-09-23 09:04:42 [SocketService] 🔄 Nuevo Socket ID: 220
2026-09-23 09:04:42 [SocketService] 🧹 Limpiando recursos [ID: 219]
2026-09-23 09:04:42 [SocketService] ⏰ Watchdog: 121167ms sin mensajes, forzando reconexión
2026-09-23 09:03:31 [ParaderoManager] Paradero más cercano: Paradero(id=38, lado=true, ruta=Ruta(id=1, codigo=1493, inicio=null, activo=false), activo=true, nombre=DEL EJERCITO, orden=9, latitud=-12.118910028664036, liquidar=false, longitud=-77.04203335802617, radio=47.0, velocidad=50.0, terminal=false, audio=DEL EJERCITO)
2026-09-23 09:02:29 [ProtectorVM] TEMP: 39.0C -> cap térmico 100%
2026-09-23 09:02:29 [ProtectorVM] temp: 39.0C
2026-09-23 09:01:12 [SocketMessageDispatcher] Mensaje: Header: forward_datero, Data: {trip=39119, geofence=46, time=2026-09-23T09:01:09, dateros=[{delta=13, padron=124}, {delta=37, padron=128}, {delta=11, padron=146}, {delta=11, padron=107}, {delta=22, padron=131}]}
2026-09-23 09:01:12 [SocketMessageDispatcher] Mensaje: Header: mark, Data: {volada=95, trip=39119, geofence=46, id=1135734, state=M, timestamp=2026-09-23T09:01:09}
2026-09-23 09:01:12 [SocketService] [RECIBIDO]| #7 | SID:219 | 32B | forward_datero [DATA]: {trip=39119, geofence=46, time=2026-09-23T09:01:09, dateros=[{delta=13, padron=124}, {delta=37, padron=128}, {delta=11, padron=146}, {delta=11, padron=107}, {delta=22, padron=131}]}
2026-09-23 09:01:12 [SocketService] [RECIBIDO]| #6 | SID:219 | 25B | mark [DATA]: {volada=95, trip=39119, geofence=46, id=1135734, state=M, timestamp=2026-09-23T09:01:09}
2026-09-23 09:00:41 [SocketMessageDispatcher] Mensaje: Header: report, Data: {positions=1}
2026-09-23 09:00:41 [SocketService] [RECIBIDO]| #5 | SID:219 | 3B | report [DATA]: {positions=1}
2026-09-23 09:00:41 [SocketService] [ENVIADO] | [NUEVO] (36B) [KEY]: report [DATA]: {trip=39119, route=1, positions=[{lng=-77.0595078, busstop=0, angle=118, accuracy=10, time=2026-09-23T09:00:40.994767, lat=-12.1018048, speed=6, mark=0}], state=R, sales=0, events=[], direction=false}
2026-09-23 09:00:41 [PositionRepository] 📤 Enviando 1 (batch=2, pendientes=1)
2026-09-23 09:00:40 [LocationTrackingService] GPS desactivado - Pulso cada 5 min acc:10.908m
2026-09-23 08:59:43 [SocketMessageDispatcher] Mensaje: Header: backward_datero_hide, Data: {pad=132, geofence=45, delta=12, orden=0, id=2140313971}
2026-09-23 08:59:43 [SocketMessageDispatcher] Mensaje: Header: forward_datero_hide, Data: {trip=39119, geofence=45, time=2026-09-23T08:43:40, dateros=[{delta=14, padron=124}, {delta=30, padron=128}, {delta=7, padron=146}, {delta=11, padron=107}, {delta=26, padron=131}]}
2026-09-23 08:59:43 [SocketMessageDispatcher] Mensaje: Header: salida, Data: {lado=false, estado=R, frecuencia=10, ruta=1, geocerca=45, controles=[{volada=0, tiempo=0, geocerca=1}, {volada=0, tiempo=4, geocerca=5}, {volada=0, tiempo=3, geocerca=6}, {volada=-2, tiempo=2, geocerca=7}, {volada=-1, tiempo=2, geocerca=8}, {volada=5, tiempo=2, geocerca=9}, {volada=3, tiempo=3, geocerca=10}, {volada=9, tiempo=2, geocerca=11}, {volada=8, tiempo=4, geocerca=12}, {volada=5, tiempo=4, geocerca=13}, {volada=6, tiempo=2, geocerca=14}, {volada=7, tiempo=2, geocerca=17}, {volada=9, tiempo=2, geocerca=15}, {volada=14, tiempo=3, geocerca=16}, {volada=21, tiempo=3, geocerca=18}, {volada=24, tiempo=5, geocerca=19}, {volada=25, tiempo=5, geocerca=20}, {volada=29, tiempo=4, geocerca=21}, {volada=32, tiempo=4, geocerca=2}, {volada=41, tiempo=0, geocerca=39}, {volada=52, tiempo=0, geocerca=40}, {volada=63, tiempo=0, geocerca=41}, {volada=69, tiempo=0, geocerca=42}, {volada=72, tiempo=0, geocerca=43}, {volada=77, tiempo=0, geocerca=44}, {volada=84, tiempo=0, geocerca=45}, {volada=0, tiempo=7, geocerca=46}, {volada=0, tiempo=10, geocerca=47}, {volada=0, tiempo=9, geocerca=48}, {volada=0, tiempo=8, geocerca=49}, {volada=0, tiempo=12, geocerca=70}, {volada=0, tiempo=12, geocerca=50}, {volada=0, tiempo=6, geocerca=71}, {volada=0, tiempo=6, geocerca=51}, {volada=0, tiempo=10, geocerca=72}, {volada=0, tiempo=5, geocerca=52}, {volada=0, tiempo=0, geocerca=164}], inicio=2026-09-23T06:23, marcados=[false, false, false, true, true, true, true, true, true, true, true, true, true, true, true, true, true, true, true, true, true, true, true, true, true, true, false, false, false, false, false, false, false, false, false, false, false], id=39119, conductor=131}
2026-09-23 08:59:43 [SocketService] [RECIBIDO]| #4 | SID:219 | 20B | backward_datero_hide [DATA]: {pad=132, geofence=45, delta=12, orden=0, id=2140313971}
2026-09-23 08:59:43 [SocketService] [RECIBIDO]| #3 | SID:219 | 31B | forward_datero_hide [DATA]: {trip=39119, geofence=45, time=2026-09-23T08:43:40, dateros=[{delta=14, padron=124}, {delta=30, padron=128}, {delta=7, padron=146}, {delta=11, padron=107}, {delta=26, padron=131}]}
2026-09-23 08:59:42 [SocketService] [RECIBIDO]| #2 | SID:219 | 251B | salida [DATA]: {lado=false, estado=R, frecuencia=10, ruta=1, geocerca=45, controles=[{volada=0, tiempo=0, geocerca=1}, {volada=0, tiempo=4, geocerca=5}, {volada=0, tiempo=3, geocerca=6}, {volada=-2, tiempo=2, geocerca=7}, {volada=-1, tiempo=2, geocerca=8}, {volada=5, tiempo=2, geocerca=9}, {volada=3, tiempo=3, geocerca=10}, {volada=9, tiempo=2, geocerca=11}, {volada=8, tiempo=4, geocerca=12}, {volada=5, tiempo=4, geocerca=13}, {volada=6, tiempo=2, geocerca=14}, {volada=7, tiempo=2, geocerca=17}, {volada=9, tiempo=2, geocerca=15}, {volada=14, tiempo=3, geocerca=16}, {volada=21, tiempo=3, geocerca=18}, {volada=24, tiempo=5, geocerca=19}, {volada=25, tiempo=5, geocerca=20}, {volada=29, tiempo=4, geocerca=21}, {volada=32, tiempo=4, geocerca=2}, {volada=41, tiempo=0, geocerca=39}, {volada=52, tiempo=0, geocerca=40}, {volada=63, tiempo=0, geocerca=41}, {volada=69, tiempo=0, geocerca=42}, {volada=72, tiempo=0, geocerca=43}, {volada=77, tiempo=0, geocerca=44}, {volada=84, tiempo=0, geocerca=45}, {volada=0, tiempo=7, geocerca=46}, {volada=0, tiempo=10, geocerca=47}, {volada=0, tiempo=9, geocerca=48}, {volada=0, tiempo=8, geocerca=49}, {volada=0, tiempo=12, geocerca=70}, {volada=0, tiempo=12, geocerca=50}, {volada=0, tiempo=6, geocerca=71}, {volada=0, tiempo=6, geocerca=51}, {volada=0, tiempo=10, geocerca=72}, {volada=0, tiempo=5, geocerca=52}, {volada=0, tiempo=0, geocerca=164}], inicio=2026-09-23T06:23, marcados=[false, false, false, true, true, true, true, true, true, true, true, true, true, true, true, true, true, true, true, true, true, true, true, true, true, true, false, false, false, false, false, false, false, false, false, false, false], id=39119, conductor=131}
2026-09-23 08:59:42 [SocketService] [ENVIADO] | [NUEVO] (3B) [KEY]: backward_datero [DATA]: {id=0}
2026-09-23 08:59:42 [SocketService] [ENVIADO] | [NUEVO] (4B) [KEY]: forward_datero [DATA]: {id=0}
2026-09-23 08:59:42 [SocketService] [ENVIADO] | [NUEVO] (7B) [KEY]: salida [DATA]: {limit=0, salida=39119}
2026-09-23 08:59:42 [SocketMessageDispatcher] ✅ Login confirmado por servidor (sesión OK)
2026-09-23 08:59:42 [SocketMessageDispatcher] Mensaje: Header: login, Data: {voice=true, orientation=false, contactless=false, data=2026-09-23T08:59:42, ticket=true, geofence=45, gps=false, schedule=06:33, ads=false, route=1, trip=39119, driver=null, calls=true, padron=124, id=15, state=R, map=false, placa=BCG906, direction=false, order=1}
2026-09-23 08:59:42 [SocketService] [RECIBIDO]| #1 | SID:219 | 35B | login [DATA]: {voice=true, orientation=false, contactless=false, data=2026-09-23T08:59:42, ticket=true, geofence=45, gps=false, schedule=06:33, ads=false, route=1, trip=39119, driver=null, calls=true, padron=124, id=15, state=R, map=false, placa=BCG906, direction=false, order=1}
2026-09-23 08:59:42 [SocketService] 🔒 WakeLock + WifiLock adquiridos
2026-09-23 08:59:42 [SocketService] [ENVIADO] | [NUEVO] (18B) [KEY]: login [DATA]: {serial=864255060447047}
2026-09-23 08:59:42 [SocketService] 🔑 Enviando login handshake (864255060447047)
2026-09-23 08:59:42 [SocketService] ✅ CONECTADO [ID: 219] en 71830301ms - Code: 101
2026-09-23 08:59:41 [SocketService] 🔄 Conectando [ID: 219] a ws://34.71.11.201:22222?schema=android&gps=true&console=true&version=2
2026-09-23 08:59:41 [SocketService] ✅ Recursos completamente limpiados
2026-09-23 08:59:41 [SocketService] 🔄 Nuevo Socket ID: 219
2026-09-23 08:59:41 [GpsViewModel] No hay conexión. Se omite procesamiento.
2026-09-23 08:59:41 [SocketService] 🧹 Limpiando recursos [ID: 218]
2026-09-23 08:59:41 [SocketService] ⏰ Watchdog: 120965ms sin mensajes, forzando reconexión
2026-09-23 08:57:29 [ProtectorVM] TEMP: 38.8C -> cap térmico 100%
2026-09-23 08:57:29 [ProtectorVM] temp: 38.8C
2026-09-23 08:55:41 [SocketMessageDispatcher] Mensaje: Header: report, Data: {positions=1}
2026-09-23 08:55:41 [SocketService] [RECIBIDO]| #6 | SID:218 | 3B | report [DATA]: {positions=1}
2026-09-23 08:55:41 [SocketService] [ENVIADO] | [NUEVO] (36B) [KEY]: report [DATA]: {trip=39119, route=1, positions=[{lng=-77.0632454, busstop=0, angle=121, accuracy=5, time=2026-09-23T08:55:40.989962, lat=-12.1001742, speed=1, mark=0}], state=R, sales=0, events=[], direction=false}
2026-09-23 08:55:41 [PositionRepository] 📤 Enviando 1 (batch=2, pendientes=1)
2026-09-23 08:55:40 [LocationTrackingService] GPS desactivado - Pulso cada 5 min acc:5.804m
2026-09-23 08:55:17 [SocketMessageDispatcher] Mensaje: Header: backward_datero, Data: {pad=132, geofence=45, delta=12, orden=0, id=2140313971}
2026-09-23 08:55:17 [SocketService] [RECIBIDO]| #5 | SID:218 | 19B | backward_datero [DATA]: {pad=132, geofence=45, delta=12, orden=0, id=2140313971}
2026-09-23 08:54:43 [SocketMessageDispatcher] Mensaje: Header: backward_datero_hide, Data: {pad=132, geofence=44, delta=13, orden=0, id=5438245610}
2026-09-23 08:54:43 [SocketMessageDispatcher] Mensaje: Header: forward_datero_hide, Data: {trip=39119, geofence=45, time=2026-09-23T08:43:40, dateros=[{delta=14, padron=124}, {delta=30, padron=128}, {delta=7, padron=146}, {delta=11, padron=107}, {delta=26, padron=131}]}
2026-09-23 08:54:43 [SocketMessageDispatcher] Mensaje: Header: salida, Data: {lado=false, estado=R, frecuencia=10, ruta=1, geocerca=45, controles=[{volada=0, tiempo=0, geocerca=1}, {volada=0, tiempo=4, geocerca=5}, {volada=0, tiempo=3, geocerca=6}, {volada=-2, tiempo=2, geocerca=7}, {volada=-1, tiempo=2, geocerca=8}, {volada=5, tiempo=2, geocerca=9}, {volada=3, tiempo=3, geocerca=10}, {volada=9, tiempo=2, geocerca=11}, {volada=8, tiempo=4, geocerca=12}, {volada=5, tiempo=4, geocerca=13}, {volada=6, tiempo=2, geocerca=14}, {volada=7, tiempo=2, geocerca=17}, {volada=9, tiempo=2, geocerca=15}, {volada=14, tiempo=3, geocerca=16}, {volada=21, tiempo=3, geocerca=18}, {volada=24, tiempo=5, geocerca=19}, {volada=25, tiempo=5, geocerca=20}, {volada=29, tiempo=4, geocerca=21}, {volada=32, tiempo=4, geocerca=2}, {volada=41, tiempo=0, geocerca=39}, {volada=52, tiempo=0, geocerca=40}, {volada=63, tiempo=0, geocerca=41}, {volada=69, tiempo=0, geocerca=42}, {volada=72, tiempo=0, geocerca=43}, {volada=77, tiempo=0, geocerca=44}, {volada=84, tiempo=0, geocerca=45}, {volada=0, tiempo=7, geocerca=46}, {volada=0, tiempo=10, geocerca=47}, {volada=0, tiempo=9, geocerca=48}, {volada=0, tiempo=8, geocerca=49}, {volada=0, tiempo=12, geocerca=70}, {volada=0, tiempo=12, geocerca=50}, {volada=0, tiempo=6, geocerca=71}, {volada=0, tiempo=6, geocerca=51}, {volada=0, tiempo=10, geocerca=72}, {volada=0, tiempo=5, geocerca=52}, {volada=0, tiempo=0, geocerca=164}], inicio=2026-09-23T06:23, marcados=[false, false, false, true, true, true, true, true, true, true, true, true, true, true, true, true, true, true, true, true, true, true, true, true, true, true, false, false, false, false, false, false, false, false, false, false, false], id=39119, conductor=131}
2026-09-23 08:54:42 [SocketService] [RECIBIDO]| #4 | SID:218 | 20B | backward_datero_hide [DATA]: {pad=132, geofence=44, delta=13, orden=0, id=5438245610}
2026-09-23 08:54:42 [SocketService] [RECIBIDO]| #3 | SID:218 | 31B | forward_datero_hide [DATA]: {trip=39119, geofence=45, time=2026-09-23T08:43:40, dateros=[{delta=14, padron=124}, {delta=30, padron=128}, {delta=7, padron=146}, {delta=11, padron=107}, {delta=26, padron=131}]}
2026-09-23 08:54:42 [SocketService] [RECIBIDO]| #2 | SID:218 | 251B | salida [DATA]: {lado=false, estado=R, frecuencia=10, ruta=1, geocerca=45, controles=[{volada=0, tiempo=0, geocerca=1}, {volada=0, tiempo=4, geocerca=5}, {volada=0, tiempo=3, geocerca=6}, {volada=-2, tiempo=2, geocerca=7}, {volada=-1, tiempo=2, geocerca=8}, {volada=5, tiempo=2, geocerca=9}, {volada=3, tiempo=3, geocerca=10}, {volada=9, tiempo=2, geocerca=11}, {volada=8, tiempo=4, geocerca=12}, {volada=5, tiempo=4, geocerca=13}, {volada=6, tiempo=2, geocerca=14}, {volada=7, tiempo=2, geocerca=17}, {volada=9, tiempo=2, geocerca=15}, {volada=14, tiempo=3, geocerca=16}, {volada=21, tiempo=3, geocerca=18}, {volada=24, tiempo=5, geocerca=19}, {volada=25, tiempo=5, geocerca=20}, {volada=29, tiempo=4, geocerca=21}, {volada=32, tiempo=4, geocerca=2}, {volada=41, tiempo=0, geocerca=39}, {volada=52, tiempo=0, geocerca=40}, {volada=63, tiempo=0, geocerca=41}, {volada=69, tiempo=0, geocerca=42}, {volada=72, tiempo=0, geocerca=43}, {volada=77, tiempo=0, geocerca=44}, {volada=84, tiempo=0, geocerca=45}, {volada=0, tiempo=7, geocerca=46}, {volada=0, tiempo=10, geocerca=47}, {volada=0, tiempo=9, geocerca=48}, {volada=0, tiempo=8, geocerca=49}, {volada=0, tiempo=12, geocerca=70}, {volada=0, tiempo=12, geocerca=50}, {volada=0, tiempo=6, geocerca=71}, {volada=0, tiempo=6, geocerca=51}, {volada=0, tiempo=10, geocerca=72}, {volada=0, tiempo=5, geocerca=52}, {volada=0, tiempo=0, geocerca=164}], inicio=2026-09-23T06:23, marcados=[false, false, false, true, true, true, true, true, true, true, true, true, true, true, true, true, true, true, true, true, true, true, true, true, true, true, false, false, false, false, false, false, false, false, false, false, false], id=39119, conductor=131}
2026-09-23 08:54:42 [SocketService] [ENVIADO] | [NUEVO] (3B) [KEY]: backward_datero [DATA]: {id=0}
2026-09-23 08:54:42 [SocketService] [ENVIADO] | [NUEVO] (4B) [KEY]: forward_datero [DATA]: {id=0}
2026-09-23 08:54:42 [SocketService] [ENVIADO] | [NUEVO] (7B) [KEY]: salida [DATA]: {limit=0, salida=39119}
2026-09-23 08:54:42 [SocketMessageDispatcher] ✅ Login confirmado por servidor (sesión OK)
2026-09-23 08:54:42 [SocketMessageDispatcher] Mensaje: Header: login, Data: {voice=true, orientation=false, contactless=false, data=2026-09-23T08:54:42, ticket=true, geofence=45, gps=false, schedule=06:33, ads=false, route=1, trip=39119, driver=null, calls=true, padron=124, id=15, state=R, map=false, placa=BCG906, direction=false, order=1}
2026-09-23 08:54:42 [SocketService] [RECIBIDO]| #1 | SID:218 | 35B | login [DATA]: {voice=true, orientation=false, contactless=false, data=2026-09-23T08:54:42, ticket=true, geofence=45, gps=false, schedule=06:33, ads=false, route=1, trip=39119, driver=null, calls=true, padron=124, id=15, state=R, map=false, placa=BCG906, direction=false, order=1}
2026-09-23 08:54:41 [SocketService] 🔒 WakeLock + WifiLock adquiridos
2026-09-23 08:54:41 [SocketService] [ENVIADO] | [NUEVO] (18B) [KEY]: login [DATA]: {serial=864255060447047}
2026-09-23 08:54:41 [ERROR-SocketService] ℹ️ Reconexión cancelada
2026-09-23 08:54:41 [SocketService] 🔑 Enviando login handshake (864255060447047)
2026-09-23 08:54:41 [SocketService] ✅ CONECTADO [ID: 218] en 71529837ms - Code: 101
2026-09-23 08:54:41 [SocketService] 🔄 Conectando [ID: 218] a ws://34.71.11.201:22222?schema=android&gps=true&console=true&version=2
2026-09-23 08:54:41 [SocketService] ✅ Recursos completamente limpiados
2026-09-23 08:54:41 [SocketService] 🔄 Nuevo Socket ID: 218
2026-09-23 08:54:41 [GpsViewModel] No hay conexión. Se omite procesamiento.
2026-09-23 08:54:41 [SocketService] 🔄 Reconexión #1 en 1486ms
2026-09-23 08:54:41 [ERROR-SocketService] ❌ [onFailure] [ID: 217]: Socket closed
2026-09-23 08:54:41 [SocketService] 🧹 Limpiando recursos [ID: 217]
2026-09-23 08:54:41 [SocketService] ⏰ Watchdog: 120414ms sin mensajes, forzando reconexión
2026-09-23 08:52:29 [ProtectorVM] TEMP: 38.6C -> cap térmico 100%
2026-09-23 08:52:29 [ProtectorVM] temp: 38.6C
2026-09-23 08:50:41 [SocketMessageDispatcher] Mensaje: Header: report, Data: {positions=1}
2026-09-23 08:50:41 [SocketService] [RECIBIDO]| #6 | SID:217 | 3B | report [DATA]: {positions=1}
2026-09-23 08:50:41 [SocketService] [ENVIADO] | [NUEVO] (36B) [KEY]: report [DATA]: {trip=39119, route=1, positions=[{lng=-77.0659732, busstop=0, angle=115, accuracy=6, time=2026-09-23T08:50:40.984500, lat=-12.0992527, speed=5, mark=0}], state=R, sales=0, events=[], direction=false}
2026-09-23 08:50:41 [PositionRepository] 📤 Enviando 1 (batch=2, pendientes=1)
2026-09-23 08:50:40 [LocationTrackingService] GPS desactivado - Pulso cada 5 min acc:6.364m
2026-09-23 08:49:12 [SocketMessageDispatcher] Mensaje: Header: backward_datero, Data: {pad=132, geofence=44, delta=13, orden=0, id=5438245610}
2026-09-23 08:49:12 [SocketService] [RECIBIDO]| #5 | SID:217 | 19B | backward_datero [DATA]: {pad=132, geofence=44, delta=13, orden=0, id=5438245610}
2026-09-23 08:47:42 [SocketMessageDispatcher] Mensaje: Header: backward_datero_hide, Data: {pad=132, geofence=43, delta=10, orden=0, id=4834236376}
2026-09-23 08:47:42 [SocketMessageDispatcher] Mensaje: Header: forward_datero_hide, Data: {trip=39119, geofence=45, time=2026-09-23T08:43:40, dateros=[{delta=14, padron=124}, {delta=30, padron=128}, {delta=7, padron=146}, {delta=11, padron=107}, {delta=26, padron=131}]}
2026-09-23 08:47:42 [SocketMessageDispatcher] Mensaje: Header: salida, Data: {lado=false, estado=R, frecuencia=10, ruta=1, geocerca=45, controles=[{volada=0, tiempo=0, geocerca=1}, {volada=0, tiempo=4, geocerca=5}, {volada=0, tiempo=3, geocerca=6}, {volada=-2, tiempo=2, geocerca=7}, {volada=-1, tiempo=2, geocerca=8}, {volada=5, tiempo=2, geocerca=9}, {volada=3, tiempo=3, geocerca=10}, {volada=9, tiempo=2, geocerca=11}, {volada=8, tiempo=4, geocerca=12}, {volada=5, tiempo=4, geocerca=13}, {volada=6, tiempo=2, geocerca=14}, {volada=7, tiempo=2, geocerca=17}, {volada=9, tiempo=2, geocerca=15}, {volada=14, tiempo=3, geocerca=16}, {volada=21, tiempo=3, geocerca=18}, {volada=24, tiempo=5, geocerca=19}, {volada=25, tiempo=5, geocerca=20}, {volada=29, tiempo=4, geocerca=21}, {volada=32, tiempo=4, geocerca=2}, {volada=41, tiempo=0, geocerca=39}, {volada=52, tiempo=0, geocerca=40}, {volada=63, tiempo=0, geocerca=41}, {volada=69, tiempo=0, geocerca=42}, {volada=72, tiempo=0, geocerca=43}, {volada=77, tiempo=0, geocerca=44}, {volada=84, tiempo=0, geocerca=45}, {volada=0, tiempo=7, geocerca=46}, {volada=0, tiempo=10, geocerca=47}, {volada=0, tiempo=9, geocerca=48}, {volada=0, tiempo=8, geocerca=49}, {volada=0, tiempo=12, geocerca=70}, {volada=0, tiempo=12, geocerca=50}, {volada=0, tiempo=6, geocerca=71}, {volada=0, tiempo=6, geocerca=51}, {volada=0, tiempo=10, geocerca=72}, {volada=0, tiempo=5, geocerca=52}, {volada=0, tiempo=0, geocerca=164}], inicio=2026-09-23T06:23, marcados=[false, false, false, true, true, true, true, true, true, true, true, true, true, true, true, true, true, true, true, true, true, true, true, true, true, true, false, false, false, false, false, false, false, false, false, false, false], id=39119, conductor=131}
2026-09-23 08:47:42 [SocketService] [RECIBIDO]| #4 | SID:217 | 20B | backward_datero_hide [DATA]: {pad=132, geofence=43, delta=10, orden=0, id=4834236376}
2026-09-23 08:47:42 [SocketService] [RECIBIDO]| #3 | SID:217 | 31B | forward_datero_hide [DATA]: {trip=39119, geofence=45, time=2026-09-23T08:43:40, dateros=[{delta=14, padron=124}, {delta=30, padron=128}, {delta=7, padron=146}, {delta=11, padron=107}, {delta=26, padron=131}]}
2026-09-23 08:47:42 [SocketService] [RECIBIDO]| #2 | SID:217 | 251B | salida [DATA]: {lado=false, estado=R, frecuencia=10, ruta=1, geocerca=45, controles=[{volada=0, tiempo=0, geocerca=1}, {volada=0, tiempo=4, geocerca=5}, {volada=0, tiempo=3, geocerca=6}, {volada=-2, tiempo=2, geocerca=7}, {volada=-1, tiempo=2, geocerca=8}, {volada=5, tiempo=2, geocerca=9}, {volada=3, tiempo=3, geocerca=10}, {volada=9, tiempo=2, geocerca=11}, {volada=8, tiempo=4, geocerca=12}, {volada=5, tiempo=4, geocerca=13}, {volada=6, tiempo=2, geocerca=14}, {volada=7, tiempo=2, geocerca=17}, {volada=9, tiempo=2, geocerca=15}, {volada=14, tiempo=3, geocerca=16}, {volada=21, tiempo=3, geocerca=18}, {volada=24, tiempo=5, geocerca=19}, {volada=25, tiempo=5, geocerca=20}, {volada=29, tiempo=4, geocerca=21}, {volada=32, tiempo=4, geocerca=2}, {volada=41, tiempo=0, geocerca=39}, {volada=52, tiempo=0, geocerca=40}, {volada=63, tiempo=0, geocerca=41}, {volada=69, tiempo=0, geocerca=42}, {volada=72, tiempo=0, geocerca=43}, {volada=77, tiempo=0, geocerca=44}, {volada=84, tiempo=0, geocerca=45}, {volada=0, tiempo=7, geocerca=46}, {volada=0, tiempo=10, geocerca=47}, {volada=0, tiempo=9, geocerca=48}, {volada=0, tiempo=8, geocerca=49}, {volada=0, tiempo=12, geocerca=70}, {volada=0, tiempo=12, geocerca=50}, {volada=0, tiempo=6, geocerca=71}, {volada=0, tiempo=6, geocerca=51}, {volada=0, tiempo=10, geocerca=72}, {volada=0, tiempo=5, geocerca=52}, {volada=0, tiempo=0, geocerca=164}], inicio=2026-09-23T06:23, marcados=[false, false, false, true, true, true, true, true, true, true, true, true, true, true, true, true, true, true, true, true, true, true, true, true, true, true, false, false, false, false, false, false, false, false, false, false, false], id=39119, conductor=131}
2026-09-23 08:47:41 [SocketService] [ENVIADO] | [NUEVO] (3B) [KEY]: backward_datero [DATA]: {id=0}
2026-09-23 08:47:41 [SocketService] [ENVIADO] | [NUEVO] (4B) [KEY]: forward_datero [DATA]: {id=0}
2026-09-23 08:47:41 [SocketService] [ENVIADO] | [NUEVO] (7B) [KEY]: salida [DATA]: {limit=0, salida=39119}
2026-09-23 08:47:41 [SocketMessageDispatcher] ✅ Login confirmado por servidor (sesión OK)
2026-09-23 08:47:41 [SocketMessageDispatcher] Mensaje: Header: login, Data: {voice=true, orientation=false, contactless=false, data=2026-09-23T08:47:41, ticket=true, geofence=45, gps=false, schedule=06:33, ads=false, route=1, trip=39119, driver=null, calls=true, padron=124, id=15, state=R, map=false, placa=BCG906, direction=false, order=1}
2026-09-23 08:47:41 [SocketService] [RECIBIDO]| #1 | SID:217 | 35B | login [DATA]: {voice=true, orientation=false, contactless=false, data=2026-09-23T08:47:41, ticket=true, geofence=45, gps=false, schedule=06:33, ads=false, route=1, trip=39119, driver=null, calls=true, padron=124, id=15, state=R, map=false, placa=BCG906, direction=false, order=1}
2026-09-23 08:47:41 [SocketService] 🔒 WakeLock + WifiLock adquiridos
2026-09-23 08:47:41 [SocketService] [ENVIADO] | [NUEVO] (18B) [KEY]: login [DATA]: {serial=864255060447047}
2026-09-23 08:47:41 [SocketService] 🔑 Enviando login handshake (864255060447047)
2026-09-23 08:47:41 [SocketService] ✅ CONECTADO [ID: 217] en 71109200ms - Code: 101
2026-09-23 08:47:40 [SocketService] 🔄 Conectando [ID: 217] a ws://34.71.11.201:22222?schema=android&gps=true&console=true&version=2
2026-09-23 08:47:40 [SocketService] ✅ Recursos completamente limpiados
2026-09-23 08:47:40 [GpsViewModel] No hay conexión. Se omite procesamiento.
2026-09-23 08:47:40 [SocketService] 🔄 Nuevo Socket ID: 217
2026-09-23 08:47:40 [SocketService] 🧹 Limpiando recursos [ID: 216]
2026-09-23 08:47:40 [SocketService] ⏰ Watchdog: 121919ms sin mensajes, forzando reconexión
2026-09-23 08:47:29 [ProtectorVM] TEMP: 38.3C -> cap térmico 100%
2026-09-23 08:47:29 [ProtectorVM] temp: 38.3C
2026-09-23 08:45:38 [SocketMessageDispatcher] Mensaje: Header: report, Data: {positions=1}
2026-09-23 08:45:38 [SocketService] [RECIBIDO]| #127 | SID:216 | 3B | report [DATA]: {positions=1}
2026-09-23 08:45:38 [SocketService] [ENVIADO] | [NUEVO] (36B) [KEY]: report [DATA]: {trip=39119, route=1, positions=[{lng=-77.068479, busstop=0, angle=109, accuracy=10, time=2026-09-23T08:45:37.988217, lat=-12.0983687, speed=7, mark=0}], state=R, sales=0, events=[], direction=false}
2026-09-23 08:45:38 [PositionRepository] 📤 Enviando 1 (batch=40, pendientes=1)
2026-09-23 08:45:37 [LocationTrackingService] GPS desactivado - Pulso cada 5 min acc:10.773m
2026-09-23 08:43:58 [ParaderoManager] Paradero más cercano: Paradero(id=31, lado=false, ruta=Ruta(id=1, codigo=1493, inicio=null, activo=false), activo=true, nombre=J. PARDO, orden=14, latitud=-12.097257949667133, liquidar=false, longitud=-77.07122442982195, radio=48.44636583175198, velocidad=50.0, terminal=false, audio=J. PARDO)
2026-09-23 08:43:52 [DRIVERAUTO] La dirección de la sesión coincide con el lado del paradero actual
2026-09-23 08:43:52 [DRIVERAUTO] VALIDATE AutoLogin: false - Paradero actual: Paradero(id=31, lado=false, ruta=Ruta(id=1, codigo=1493, inicio=null, activo=false), activo=true, nombre=J. PARDO, orden=14, latitud=-12.097257949667133, liquidar=false, longitud=-77.07122442982195, radio=48.44636583175198, velocidad=50.0, terminal=false, audio=J. PARDO)
2026-09-23 08:43:52 [DRIVERAUTO] Primera sesión obtenida: SessionDriver(id=35417, driver_id=131, driver_code=ID131, activo=true, castigado=false, conductor=true, vencido=false, route=1, direction=false, start_time=2026-09-23T06:18:59, autoLogin=false)
2026-09-23 08:43:52 [ParaderoManager] Paradero actual: J. PARDO (id=31)
2026-09-23 08:43:46 [ParaderoManager] Paradero más cercano: Paradero(id=30, lado=true, ruta=Ruta(id=1, codigo=1493, inicio=null, activo=false), activo=true, nombre=AV. BRASIL, orden=10, latitud=-12.097280246658967, liquidar=false, longitud=-77.07129204453804, radio=45.0, velocidad=50.0, terminal=false, audio=AV. BRASIL)
2026-09-23 08:43:41 [SocketMessageDispatcher] Mensaje: Header: forward_datero, Data: {trip=39119, geofence=45, time=2026-09-23T08:43:40, dateros=[{delta=14, padron=124}, {delta=30, padron=128}, {delta=7, padron=146}, {delta=11, padron=107}, {delta=26, padron=131}]}
2026-09-23 08:43:41 [SocketService] [RECIBIDO]| #126 | SID:216 | 32B | forward_datero [DATA]: {trip=39119, geofence=45, time=2026-09-23T08:43:40, dateros=[{delta=14, padron=124}, {delta=30, padron=128}, {delta=7, padron=146}, {delta=11, padron=107}, {delta=26, padron=131}]}
2026-09-23 08:43:41 [ERROR-GeoMarkViewModel] ❌ Geocerca ID 45 no encontrada
2026-09-23 08:43:41 [SocketMessageDispatcher] Mensaje: Header: mark, Data: {volada=84, trip=39119, geofence=45, id=1135733, state=M, timestamp=2026-09-23T08:43:40}
2026-09-23 08:43:41 [SocketService] [RECIBIDO]| #125 | SID:216 | 25B | mark [DATA]: {volada=84, trip=39119, geofence=45, id=1135733, state=M, timestamp=2026-09-23T08:43:40}
2026-09-23 08:42:40 [DRIVERAUTO] VALIDATE AutoLogin: false - Paradero actual: Paradero(id=37, lado=false, ruta=Ruta(id=1, codigo=1493, inicio=null, activo=false), activo=true, nombre=DEL EJERCITO, orden=13, latitud=-12.096573771948988, liquidar=false, longitud=-77.07158150263304, radio=45.0, velocidad=50.0, terminal=false, audio=DEL EJERCITO)
2026-09-23 08:42:40 [DRIVERAUTO] Primera sesión obtenida: SessionDriver(id=35417, driver_id=131, driver_code=ID131, activo=true, castigado=false, conductor=true, vencido=false, route=1, direction=false, start_time=2026-09-23T06:18:59, autoLogin=false)
2026-09-23 08:42:40 [DRIVERAUTO] La dirección de la sesión coincide con el lado del paradero actual
2026-09-23 08:42:40 [ParaderoManager] Paradero actual: DEL EJERCITO (id=37)
2026-09-23 08:42:39 [SocketMessageDispatcher] Mensaje: Header: tickets, Data: {tickets=[{correlative=9324, id=6ab3d74f27bb27508ccb6f15}]}
2026-09-23 08:42:39 [SocketService] [RECIBIDO]| #121 | SID:216 | 32B | tickets [DATA]: {tickets=[{correlative=9324, id=6ab3d74f27bb27508ccb6f15}]}
2026-09-23 08:42:39 [SocketService] [ENVIADO] | [NUEVO] (43B) [KEY]: tickets [DATA]: {tickets=[{fare=5, correlative=9324, session=35417, busstop_end=5, inspector=null, vehicle=15, number=1443, route=1, driver=131, price=200.0, time=2026-09-23T08:42:39.365254, busstop_start=36, day=2026-09-23, payment_method=1, card=null}]}
2026-09-23 08:42:29 [ProtectorVM] TEMP: 38.6C -> cap térmico 100%
2026-09-23 08:42:29 [ProtectorVM] temp: 38.6C
2026-09-23 08:41:44 [SocketMessageDispatcher] Mensaje: Header: tickets, Data: {tickets=[{correlative=9323, id=6ab3d71827bb27508ccb6e5d}]}
2026-09-23 08:41:44 [SocketService] [RECIBIDO]| #117 | SID:216 | 32B | tickets [DATA]: {tickets=[{correlative=9323, id=6ab3d71827bb27508ccb6e5d}]}
2026-09-23 08:41:44 [SocketService] [ENVIADO] | [NUEVO] (43B) [KEY]: tickets [DATA]: {tickets=[{fare=6, correlative=9323, session=35417, busstop_end=null, inspector=null, vehicle=15, number=1322, route=1, driver=131, price=150.0, time=2026-09-23T08:41:44.124895, busstop_start=36, day=2026-09-23, payment_method=1, card=null}]}
2026-09-23 08:41:38 [SocketMessageDispatcher] Mensaje: Header: tickets, Data: {tickets=[{correlative=9322, id=6ab3d71227bb27508ccb6e40}]}
2026-09-23 08:41:38 [SocketService] [RECIBIDO]| #114 | SID:216 | 32B | tickets [DATA]: {tickets=[{correlative=9322, id=6ab3d71227bb27508ccb6e40}]}
2026-09-23 08:41:37 [SocketService] [ENVIADO] | [NUEVO] (43B) [KEY]: tickets [DATA]: {tickets=[{fare=5, correlative=9322, session=35417, busstop_end=5, inspector=null, vehicle=15, number=1442, route=1, driver=131, price=200.0, time=2026-09-23T08:41:37.859552, busstop_start=36, day=2026-09-23, payment_method=1, card=null}]}
2026-09-23 08:41:35 [SocketMessageDispatcher] Mensaje: Header: tickets, Data: {tickets=[{correlative=9321, id=6ab3d70f27bb27508ccb6e3a}]}
2026-09-23 08:41:35 [SocketService] [RECIBIDO]| #110 | SID:216 | 32B | tickets [DATA]: {tickets=[{correlative=9321, id=6ab3d70f27bb27508ccb6e3a}]}
2026-09-23 08:41:34 [SocketService] [ENVIADO] | [NUEVO] (43B) [KEY]: tickets [DATA]: {tickets=[{fare=7, correlative=9321, session=35417, busstop_end=1, inspector=null, vehicle=15, number=1838, route=1, driver=131, price=100.0, time=2026-09-23T08:41:34.791618, busstop_start=36, day=2026-09-23, payment_method=1, card=null}]}
2026-09-23 08:41:26 [SocketMessageDispatcher] Mensaje: Header: backward_datero, Data: {pad=132, geofence=43, delta=10, orden=0, id=4834236376}
2026-09-23 08:41:26 [SocketService] [RECIBIDO]| #109 | SID:216 | 19B | backward_datero [DATA]: {pad=132, geofence=43, delta=10, orden=0, id=4834236376}
2026-09-23 08:41:23 [SocketMessageDispatcher] Mensaje: Header: tickets, Data: {tickets=[{correlative=9320, id=6ab3d70327bb27508ccb6e1a}]}
2026-09-23 08:41:23 [SocketService] [RECIBIDO]| #105 | SID:216 | 32B | tickets [DATA]: {tickets=[{correlative=9320, id=6ab3d70327bb27508ccb6e1a}]}
2026-09-23 08:41:23 [SocketService] [ENVIADO] | [NUEVO] (43B) [KEY]: tickets [DATA]: {tickets=[{fare=4, correlative=9320, session=35417, busstop_end=null, inspector=null, vehicle=15, number=3705, route=1, driver=131, price=250.0, time=2026-09-23T08:41:23.293008, busstop_start=36, day=2026-09-23, payment_method=1, card=null}]}
2026-09-23 08:40:35 [SocketMessageDispatcher] Mensaje: Header: report, Data: {positions=1}
2026-09-23 08:40:35 [SocketService] [RECIBIDO]| #104 | SID:216 | 3B | report [DATA]: {positions=1}
2026-09-23 08:40:35 [SocketService] [ENVIADO] | [NUEVO] (36B) [KEY]: report [DATA]: {trip=39119, route=1, positions=[{lng=-77.0690916, busstop=0, angle=218, accuracy=3, time=2026-09-23T08:40:35.014065, lat=-12.0935829, speed=33, mark=0}], state=R, sales=0, events=[], direction=false}
2026-09-23 08:40:35 [PositionRepository] 📤 Enviando 1 (batch=40, pendientes=1)
2026-09-23 08:40:35 [LocationTrackingService] GPS desactivado - Pulso cada 5 min acc:3.905m
2026-09-23 08:38:16 [SocketMessageDispatcher] Mensaje: Header: tickets, Data: {tickets=[{correlative=9319, id=6ab3d64827bb27508ccb6b93}]}
2026-09-23 08:38:16 [SocketService] [RECIBIDO]| #100 | SID:216 | 32B | tickets [DATA]: {tickets=[{correlative=9319, id=6ab3d64827bb27508ccb6b93}]}
2026-09-23 08:38:16 [SocketService] [ENVIADO] | [NUEVO] (43B) [KEY]: tickets [DATA]: {tickets=[{fare=5, correlative=9319, session=35417, busstop_end=5, inspector=null, vehicle=15, number=1441, route=1, driver=131, price=200.0, time=2026-09-23T08:38:16.170776, busstop_start=36, day=2026-09-23, payment_method=1, card=null}]}
2026-09-23 08:38:09 [SocketMessageDispatcher] Mensaje: Header: backward_datero, Data: {pad=132, geofence=42, delta=10, orden=0, id=5836141528}
2026-09-23 08:38:09 [SocketService] [RECIBIDO]| #99 | SID:216 | 19B | backward_datero [DATA]: {pad=132, geofence=42, delta=10, orden=0, id=5836141528}
2026-09-23 08:37:45 [SocketMessageDispatcher] Mensaje: Header: tickets, Data: {tickets=[{correlative=9318, id=6ab3d62927bb27508ccb6b26}]}
2026-09-23 08:37:45 [SocketService] [RECIBIDO]| #95 | SID:216 | 32B | tickets [DATA]: {tickets=[{correlative=9318, id=6ab3d62927bb27508ccb6b26}]}
2026-09-23 08:37:45 [SocketService] [ENVIADO] | [NUEVO] (43B) [KEY]: tickets [DATA]: {tickets=[{fare=5, correlative=9318, session=35417, busstop_end=5, inspector=null, vehicle=15, number=1440, route=1, driver=131, price=200.0, time=2026-09-23T08:37:45.519647, busstop_start=36, day=2026-09-23, payment_method=1, card=null}]}
2026-09-23 08:37:29 [ProtectorVM] TEMP: 38.4C -> cap térmico 100%
2026-09-23 08:37:29 [ProtectorVM] temp: 38.4C
2026-09-23 08:36:36 [SocketMessageDispatcher] Mensaje: Header: tickets, Data: {tickets=[{correlative=9317, id=6ab3d5e427bb27508ccb6a61}]}
2026-09-23 08:36:36 [SocketService] [RECIBIDO]| #91 | SID:216 | 32B | tickets [DATA]: {tickets=[{correlative=9317, id=6ab3d5e427bb27508ccb6a61}]}
2026-09-23 08:36:36 [SocketService] [ENVIADO] | [NUEVO] (43B) [KEY]: tickets [DATA]: {tickets=[{fare=5, correlative=9317, session=35417, busstop_end=5, inspector=null, vehicle=15, number=1439, route=1, driver=131, price=200.0, time=2026-09-23T08:36:36.067688, busstop_start=36, day=2026-09-23, payment_method=1, card=null}]}
2026-09-23 08:36:13 [SocketMessageDispatcher] Mensaje: Header: forward_datero, Data: {trip=39119, geofence=44, time=2026-09-23T08:36:12, dateros=[{delta=14, padron=124}, {delta=30, padron=128}, {delta=7, padron=146}, {delta=12, padron=107}, {delta=29, padron=131}]}
2026-09-23 08:36:13 [SocketMessageDispatcher] Mensaje: Header: mark, Data: {volada=77, trip=39119, geofence=44, id=1135732, state=M, timestamp=2026-09-23T08:36:12}
2026-09-23 08:36:13 [SocketService] [RECIBIDO]| #90 | SID:216 | 32B | forward_datero [DATA]: {trip=39119, geofence=44, time=2026-09-23T08:36:12, dateros=[{delta=14, padron=124}, {delta=30, padron=128}, {delta=7, padron=146}, {delta=12, padron=107}, {delta=29, padron=131}]}
2026-09-23 08:36:13 [SocketService] [RECIBIDO]| #89 | SID:216 | 25B | mark [DATA]: {volada=77, trip=39119, geofence=44, id=1135732, state=M, timestamp=2026-09-23T08:36:12}
2026-09-23 08:35:35 [SocketMessageDispatcher] Mensaje: Header: report, Data: {positions=1}
2026-09-23 08:35:35 [SocketService] [RECIBIDO]| #88 | SID:216 | 3B | report [DATA]: {positions=1}
2026-09-23 08:35:35 [SocketService] [ENVIADO] | [NUEVO] (36B) [KEY]: report [DATA]: {trip=39119, route=1, positions=[{lng=-77.0631636, busstop=0, angle=219, accuracy=6, time=2026-09-23T08:35:34.986134, lat=-12.0863375, speed=56, mark=0}], state=R, sales=0, events=[], direction=false}
2026-09-23 08:35:35 [PositionRepository] 📤 Enviando 1 (batch=20, pendientes=1)
2026-09-23 08:35:34 [LocationTrackingService] GPS desactivado - Pulso cada 5 min acc:6.681m
2026-09-23 08:33:40 [SocketMessageDispatcher] Mensaje: Header: tickets, Data: {tickets=[{correlative=9316, id=6ab3d53427bb27508ccb6823}]}
2026-09-23 08:33:40 [SocketService] [RECIBIDO]| #84 | SID:216 | 32B | tickets [DATA]: {tickets=[{correlative=9316, id=6ab3d53427bb27508ccb6823}]}
2026-09-23 08:33:40 [SocketService] [ENVIADO] | [NUEVO] (43B) [KEY]: tickets [DATA]: {tickets=[{fare=5, correlative=9316, session=35417, busstop_end=5, inspector=null, vehicle=15, number=1438, route=1, driver=131, price=200.0, time=2026-09-23T08:33:40.161709, busstop_start=36, day=2026-09-23, payment_method=1, card=null}]}
2026-09-23 08:32:52 [ParaderoManager] Paradero más cercano: Paradero(id=37, lado=false, ruta=Ruta(id=1, codigo=1493, inicio=null, activo=false), activo=true, nombre=DEL EJERCITO, orden=13, latitud=-12.096573771948988, liquidar=false, longitud=-77.07158150263304, radio=45.0, velocidad=50.0, terminal=false, audio=DEL EJERCITO)
2026-09-23 08:32:29 [ProtectorVM] TEMP: 38.4C -> cap térmico 100%
2026-09-23 08:32:29 [ProtectorVM] temp: 38.4C
2026-09-23 08:32:16 [SocketMessageDispatcher] Mensaje: Header: tickets, Data: {tickets=[{correlative=9315, id=6ab3d4df27bb27508ccb6718}]}
2026-09-23 08:32:16 [SocketService] [RECIBIDO]| #80 | SID:216 | 32B | tickets [DATA]: {tickets=[{correlative=9315, id=6ab3d4df27bb27508ccb6718}]}
2026-09-23 08:32:15 [SocketService] [ENVIADO] | [NUEVO] (43B) [KEY]: tickets [DATA]: {tickets=[{fare=5, correlative=9315, session=35417, busstop_end=5, inspector=null, vehicle=15, number=1437, route=1, driver=131, price=200.0, time=2026-09-23T08:32:15.628417, busstop_start=36, day=2026-09-23, payment_method=1, card=null}]}
2026-09-23 08:32:03 [SocketMessageDispatcher] Mensaje: Header: tickets, Data: {tickets=[{correlative=9314, id=6ab3d4d327bb27508ccb66e8}]}
2026-09-23 08:32:03 [SocketService] [RECIBIDO]| #77 | SID:216 | 32B | tickets [DATA]: {tickets=[{correlative=9314, id=6ab3d4d327bb27508ccb66e8}]}
2026-09-23 08:32:02 [SocketService] [ENVIADO] | [NUEVO] (43B) [KEY]: tickets [DATA]: {tickets=[{fare=5, correlative=9314, session=35417, busstop_end=5, inspector=null, vehicle=15, number=1436, route=1, driver=131, price=200.0, time=2026-09-23T08:32:02.730891, busstop_start=36, day=2026-09-23, payment_method=1, card=null}]}
2026-09-23 08:31:58 [SocketMessageDispatcher] Mensaje: Header: tickets, Data: {tickets=[{correlative=9313, id=6ab3d4ce27bb27508ccb66d9}]}
2026-09-23 08:31:58 [SocketService] [RECIBIDO]| #73 | SID:216 | 32B | tickets [DATA]: {tickets=[{correlative=9313, id=6ab3d4ce27bb27508ccb66d9}]}
2026-09-23 08:31:58 [SocketService] [ENVIADO] | [NUEVO] (43B) [KEY]: tickets [DATA]: {tickets=[{fare=6, correlative=9313, session=35417, busstop_end=null, inspector=null, vehicle=15, number=1321, route=1, driver=131, price=150.0, time=2026-09-23T08:31:58.299675, busstop_start=36, day=2026-09-23, payment_method=1, card=null}]}
2026-09-23 08:31:47 [SocketMessageDispatcher] Mensaje: Header: backward_datero, Data: {pad=132, geofence=41, delta=9, orden=0, id=7162638509}
2026-09-23 08:31:47 [SocketService] [RECIBIDO]| #72 | SID:216 | 19B | backward_datero [DATA]: {pad=132, geofence=41, delta=9, orden=0, id=7162638509}
2026-09-23 08:31:38 [SocketMessageDispatcher] Mensaje: Header: tickets, Data: {tickets=[{correlative=9312, id=6ab3d4b927bb27508ccb6692}]}
2026-09-23 08:31:38 [SocketService] [RECIBIDO]| #68 | SID:216 | 32B | tickets [DATA]: {tickets=[{correlative=9312, id=6ab3d4b927bb27508ccb6692}]}
2026-09-23 08:31:37 [SocketService] [ENVIADO] | [NUEVO] (43B) [KEY]: tickets [DATA]: {tickets=[{fare=5, correlative=9312, session=35417, busstop_end=5, inspector=null, vehicle=15, number=1435, route=1, driver=131, price=200.0, time=2026-09-23T08:31:37.699615, busstop_start=36, day=2026-09-23, payment_method=1, card=null}]}
2026-09-23 08:31:34 [SocketMessageDispatcher] Mensaje: Header: tickets, Data: {tickets=[{correlative=9311, id=6ab3d4b627bb27508ccb668d}]}
2026-09-23 08:31:34 [SocketService] [RECIBIDO]| #64 | SID:216 | 32B | tickets [DATA]: {tickets=[{correlative=9311, id=6ab3d4b627bb27508ccb668d}]}
2026-09-23 08:31:34 [SocketService] [ENVIADO] | [NUEVO] (43B) [KEY]: tickets [DATA]: {tickets=[{fare=5, correlative=9311, session=35417, busstop_end=5, inspector=null, vehicle=15, number=1434, route=1, driver=131, price=200.0, time=2026-09-23T08:31:34.124407, busstop_start=36, day=2026-09-23, payment_method=1, card=null}]}
2026-09-23 08:31:24 [SocketMessageDispatcher] Mensaje: Header: forward_datero, Data: {trip=39119, geofence=43, time=2026-09-23T08:31:22, dateros=[{delta=14, padron=124}, {delta=30, padron=128}, {delta=10, padron=146}, {delta=11, padron=107}, {delta=29, padron=131}]}
2026-09-23 08:31:24 [ERROR-GeoMarkViewModel] ❌ Geocerca ID 43 no encontrada
2026-09-23 08:31:24 [SocketMessageDispatcher] Mensaje: Header: mark, Data: {volada=72, trip=39119, geofence=43, id=1135731, state=M, timestamp=2026-09-23T08:31:22}
2026-09-23 08:31:24 [SocketService] [RECIBIDO]| #63 | SID:216 | 32B | forward_datero [DATA]: {trip=39119, geofence=43, time=2026-09-23T08:31:22, dateros=[{delta=14, padron=124}, {delta=30, padron=128}, {delta=10, padron=146}, {delta=11, padron=107}, {delta=29, padron=131}]}
2026-09-23 08:31:24 [SocketService] [RECIBIDO]| #62 | SID:216 | 25B | mark [DATA]: {volada=72, trip=39119, geofence=43, id=1135731, state=M, timestamp=2026-09-23T08:31:22}
2026-09-23 08:30:32 [SocketMessageDispatcher] Mensaje: Header: report, Data: {positions=1}
2026-09-23 08:30:32 [SocketService] [RECIBIDO]| #61 | SID:216 | 3B | report [DATA]: {positions=1}
2026-09-23 08:30:32 [SocketService] [ENVIADO] | [NUEVO] (36B) [KEY]: report [DATA]: {trip=39119, route=1, positions=[{lng=-77.0550818, busstop=0, angle=219, accuracy=13, time=2026-09-23T08:30:31.986011, lat=-12.0765264, speed=44, mark=0}], state=R, sales=0, events=[], direction=false}
2026-09-23 08:30:32 [PositionRepository] 📤 Enviando 1 (batch=10, pendientes=1)
2026-09-23 08:30:31 [LocationTrackingService] GPS desactivado - Pulso cada 5 min acc:13.741m
2026-09-23 08:29:09 [SocketMessageDispatcher] Mensaje: Header: tickets, Data: {tickets=[{correlative=9310, id=6ab3d42527bb27508ccb649a}]}
2026-09-23 08:29:09 [SocketService] [RECIBIDO]| #57 | SID:216 | 32B | tickets [DATA]: {tickets=[{correlative=9310, id=6ab3d42527bb27508ccb649a}]}
2026-09-23 08:29:08 [SocketService] [ENVIADO] | [NUEVO] (43B) [KEY]: tickets [DATA]: {tickets=[{fare=5, correlative=9310, session=35417, busstop_end=5, inspector=null, vehicle=15, number=1433, route=1, driver=131, price=200.0, time=2026-09-23T08:29:08.809227, busstop_start=36, day=2026-09-23, payment_method=1, card=null}]}
2026-09-23 08:28:54 [SocketMessageDispatcher] Mensaje: Header: tickets, Data: {tickets=[{correlative=9309, id=6ab3d41627bb27508ccb645e}]}
2026-09-23 08:28:54 [SocketService] [RECIBIDO]| #53 | SID:216 | 32B | tickets [DATA]: {tickets=[{correlative=9309, id=6ab3d41627bb27508ccb645e}]}
2026-09-23 08:28:53 [SocketService] [ENVIADO] | [NUEVO] (43B) [KEY]: tickets [DATA]: {tickets=[{fare=7, correlative=9309, session=35417, busstop_end=1, inspector=null, vehicle=15, number=1837, route=1, driver=131, price=100.0, time=2026-09-23T08:28:53.693716, busstop_start=36, day=2026-09-23, payment_method=1, card=null}]}
2026-09-23 08:28:22 [SocketMessageDispatcher] Mensaje: Header: forward_datero, Data: {trip=39119, geofence=42, time=2026-09-23T08:28:21, dateros=[{delta=15, padron=124}, {delta=30, padron=128}, {delta=10, padron=146}, {delta=11, padron=107}, {delta=29, padron=131}]}
2026-09-23 08:28:22 [SocketService] [RECIBIDO]| #52 | SID:216 | 32B | forward_datero [DATA]: {trip=39119, geofence=42, time=2026-09-23T08:28:21, dateros=[{delta=15, padron=124}, {delta=30, padron=128}, {delta=10, padron=146}, {delta=11, padron=107}, {delta=29, padron=131}]}
2026-09-23 08:28:22 [SocketMessageDispatcher] Mensaje: Header: mark, Data: {volada=69, trip=39119, geofence=42, id=1135730, state=M, timestamp=2026-09-23T08:28:21}
2026-09-23 08:28:22 [SocketService] [RECIBIDO]| #51 | SID:216 | 25B | mark [DATA]: {volada=69, trip=39119, geofence=42, id=1135730, state=M, timestamp=2026-09-23T08:28:21}
2026-09-23 08:27:39 [SocketMessageDispatcher] Mensaje: Header: tickets, Data: {tickets=[{correlative=9308, id=6ab3d3cb27bb27508ccb635b}]}
2026-09-23 08:27:39 [SocketService] [RECIBIDO]| #47 | SID:216 | 32B | tickets [DATA]: {tickets=[{correlative=9308, id=6ab3d3cb27bb27508ccb635b}]}
2026-09-23 08:27:39 [SocketService] [ENVIADO] | [NUEVO] (43B) [KEY]: tickets [DATA]: {tickets=[{fare=5, correlative=9308, session=35417, busstop_end=5, inspector=null, vehicle=15, number=1432, route=1, driver=131, price=200.0, time=2026-09-23T08:27:39.167757, busstop_start=36, day=2026-09-23, payment_method=1, card=null}]}
2026-09-23 08:27:29 [ProtectorVM] TEMP: 38.1C -> cap térmico 100%
2026-09-23 08:27:29 [ProtectorVM] temp: 38.1C
2026-09-23 08:26:34 [SocketMessageDispatcher] Mensaje: Header: tickets, Data: {tickets=[{correlative=9307, id=6ab3d38a27bb27508ccb6285}]}
2026-09-23 08:26:34 [SocketService] [RECIBIDO]| #43 | SID:216 | 32B | tickets [DATA]: {tickets=[{correlative=9307, id=6ab3d38a27bb27508ccb6285}]}
2026-09-23 08:26:33 [SocketService] [ENVIADO] | [NUEVO] (43B) [KEY]: tickets [DATA]: {tickets=[{fare=5, correlative=9307, session=35417, busstop_end=5, inspector=null, vehicle=15, number=1431, route=1, driver=131, price=200.0, time=2026-09-23T08:26:33.609857, busstop_start=36, day=2026-09-23, payment_method=1, card=null}]}
2026-09-23 08:25:29 [SocketMessageDispatcher] Mensaje: Header: report, Data: {positions=1}
2026-09-23 08:25:29 [SocketService] [RECIBIDO]| #42 | SID:216 | 3B | report [DATA]: {positions=1}
2026-09-23 08:25:29 [SocketService] [ENVIADO] | [NUEVO] (36B) [KEY]: report [DATA]: {trip=39119, route=1, positions=[{lng=-77.0498771, busstop=0, angle=219, accuracy=13, time=2026-09-23T08:25:28.998058, lat=-12.0702063, speed=42, mark=0}], state=R, sales=0, events=[], direction=false}
2026-09-23 08:25:29 [PositionRepository] 📤 Enviando 1 (batch=5, pendientes=1)
2026-09-23 08:25:28 [LocationTrackingService] GPS desactivado - Pulso cada 5 min acc:13.81m
2026-09-23 08:24:46 [SocketMessageDispatcher] Mensaje: Header: tickets, Data: {tickets=[{correlative=9306, id=6ab3d31e27bb27508ccb60e7}]}
2026-09-23 08:24:46 [SocketService] [RECIBIDO]| #38 | SID:216 | 32B | tickets [DATA]: {tickets=[{correlative=9306, id=6ab3d31e27bb27508ccb60e7}]}
2026-09-23 08:24:46 [SocketService] [ENVIADO] | [NUEVO] (43B) [KEY]: tickets [DATA]: {tickets=[{fare=6, correlative=9306, session=35417, busstop_end=null, inspector=null, vehicle=15, number=1320, route=1, driver=131, price=150.0, time=2026-09-23T08:24:46.204525, busstop_start=36, day=2026-09-23, payment_method=1, card=null}]}
2026-09-23 08:24:03 [SocketMessageDispatcher] Mensaje: Header: tickets, Data: {tickets=[{correlative=9305, id=6ab3d2f327bb27508ccb605b}]}
2026-09-23 08:24:03 [SocketService] [RECIBIDO]| #34 | SID:216 | 32B | tickets [DATA]: {tickets=[{correlative=9305, id=6ab3d2f327bb27508ccb605b}]}
2026-09-23 08:24:03 [SocketService] [ENVIADO] | [NUEVO] (43B) [KEY]: tickets [DATA]: {tickets=[{fare=5, correlative=9305, session=35417, busstop_end=5, inspector=null, vehicle=15, number=1430, route=1, driver=131, price=200.0, time=2026-09-23T08:24:02.933071, busstop_start=36, day=2026-09-23, payment_method=1, card=null}]}
2026-09-23 08:23:51 [SocketMessageDispatcher] Mensaje: Header: tickets, Data: {tickets=[{correlative=9304, id=6ab3d2e727bb27508ccb603a}]}
2026-09-23 08:23:51 [SocketService] [RECIBIDO]| #30 | SID:216 | 32B | tickets [DATA]: {tickets=[{correlative=9304, id=6ab3d2e727bb27508ccb603a}]}
2026-09-23 08:23:51 [SocketService] [ENVIADO] | [NUEVO] (43B) [KEY]: tickets [DATA]: {tickets=[{fare=6, correlative=9304, session=35417, busstop_end=null, inspector=null, vehicle=15, number=1319, route=1, driver=131, price=150.0, time=2026-09-23T08:23:51.492492, busstop_start=36, day=2026-09-23, payment_method=1, card=null}]}
2026-09-23 08:23:47 [SocketMessageDispatcher] Mensaje: Header: tickets, Data: {tickets=[{correlative=9303, id=6ab3d2e327bb27508ccb6029}]}
2026-09-23 08:23:47 [SocketService] [RECIBIDO]| #26 | SID:216 | 32B | tickets [DATA]: {tickets=[{correlative=9303, id=6ab3d2e327bb27508ccb6029}]}
2026-09-23 08:23:47 [SocketService] [ENVIADO] | [NUEVO] (43B) [KEY]: tickets [DATA]: {tickets=[{fare=5, correlative=9303, session=35417, busstop_end=5, inspector=null, vehicle=15, number=1429, route=1, driver=131, price=200.0, time=2026-09-23T08:23:47.543764, busstop_start=36, day=2026-09-23, payment_method=1, card=null}]}
2026-09-23 08:23:41 [SocketMessageDispatcher] Mensaje: Header: tickets, Data: {tickets=[{correlative=9302, id=6ab3d2dd27bb27508ccb6011}]}
2026-09-23 08:23:41 [SocketService] [RECIBIDO]| #22 | SID:216 | 32B | tickets [DATA]: {tickets=[{correlative=9302, id=6ab3d2dd27bb27508ccb6011}]}
2026-09-23 08:23:41 [SocketService] [ENVIADO] | [NUEVO] (43B) [KEY]: tickets [DATA]: {tickets=[{fare=5, correlative=9302, session=35417, busstop_end=5, inspector=null, vehicle=15, number=1428, route=1, driver=131, price=200.0, time=2026-09-23T08:23:41.565010, busstop_start=36, day=2026-09-23, payment_method=1, card=null}]}
2026-09-23 08:23:36 [SocketMessageDispatcher] Mensaje: Header: tickets, Data: {tickets=[{correlative=9301, id=6ab3d2d827bb27508ccb5ffa}]}
2026-09-23 08:23:36 [SocketService] [RECIBIDO]| #18 | SID:216 | 32B | tickets [DATA]: {tickets=[{correlative=9301, id=6ab3d2d827bb27508ccb5ffa}]}
2026-09-23 08:23:36 [SocketService] [ENVIADO] | [NUEVO] (43B) [KEY]: tickets [DATA]: {tickets=[{fare=3, correlative=9301, session=35417, busstop_end=7, inspector=null, vehicle=15, number=697, route=1, driver=131, price=300.0, time=2026-09-23T08:23:36.503894, busstop_start=36, day=2026-09-23, payment_method=1, card=null}]}
2026-09-23 08:22:29 [ProtectorVM] TEMP: 38.0C -> cap térmico 100%
2026-09-23 08:22:29 [ProtectorVM] temp: 38.0C
2026-09-23 08:22:16 [ParaderoManager] Paradero más cercano: Paradero(id=32, lado=true, ruta=Ruta(id=1, codigo=1493, inicio=null, activo=false), activo=true, nombre=28 DE JULIO, orden=11, latitud=-12.065888274325907, liquidar=false, longitud=-77.04595848510388, radio=44.0, velocidad=50.0, terminal=false, audio=28 DE JULIO)
2026-09-23 08:22:09 [SocketMessageDispatcher] Mensaje: Header: forward_datero, Data: {trip=39119, geofence=41, time=2026-09-23T08:22:07, dateros=[{delta=16, padron=124}, {delta=32, padron=128}, {delta=11, padron=146}, {delta=11, padron=107}, {delta=38, padron=131}]}
2026-09-23 08:22:09 [ERROR-GeoMarkViewModel] ❌ Geocerca ID 41 no encontrada
2026-09-23 08:22:09 [SocketMessageDispatcher] Mensaje: Header: mark, Data: {volada=63, trip=39119, geofence=41, id=1135729, state=M, timestamp=2026-09-23T08:22:07}
2026-09-23 08:22:09 [SocketService] [RECIBIDO]| #17 | SID:216 | 32B | forward_datero [DATA]: {trip=39119, geofence=41, time=2026-09-23T08:22:07, dateros=[{delta=16, padron=124}, {delta=32, padron=128}, {delta=11, padron=146}, {delta=11, padron=107}, {delta=38, padron=131}]}
2026-09-23 08:22:09 [SocketService] [RECIBIDO]| #16 | SID:216 | 25B | mark [DATA]: {volada=63, trip=39119, geofence=41, id=1135729, state=M, timestamp=2026-09-23T08:22:07}
2026-09-23 08:21:40 [SocketMessageDispatcher] Mensaje: Header: backward_datero, Data: {pad=132, geofence=40, delta=10, orden=0, id=6804356441}
2026-09-23 08:21:40 [SocketService] [RECIBIDO]| #15 | SID:216 | 19B | backward_datero [DATA]: {pad=132, geofence=40, delta=10, orden=0, id=6804356441}
2026-09-23 08:20:29 [SocketMessageDispatcher] Mensaje: Header: report, Data: {positions=1}
2026-09-23 08:20:29 [SocketService] [RECIBIDO]| #14 | SID:216 | 3B | report [DATA]: {positions=1}
2026-09-23 08:20:29 [SocketService] [ENVIADO] | [NUEVO] (36B) [KEY]: report [DATA]: {trip=39119, route=1, positions=[{lng=-77.0449723, busstop=0, angle=273, accuracy=10, time=2026-09-23T08:20:28.994900, lat=-12.0651451, speed=1, mark=0}], state=R, sales=0, events=[], direction=false}
2026-09-23 08:20:29 [PositionRepository] 📤 Enviando 1 (batch=2, pendientes=1)
2026-09-23 08:20:28 [LocationTrackingService] GPS desactivado - Pulso cada 5 min acc:10.657m
2026-09-23 08:20:27 [SocketMessageDispatcher] Mensaje: Header: tickets, Data: {tickets=[{correlative=9300, id=6ab3d21b27bb27508ccb5cf6}]}
2026-09-23 08:20:27 [SocketService] [RECIBIDO]| #10 | SID:216 | 32B | tickets [DATA]: {tickets=[{correlative=9300, id=6ab3d21b27bb27508ccb5cf6}]}
2026-09-23 08:20:27 [SocketService] [ENVIADO] | [NUEVO] (43B) [KEY]: tickets [DATA]: {tickets=[{fare=5, correlative=9300, session=35417, busstop_end=5, inspector=null, vehicle=15, number=1427, route=1, driver=131, price=200.0, time=2026-09-23T08:20:27.278851, busstop_start=36, day=2026-09-23, payment_method=1, card=null}]}
2026-09-23 08:20:23 [SocketMessageDispatcher] Mensaje: Header: tickets, Data: {tickets=[{correlative=9299, id=6ab3d21727bb27508ccb5cdb}]}
2026-09-23 08:20:23 [SocketService] [RECIBIDO]| #6 | SID:216 | 32B | tickets [DATA]: {tickets=[{correlative=9299, id=6ab3d21727bb27508ccb5cdb}]}
2026-09-23 08:20:23 [SocketService] [ENVIADO] | [NUEVO] (43B) [KEY]: tickets [DATA]: {tickets=[{fare=6, correlative=9299, session=35417, busstop_end=null, inspector=null, vehicle=15, number=1318, route=1, driver=131, price=150.0, time=2026-09-23T08:20:23.075252, busstop_start=36, day=2026-09-23, payment_method=1, card=null}]}
2026-09-23 08:20:10 [DRIVERAUTO] Primera sesión obtenida: SessionDriver(id=35417, driver_id=131, driver_code=ID131, activo=true, castigado=false, conductor=true, vencido=false, route=1, direction=false, start_time=2026-09-23T06:18:59, autoLogin=false)
2026-09-23 08:20:10 [DRIVERAUTO] La dirección de la sesión coincide con el lado del paradero actual
2026-09-23 08:20:10 [DRIVERAUTO] VALIDATE AutoLogin: false - Paradero actual: Paradero(id=36, lado=false, ruta=Ruta(id=1, codigo=1493, inicio=null, activo=false), activo=true, nombre=AV. BRASIL, orden=12, latitud=-12.065247384230364, liquidar=false, longitud=-77.0451290104914, radio=45.444945779464504, velocidad=50.0, terminal=false, audio=AV. BRASIL)
2026-09-23 08:20:10 [ParaderoManager] Paradero actual: AV. BRASIL (id=36)
2026-09-23 08:17:41 [SocketMessageDispatcher] Mensaje: Header: salida, Data: {lado=false, estado=R, frecuencia=10, ruta=1, geocerca=40, controles=[{volada=0, tiempo=0, geocerca=1}, {volada=0, tiempo=4, geocerca=5}, {volada=0, tiempo=3, geocerca=6}, {volada=-2, tiempo=2, geocerca=7}, {volada=-1, tiempo=2, geocerca=8}, {volada=5, tiempo=2, geocerca=9}, {volada=3, tiempo=3, geocerca=10}, {volada=9, tiempo=2, geocerca=11}, {volada=8, tiempo=4, geocerca=12}, {volada=5, tiempo=4, geocerca=13}, {volada=6, tiempo=2, geocerca=14}, {volada=7, tiempo=2, geocerca=17}, {volada=9, tiempo=2, geocerca=15}, {volada=14, tiempo=3, geocerca=16}, {volada=21, tiempo=3, geocerca=18}, {volada=24, tiempo=5, geocerca=19}, {volada=25, tiempo=5, geocerca=20}, {volada=29, tiempo=4, geocerca=21}, {volada=32, tiempo=4, geocerca=2}, {volada=41, tiempo=0, geocerca=39}, {volada=52, tiempo=0, geocerca=40}, {volada=0, tiempo=0, geocerca=41}, {volada=0, tiempo=0, geocerca=42}, {volada=0, tiempo=0, geocerca=43}, {volada=0, tiempo=0, geocerca=44}, {volada=0, tiempo=0, geocerca=45}, {volada=0, tiempo=7, geocerca=46}, {volada=0, tiempo=10, geocerca=47}, {volada=0, tiempo=9, geocerca=48}, {volada=0, tiempo=8, geocerca=49}, {volada=0, tiempo=12, geocerca=70}, {volada=0, tiempo=12, geocerca=50}, {volada=0, tiempo=6, geocerca=71}, {volada=0, tiempo=6, geocerca=51}, {volada=0, tiempo=10, geocerca=72}, {volada=0, tiempo=5, geocerca=52}, {volada=0, tiempo=0, geocerca=164}], inicio=2026-09-23T06:23, marcados=[false, false, false, true, true, true, true, true, true, true, true, true, true, true, true, true, true, true, true, true, true, false, false, false, false, false, false, false, false, false, false, false, false, false, false, false, false], id=39119, conductor=131}
2026-09-23 08:17:41 [SocketMessageDispatcher] Mensaje: Header: backward_datero_hide, Data: {pad=132, geofence=39, delta=11, orden=0, id=4177992999}
2026-09-23 08:17:41 [SocketMessageDispatcher] Mensaje: Header: forward_datero_hide, Data: {trip=39119, geofence=40, time=2026-09-23T08:11:26, dateros=[{delta=17, padron=124}, {delta=32, padron=128}, {delta=12, padron=146}, {delta=11, padron=107}, {delta=35, padron=131}]}
2026-09-23 08:17:41 [SocketService] [RECIBIDO]| #4 | SID:216 | 251B | salida [DATA]: {lado=false, estado=R, frecuencia=10, ruta=1, geocerca=40, controles=[{volada=0, tiempo=0, geocerca=1}, {volada=0, tiempo=4, geocerca=5}, {volada=0, tiempo=3, geocerca=6}, {volada=-2, tiempo=2, geocerca=7}, {volada=-1, tiempo=2, geocerca=8}, {volada=5, tiempo=2, geocerca=9}, {volada=3, tiempo=3, geocerca=10}, {volada=9, tiempo=2, geocerca=11}, {volada=8, tiempo=4, geocerca=12}, {volada=5, tiempo=4, geocerca=13}, {volada=6, tiempo=2, geocerca=14}, {volada=7, tiempo=2, geocerca=17}, {volada=9, tiempo=2, geocerca=15}, {volada=14, tiempo=3, geocerca=16}, {volada=21, tiempo=3, geocerca=18}, {volada=24, tiempo=5, geocerca=19}, {volada=25, tiempo=5, geocerca=20}, {volada=29, tiempo=4, geocerca=21}, {volada=32, tiempo=4, geocerca=2}, {volada=41, tiempo=0, geocerca=39}, {volada=52, tiempo=0, geocerca=40}, {volada=0, tiempo=0, geocerca=41}, {volada=0, tiempo=0, geocerca=42}, {volada=0, tiempo=0, geocerca=43}, {volada=0, tiempo=0, geocerca=44}, {volada=0, tiempo=0, geocerca=45}, {volada=0, tiempo=7, geocerca=46}, {volada=0, tiempo=10, geocerca=47}, {volada=0, tiempo=9, geocerca=48}, {volada=0, tiempo=8, geocerca=49}, {volada=0, tiempo=12, geocerca=70}, {volada=0, tiempo=12, geocerca=50}, {volada=0, tiempo=6, geocerca=71}, {volada=0, tiempo=6, geocerca=51}, {volada=0, tiempo=10, geocerca=72}, {volada=0, tiempo=5, geocerca=52}, {volada=0, tiempo=0, geocerca=164}], inicio=2026-09-23T06:23, marcados=[false, false, false, true, true, true, true, true, true, true, true, true, true, true, true, true, true, true, true, true, true, false, false, false, false, false, false, false, false, false, false, false, false, false, false, false, false], id=39119, conductor=131}
2026-09-23 08:17:41 [SocketService] [RECIBIDO]| #3 | SID:216 | 20B | backward_datero_hide [DATA]: {pad=132, geofence=39, delta=11, orden=0, id=4177992999}
2026-09-23 08:17:41 [SocketService] [RECIBIDO]| #2 | SID:216 | 31B | forward_datero_hide [DATA]: {trip=39119, geofence=40, time=2026-09-23T08:11:26, dateros=[{delta=17, padron=124}, {delta=32, padron=128}, {delta=12, padron=146}, {delta=11, padron=107}, {delta=35, padron=131}]}
2026-09-23 08:17:40 [SocketService] [ENVIADO] | [NUEVO] (3B) [KEY]: backward_datero [DATA]: {id=0}
2026-09-23 08:17:40 [SocketService] [ENVIADO] | [NUEVO] (4B) [KEY]: forward_datero [DATA]: {id=0}
2026-09-23 08:17:40 [SocketService] [ENVIADO] | [NUEVO] (7B) [KEY]: salida [DATA]: {limit=0, salida=39119}
2026-09-23 08:17:40 [SocketMessageDispatcher] ✅ Login confirmado por servidor (sesión OK)
2026-09-23 08:17:40 [SocketMessageDispatcher] Mensaje: Header: login, Data: {voice=true, orientation=false, contactless=false, data=2026-09-23T08:17:40, ticket=true, geofence=40, gps=false, schedule=06:33, ads=false, route=1, trip=39119, driver=null, calls=true, padron=124, id=15, state=R, map=false, placa=BCG906, direction=false, order=1}
2026-09-23 08:17:40 [SocketService] [RECIBIDO]| #1 | SID:216 | 35B | login [DATA]: {voice=true, orientation=false, contactless=false, data=2026-09-23T08:17:40, ticket=true, geofence=40, gps=false, schedule=06:33, ads=false, route=1, trip=39119, driver=null, calls=true, padron=124, id=15, state=R, map=false, placa=BCG906, direction=false, order=1}
2026-09-23 08:17:40 [SocketService] 🔒 WakeLock + WifiLock adquiridos
2026-09-23 08:17:40 [SocketService] [ENVIADO] | [NUEVO] (18B) [KEY]: login [DATA]: {serial=864255060447047}
2026-09-23 08:17:40 [SocketService] 🔑 Enviando login handshake (864255060447047)
2026-09-23 08:17:40 [SocketService] ✅ CONECTADO [ID: 216] en 69308584ms - Code: 101
2026-09-23 08:17:38 [SocketService] ✅ Recursos completamente limpiados
2026-09-23 08:17:38 [SocketService] 🔄 Conectando [ID: 216] a ws://34.71.11.201:22222?schema=android&gps=true&console=true&version=2
2026-09-23 08:17:38 [GpsViewModel] No hay conexión. Se omite procesamiento.
2026-09-23 08:17:38 [SocketService] 🔄 Nuevo Socket ID: 216
2026-09-23 08:17:38 [SocketService] 🧹 Limpiando recursos [ID: 215]
2026-09-23 08:17:38 [SocketService] ⏰ Watchdog: 132604ms sin mensajes, forzando reconexión
2026-09-23 08:17:29 [ProtectorVM] TEMP: 38.1C -> cap térmico 100%
2026-09-23 08:17:29 [ProtectorVM] temp: 38.1C
2026-09-23 08:15:26 [SocketMessageDispatcher] Mensaje: Header: report, Data: {positions=1}
2026-09-23 08:15:26 [SocketService] [RECIBIDO]| #18 | SID:215 | 3B | report [DATA]: {positions=1}
2026-09-23 08:15:26 [SocketService] [ENVIADO] | [NUEVO] (36B) [KEY]: report [DATA]: {trip=39119, route=1, positions=[{lng=-77.0345837, busstop=0, angle=261, accuracy=9, time=2026-09-23T08:15:25.995772, lat=-12.0637995, speed=34, mark=0}], state=R, sales=0, events=[], direction=false}
2026-09-23 08:15:26 [PositionRepository] 📤 Enviando 1 (batch=5, pendientes=1)
2026-09-23 08:15:25 [LocationTrackingService] GPS desactivado - Pulso cada 5 min acc:9.935m
2026-09-23 08:12:29 [ProtectorVM] TEMP: 38.0C -> cap térmico 100%
2026-09-23 08:12:29 [ProtectorVM] temp: 38.0C
2026-09-23 08:11:41 [SocketMessageDispatcher] Mensaje: Header: backward_datero, Data: {pad=132, geofence=39, delta=11, orden=0, id=4177992999}
2026-09-23 08:11:41 [SocketService] [RECIBIDO]| #16 | SID:215 | 19B | backward_datero [DATA]: {pad=132, geofence=39, delta=11, orden=0, id=4177992999}
2026-09-23 08:11:28 [SocketMessageDispatcher] Mensaje: Header: forward_datero, Data: {trip=39119, geofence=40, time=2026-09-23T08:11:26, dateros=[{delta=17, padron=124}, {delta=32, padron=128}, {delta=12, padron=146}, {delta=11, padron=107}, {delta=35, padron=131}]}
2026-09-23 08:11:28 [SocketService] [RECIBIDO]| #15 | SID:215 | 32B | forward_datero [DATA]: {trip=39119, geofence=40, time=2026-09-23T08:11:26, dateros=[{delta=17, padron=124}, {delta=32, padron=128}, {delta=12, padron=146}, {delta=11, padron=107}, {delta=35, padron=131}]}
2026-09-23 08:11:28 [SocketMessageDispatcher] Mensaje: Header: mark, Data: {volada=52, trip=39119, geofence=40, id=1135728, state=M, timestamp=2026-09-23T08:11:26}
2026-09-23 08:11:28 [SocketService] [RECIBIDO]| #14 | SID:215 | 25B | mark [DATA]: {volada=52, trip=39119, geofence=40, id=1135728, state=M, timestamp=2026-09-23T08:11:26}
2026-09-23 08:10:23 [SocketMessageDispatcher] Mensaje: Header: report, Data: {positions=1}
2026-09-23 08:10:23 [SocketService] [RECIBIDO]| #13 | SID:215 | 3B | report [DATA]: {positions=1}
2026-09-23 08:10:23 [SocketService] [ENVIADO] | [NUEVO] (36B) [KEY]: report [DATA]: {trip=39119, route=1, positions=[{lng=-77.032415, busstop=0, angle=263, accuracy=8, time=2026-09-23T08:10:23.003325, lat=-12.0635225, speed=31, mark=0}], state=R, sales=0, events=[], direction=false}
2026-09-23 08:10:23 [PositionRepository] 📤 Enviando 1 (batch=2, pendientes=1)
2026-09-23 08:10:23 [LocationTrackingService] GPS desactivado - Pulso cada 5 min acc:8.681m
2026-09-23 08:09:28 [ParaderoManager] Paradero más cercano: Paradero(id=36, lado=false, ruta=Ruta(id=1, codigo=1493, inicio=null, activo=false), activo=true, nombre=AV. BRASIL, orden=12, latitud=-12.065247384230364, liquidar=false, longitud=-77.0451290104914, radio=45.444945779464504, velocidad=50.0, terminal=false, audio=AV. BRASIL)
2026-09-23 08:08:59 [SocketMessageDispatcher] Mensaje: Header: tickets, Data: {tickets=[{correlative=9298, id=6ab3cf6b27bb27508ccb53a0}]}
2026-09-23 08:08:59 [SocketService] [RECIBIDO]| #9 | SID:215 | 32B | tickets [DATA]: {tickets=[{correlative=9298, id=6ab3cf6b27bb27508ccb53a0}]}
2026-09-23 08:08:59 [SocketService] [ENVIADO] | [NUEVO] (43B) [KEY]: tickets [DATA]: {tickets=[{fare=5, correlative=9298, session=35417, busstop_end=5, inspector=null, vehicle=15, number=1426, route=1, driver=131, price=200.0, time=2026-09-23T08:08:59.239387, busstop_start=35, day=2026-09-23, payment_method=1, card=null}]}
2026-09-23 08:08:48 [SocketMessageDispatcher] Mensaje: Header: tickets, Data: {tickets=[{correlative=9297, id=6ab3cf5f27bb27508ccb5377}]}
2026-09-23 08:08:48 [SocketService] [RECIBIDO]| #5 | SID:215 | 32B | tickets [DATA]: {tickets=[{correlative=9297, id=6ab3cf5f27bb27508ccb5377}]}
2026-09-23 08:08:47 [SocketService] [ENVIADO] | [NUEVO] (43B) [KEY]: tickets [DATA]: {tickets=[{fare=5, correlative=9297, session=35417, busstop_end=5, inspector=null, vehicle=15, number=1425, route=1, driver=131, price=200.0, time=2026-09-23T08:08:47.653001, busstop_start=35, day=2026-09-23, payment_method=1, card=null}]}
2026-09-23 08:08:10 [SocketMessageDispatcher] Mensaje: Header: salida, Data: {lado=false, estado=R, frecuencia=10, ruta=1, geocerca=39, controles=[{volada=0, tiempo=0, geocerca=1}, {volada=0, tiempo=4, geocerca=5}, {volada=0, tiempo=3, geocerca=6}, {volada=-2, tiempo=2, geocerca=7}, {volada=-1, tiempo=2, geocerca=8}, {volada=5, tiempo=2, geocerca=9}, {volada=3, tiempo=3, geocerca=10}, {volada=9, tiempo=2, geocerca=11}, {volada=8, tiempo=4, geocerca=12}, {volada=5, tiempo=4, geocerca=13}, {volada=6, tiempo=2, geocerca=14}, {volada=7, tiempo=2, geocerca=17}, {volada=9, tiempo=2, geocerca=15}, {volada=14, tiempo=3, geocerca=16}, {volada=21, tiempo=3, geocerca=18}, {volada=24, tiempo=5, geocerca=19}, {volada=25, tiempo=5, geocerca=20}, {volada=29, tiempo=4, geocerca=21}, {volada=32, tiempo=4, geocerca=2}, {volada=41, tiempo=0, geocerca=39}, {volada=0, tiempo=0, geocerca=40}, {volada=0, tiempo=0, geocerca=41}, {volada=0, tiempo=0, geocerca=42}, {volada=0, tiempo=0, geocerca=43}, {volada=0, tiempo=0, geocerca=44}, {volada=0, tiempo=0, geocerca=45}, {volada=0, tiempo=7, geocerca=46}, {volada=0, tiempo=10, geocerca=47}, {volada=0, tiempo=9, geocerca=48}, {volada=0, tiempo=8, geocerca=49}, {volada=0, tiempo=12, geocerca=70}, {volada=0, tiempo=12, geocerca=50}, {volada=0, tiempo=6, geocerca=71}, {volada=0, tiempo=6, geocerca=51}, {volada=0, tiempo=10, geocerca=72}, {volada=0, tiempo=5, geocerca=52}, {volada=0, tiempo=0, geocerca=164}], inicio=2026-09-23T06:23, marcados=[false, false, false, true, true, true, true, true, true, true, true, true, true, true, true, true, true, true, true, true, false, false, false, false, false, false, false, false, false, false, false, false, false, false, false, false, false], id=39119, conductor=131}
2026-09-23 08:08:10 [SocketMessageDispatcher] Mensaje: Header: backward_datero_hide, Data: {pad=132, geofence=2, delta=11, orden=0, id=8947587493}
2026-09-23 08:08:10 [SocketMessageDispatcher] Mensaje: Header: forward_datero_hide, Data: {trip=39119, geofence=39, time=2026-09-23T08:00:58, dateros=[{delta=16, padron=124}, {delta=33, padron=128}, {delta=12, padron=146}, {delta=8, padron=107}, {delta=34, padron=131}]}
2026-09-23 08:08:09 [SocketService] [RECIBIDO]| #4 | SID:215 | 251B | salida [DATA]: {lado=false, estado=R, frecuencia=10, ruta=1, geocerca=39, controles=[{volada=0, tiempo=0, geocerca=1}, {volada=0, tiempo=4, geocerca=5}, {volada=0, tiempo=3, geocerca=6}, {volada=-2, tiempo=2, geocerca=7}, {volada=-1, tiempo=2, geocerca=8}, {volada=5, tiempo=2, geocerca=9}, {volada=3, tiempo=3, geocerca=10}, {volada=9, tiempo=2, geocerca=11}, {volada=8, tiempo=4, geocerca=12}, {volada=5, tiempo=4, geocerca=13}, {volada=6, tiempo=2, geocerca=14}, {volada=7, tiempo=2, geocerca=17}, {volada=9, tiempo=2, geocerca=15}, {volada=14, tiempo=3, geocerca=16}, {volada=21, tiempo=3, geocerca=18}, {volada=24, tiempo=5, geocerca=19}, {volada=25, tiempo=5, geocerca=20}, {volada=29, tiempo=4, geocerca=21}, {volada=32, tiempo=4, geocerca=2}, {volada=41, tiempo=0, geocerca=39}, {volada=0, tiempo=0, geocerca=40}, {volada=0, tiempo=0, geocerca=41}, {volada=0, tiempo=0, geocerca=42}, {volada=0, tiempo=0, geocerca=43}, {volada=0, tiempo=0, geocerca=44}, {volada=0, tiempo=0, geocerca=45}, {volada=0, tiempo=7, geocerca=46}, {volada=0, tiempo=10, geocerca=47}, {volada=0, tiempo=9, geocerca=48}, {volada=0, tiempo=8, geocerca=49}, {volada=0, tiempo=12, geocerca=70}, {volada=0, tiempo=12, geocerca=50}, {volada=0, tiempo=6, geocerca=71}, {volada=0, tiempo=6, geocerca=51}, {volada=0, tiempo=10, geocerca=72}, {volada=0, tiempo=5, geocerca=52}, {volada=0, tiempo=0, geocerca=164}], inicio=2026-09-23T06:23, marcados=[false, false, false, true, true, true, true, true, true, true, true, true, true, true, true, true, true, true, true, true, false, false, false, false, false, false, false, false, false, false, false, false, false, false, false, false, false], id=39119, conductor=131}
2026-09-23 08:08:09 [SocketService] [RECIBIDO]| #3 | SID:215 | 20B | backward_datero_hide [DATA]: {pad=132, geofence=2, delta=11, orden=0, id=8947587493}
2026-09-23 08:08:09 [SocketService] [RECIBIDO]| #2 | SID:215 | 31B | forward_datero_hide [DATA]: {trip=39119, geofence=39, time=2026-09-23T08:00:58, dateros=[{delta=16, padron=124}, {delta=33, padron=128}, {delta=12, padron=146}, {delta=8, padron=107}, {delta=34, padron=131}]}
2026-09-23 08:08:09 [SocketService] [ENVIADO] | [NUEVO] (3B) [KEY]: backward_datero [DATA]: {id=0}
2026-09-23 08:08:09 [SocketService] [ENVIADO] | [NUEVO] (4B) [KEY]: forward_datero [DATA]: {id=0}
2026-09-23 08:08:09 [SocketService] [ENVIADO] | [NUEVO] (7B) [KEY]: salida [DATA]: {limit=0, salida=39119}
2026-09-23 08:08:09 [SocketMessageDispatcher] ✅ Login confirmado por servidor (sesión OK)
2026-09-23 08:08:09 [SocketMessageDispatcher] Mensaje: Header: login, Data: {voice=true, orientation=false, contactless=false, data=2026-09-23T08:08:09, ticket=true, geofence=39, gps=false, schedule=06:33, ads=false, route=1, trip=39119, driver=null, calls=true, padron=124, id=15, state=R, map=false, placa=BCG906, direction=false, order=1}
2026-09-23 08:08:09 [SocketService] [RECIBIDO]| #1 | SID:215 | 35B | login [DATA]: {voice=true, orientation=false, contactless=false, data=2026-09-23T08:08:09, ticket=true, geofence=39, gps=false, schedule=06:33, ads=false, route=1, trip=39119, driver=null, calls=true, padron=124, id=15, state=R, map=false, placa=BCG906, direction=false, order=1}
2026-09-23 08:08:08 [SocketService] 🔒 WakeLock + WifiLock adquiridos
2026-09-23 08:08:08 [SocketService] [ENVIADO] | [NUEVO] (18B) [KEY]: login [DATA]: {serial=864255060447047}
2026-09-23 08:08:08 [SocketService] 🔑 Enviando login handshake (864255060447047)
2026-09-23 08:08:08 [SocketService] ✅ CONECTADO [ID: 215] en 68737008ms - Code: 101
2026-09-23 08:08:08 [SocketService] 🔄 Conectando [ID: 215] a ws://34.71.11.201:22222?schema=android&gps=true&console=true&version=2
2026-09-23 08:08:08 [GpsViewModel] No hay conexión. Se omite procesamiento.
2026-09-23 08:08:08 [SocketService] ✅ Recursos completamente limpiados
2026-09-23 08:08:08 [SocketService] 🔄 Nuevo Socket ID: 215
2026-09-23 08:08:08 [SocketService] 🧹 Limpiando recursos [ID: 214]
2026-09-23 08:08:08 [SocketService] ⏰ Watchdog: 138691ms sin mensajes, forzando reconexión
2026-09-23 08:07:29 [ProtectorVM] TEMP: 38.1C -> cap térmico 100%
2026-09-23 08:07:29 [ProtectorVM] temp: 38.1C
2026-09-23 08:07:19 [ParaderoManager] Paradero más cercano: Paradero(id=34, lado=false, ruta=Ruta(id=1, codigo=1493, inicio=null, activo=false), activo=true, nombre=AVIACION, orden=10, latitud=-12.056416001414217, liquidar=false, longitud=-77.01472030225581, radio=47.0, velocidad=50.0, terminal=false, audio=AVIACION)
2026-09-23 08:07:16 [ParaderoManager] Paradero más cercano: Paradero(id=35, lado=false, ruta=Ruta(id=1, codigo=1493, inicio=null, activo=false), activo=true, nombre=28 DE JULIO, orden=11, latitud=-12.060603855043674, liquidar=false, longitud=-77.0132418826754, radio=45.0, velocidad=50.0, terminal=false, audio=28 DE JULIO)
2026-09-23 08:07:05 [ParaderoManager] Paradero más cercano: Paradero(id=34, lado=false, ruta=Ruta(id=1, codigo=1493, inicio=null, activo=false), activo=true, nombre=AVIACION, orden=10, latitud=-12.056416001414217, liquidar=false, longitud=-77.01472030225581, radio=47.0, velocidad=50.0, terminal=false, audio=AVIACION)
2026-09-23 08:05:49 [SocketMessageDispatcher] Mensaje: Header: tickets, Data: {tickets=[{correlative=9296, id=6ab3cead27bb27508ccb510f}]}
2026-09-23 08:05:49 [SocketService] [RECIBIDO]| #22 | SID:214 | 32B | tickets [DATA]: {tickets=[{correlative=9296, id=6ab3cead27bb27508ccb510f}]}
2026-09-23 08:05:48 [SocketService] [ENVIADO] | [NUEVO] (43B) [KEY]: tickets [DATA]: {tickets=[{fare=7, correlative=9296, session=35417, busstop_end=1, inspector=null, vehicle=15, number=1836, route=1, driver=131, price=100.0, time=2026-09-23T08:05:48.801747, busstop_start=35, day=2026-09-23, payment_method=1, card=null}]}
2026-09-23 08:05:23 [SocketMessageDispatcher] Mensaje: Header: report, Data: {positions=1}
2026-09-23 08:05:23 [SocketService] [RECIBIDO]| #21 | SID:214 | 3B | report [DATA]: {positions=1}
2026-09-23 08:05:23 [SocketService] [ENVIADO] | [NUEVO] (36B) [KEY]: report [DATA]: {trip=39119, route=1, positions=[{lng=-77.0212799, busstop=0, angle=261, accuracy=13, time=2026-09-23T08:05:22.993707, lat=-12.0620641, speed=15, mark=0}], state=R, sales=0, events=[], direction=false}
2026-09-23 08:05:23 [PositionRepository] 📤 Enviando 1 (batch=2, pendientes=1)
2026-09-23 08:05:22 [LocationTrackingService] GPS desactivado - Pulso cada 5 min acc:13.457m
2026-09-23 08:05:15 [SocketMessageDispatcher] Mensaje: Header: tickets, Data: {tickets=[{correlative=9295, id=6ab3ce8b27bb27508ccb50a6}]}
2026-09-23 08:05:15 [SocketService] [RECIBIDO]| #17 | SID:214 | 32B | tickets [DATA]: {tickets=[{correlative=9295, id=6ab3ce8b27bb27508ccb50a6}]}
2026-09-23 08:05:15 [SocketService] [ENVIADO] | [NUEVO] (43B) [KEY]: tickets [DATA]: {tickets=[{fare=5, correlative=9295, session=35417, busstop_end=5, inspector=null, vehicle=15, number=1424, route=1, driver=131, price=200.0, time=2026-09-23T08:05:15.548711, busstop_start=35, day=2026-09-23, payment_method=1, card=null}]}
2026-09-23 08:05:07 [SocketMessageDispatcher] Mensaje: Header: tickets, Data: {tickets=[{correlative=9294, id=6ab3ce8327bb27508ccb5084}]}
2026-09-23 08:05:07 [SocketService] [RECIBIDO]| #13 | SID:214 | 32B | tickets [DATA]: {tickets=[{correlative=9294, id=6ab3ce8327bb27508ccb5084}]}
2026-09-23 08:05:06 [SocketService] [ENVIADO] | [NUEVO] (43B) [KEY]: tickets [DATA]: {tickets=[{fare=5, correlative=9294, session=35417, busstop_end=5, inspector=null, vehicle=15, number=1423, route=1, driver=131, price=200.0, time=2026-09-23T08:05:06.752650, busstop_start=35, day=2026-09-23, payment_method=1, card=null}]}
2026-09-23 08:05:03 [SocketMessageDispatcher] Mensaje: Header: tickets, Data: {tickets=[{correlative=9293, id=6ab3ce7f27bb27508ccb5079}]}
2026-09-23 08:05:03 [SocketService] [RECIBIDO]| #9 | SID:214 | 32B | tickets [DATA]: {tickets=[{correlative=9293, id=6ab3ce7f27bb27508ccb5079}]}
2026-09-23 08:05:02 [SocketService] [ENVIADO] | [NUEVO] (43B) [KEY]: tickets [DATA]: {tickets=[{fare=7, correlative=9293, session=35417, busstop_end=1, inspector=null, vehicle=15, number=1835, route=1, driver=131, price=100.0, time=2026-09-23T08:05:02.665473, busstop_start=35, day=2026-09-23, payment_method=1, card=null}]}
2026-09-23 08:04:41 [SocketMessageDispatcher] Mensaje: Header: tickets, Data: {tickets=[{correlative=9292, id=6ab3ce6927bb27508ccb5029}]}
2026-09-23 08:04:41 [SocketService] [RECIBIDO]| #5 | SID:214 | 32B | tickets [DATA]: {tickets=[{correlative=9292, id=6ab3ce6927bb27508ccb5029}]}
2026-09-23 08:04:41 [SocketService] [ENVIADO] | [NUEVO] (43B) [KEY]: tickets [DATA]: {tickets=[{fare=5, correlative=9292, session=35417, busstop_end=5, inspector=null, vehicle=15, number=1422, route=1, driver=131, price=200.0, time=2026-09-23T08:04:41.026683, busstop_start=35, day=2026-09-23, payment_method=1, card=null}]}
2026-09-23 08:04:39 [SocketMessageDispatcher] Mensaje: Header: backward_datero_hide, Data: {pad=132, geofence=2, delta=11, orden=0, id=8947587493}
2026-09-23 08:04:39 [SocketMessageDispatcher] Mensaje: Header: forward_datero_hide, Data: {trip=39119, geofence=39, time=2026-09-23T08:00:58, dateros=[{delta=16, padron=124}, {delta=33, padron=128}, {delta=12, padron=146}, {delta=8, padron=107}, {delta=34, padron=131}]}
2026-09-23 08:04:39 [SocketMessageDispatcher] Mensaje: Header: salida, Data: {lado=false, estado=R, frecuencia=10, ruta=1, geocerca=39, controles=[{volada=0, tiempo=0, geocerca=1}, {volada=0, tiempo=4, geocerca=5}, {volada=0, tiempo=3, geocerca=6}, {volada=-2, tiempo=2, geocerca=7}, {volada=-1, tiempo=2, geocerca=8}, {volada=5, tiempo=2, geocerca=9}, {volada=3, tiempo=3, geocerca=10}, {volada=9, tiempo=2, geocerca=11}, {volada=8, tiempo=4, geocerca=12}, {volada=5, tiempo=4, geocerca=13}, {volada=6, tiempo=2, geocerca=14}, {volada=7, tiempo=2, geocerca=17}, {volada=9, tiempo=2, geocerca=15}, {volada=14, tiempo=3, geocerca=16}, {volada=21, tiempo=3, geocerca=18}, {volada=24, tiempo=5, geocerca=19}, {volada=25, tiempo=5, geocerca=20}, {volada=29, tiempo=4, geocerca=21}, {volada=32, tiempo=4, geocerca=2}, {volada=41, tiempo=0, geocerca=39}, {volada=0, tiempo=0, geocerca=40}, {volada=0, tiempo=0, geocerca=41}, {volada=0, tiempo=0, geocerca=42}, {volada=0, tiempo=0, geocerca=43}, {volada=0, tiempo=0, geocerca=44}, {volada=0, tiempo=0, geocerca=45}, {volada=0, tiempo=7, geocerca=46}, {volada=0, tiempo=10, geocerca=47}, {volada=0, tiempo=9, geocerca=48}, {volada=0, tiempo=8, geocerca=49}, {volada=0, tiempo=12, geocerca=70}, {volada=0, tiempo=12, geocerca=50}, {volada=0, tiempo=6, geocerca=71}, {volada=0, tiempo=6, geocerca=51}, {volada=0, tiempo=10, geocerca=72}, {volada=0, tiempo=5, geocerca=52}, {volada=0, tiempo=0, geocerca=164}], inicio=2026-09-23T06:23, marcados=[false, false, false, true, true, true, true, true, true, true, true, true, true, true, true, true, true, true, true, true, false, false, false, false, false, false, false, false, false, false, false, false, false, false, false, false, false], id=39119, conductor=131}
2026-09-23 08:04:39 [SocketService] [RECIBIDO]| #4 | SID:214 | 20B | backward_datero_hide [DATA]: {pad=132, geofence=2, delta=11, orden=0, id=8947587493}
2026-09-23 08:04:39 [SocketService] [RECIBIDO]| #3 | SID:214 | 31B | forward_datero_hide [DATA]: {trip=39119, geofence=39, time=2026-09-23T08:00:58, dateros=[{delta=16, padron=124}, {delta=33, padron=128}, {delta=12, padron=146}, {delta=8, padron=107}, {delta=34, padron=131}]}
2026-09-23 08:04:39 [SocketService] [RECIBIDO]| #2 | SID:214 | 251B | salida [DATA]: {lado=false, estado=R, frecuencia=10, ruta=1, geocerca=39, controles=[{volada=0, tiempo=0, geocerca=1}, {volada=0, tiempo=4, geocerca=5}, {volada=0, tiempo=3, geocerca=6}, {volada=-2, tiempo=2, geocerca=7}, {volada=-1, tiempo=2, geocerca=8}, {volada=5, tiempo=2, geocerca=9}, {volada=3, tiempo=3, geocerca=10}, {volada=9, tiempo=2, geocerca=11}, {volada=8, tiempo=4, geocerca=12}, {volada=5, tiempo=4, geocerca=13}, {volada=6, tiempo=2, geocerca=14}, {volada=7, tiempo=2, geocerca=17}, {volada=9, tiempo=2, geocerca=15}, {volada=14, tiempo=3, geocerca=16}, {volada=21, tiempo=3, geocerca=18}, {volada=24, tiempo=5, geocerca=19}, {volada=25, tiempo=5, geocerca=20}, {volada=29, tiempo=4, geocerca=21}, {volada=32, tiempo=4, geocerca=2}, {volada=41, tiempo=0, geocerca=39}, {volada=0, tiempo=0, geocerca=40}, {volada=0, tiempo=0, geocerca=41}, {volada=0, tiempo=0, geocerca=42}, {volada=0, tiempo=0, geocerca=43}, {volada=0, tiempo=0, geocerca=44}, {volada=0, tiempo=0, geocerca=45}, {volada=0, tiempo=7, geocerca=46}, {volada=0, tiempo=10, geocerca=47}, {volada=0, tiempo=9, geocerca=48}, {volada=0, tiempo=8, geocerca=49}, {volada=0, tiempo=12, geocerca=70}, {volada=0, tiempo=12, geocerca=50}, {volada=0, tiempo=6, geocerca=71}, {volada=0, tiempo=6, geocerca=51}, {volada=0, tiempo=10, geocerca=72}, {volada=0, tiempo=5, geocerca=52}, {volada=0, tiempo=0, geocerca=164}], inicio=2026-09-23T06:23, marcados=[false, false, false, true, true, true, true, true, true, true, true, true, true, true, true, true, true, true, true, true, false, false, false, false, false, false, false, false, false, false, false, false, false, false, false, false, false], id=39119, conductor=131}
2026-09-23 08:04:38 [SocketService] [ENVIADO] | [NUEVO] (4B) [KEY]: forward_datero [DATA]: {id=0}
2026-09-23 08:04:38 [SocketService] [ENVIADO] | [NUEVO] (3B) [KEY]: backward_datero [DATA]: {id=0}
2026-09-23 08:04:38 [SocketService] [ENVIADO] | [NUEVO] (7B) [KEY]: salida [DATA]: {limit=0, salida=39119}
2026-09-23 08:04:38 [SocketMessageDispatcher] ✅ Login confirmado por servidor (sesión OK)
2026-09-23 08:04:38 [SocketMessageDispatcher] Mensaje: Header: login, Data: {voice=true, orientation=false, contactless=false, data=2026-09-23T08:04:38, ticket=true, geofence=39, gps=false, schedule=06:33, ads=false, route=1, trip=39119, driver=null, calls=true, padron=124, id=15, state=R, map=false, placa=BCG906, direction=false, order=1}
2026-09-23 08:04:38 [SocketService] [RECIBIDO]| #1 | SID:214 | 35B | login [DATA]: {voice=true, orientation=false, contactless=false, data=2026-09-23T08:04:38, ticket=true, geofence=39, gps=false, schedule=06:33, ads=false, route=1, trip=39119, driver=null, calls=true, padron=124, id=15, state=R, map=false, placa=BCG906, direction=false, order=1}
2026-09-23 08:04:38 [SocketService] 🔒 WakeLock + WifiLock adquiridos
2026-09-23 08:04:38 [SocketService] [ENVIADO] | [NUEVO] (18B) [KEY]: login [DATA]: {serial=864255060447047}
2026-09-23 08:04:38 [SocketService] 🔑 Enviando login handshake (864255060447047)
2026-09-23 08:04:38 [SocketService] ✅ CONECTADO [ID: 214] en 68526530ms - Code: 101
2026-09-23 08:04:37 [SocketService] 🔄 Conectando [ID: 214] a ws://34.71.11.201:22222?schema=android&gps=true&console=true&version=2
2026-09-23 08:04:37 [SocketService] ✅ Recursos completamente limpiados
2026-09-23 08:04:37 [SocketService] 🔄 Nuevo Socket ID: 214
2026-09-23 08:04:37 [GpsViewModel] No hay conexión. Se omite procesamiento.
2026-09-23 08:04:37 [SocketService] ⏰ Watchdog: 126928ms sin mensajes, forzando reconexión
2026-09-23 08:04:37 [SocketService] 🧹 Limpiando recursos [ID: 213]
2026-09-23 08:02:30 [SocketMessageDispatcher] Mensaje: Header: backward_datero, Data: {pad=132, geofence=2, delta=11, orden=0, id=8947587493}
2026-09-23 08:02:30 [SocketService] [RECIBIDO]| #24 | SID:213 | 19B | backward_datero [DATA]: {pad=132, geofence=2, delta=11, orden=0, id=8947587493}
2026-09-23 08:02:29 [ProtectorVM] TEMP: 38.3C -> cap térmico 100%
2026-09-23 08:02:29 [ProtectorVM] temp: 38.3C
2026-09-23 08:01:38 [SocketMessageDispatcher] Mensaje: Header: tickets, Data: {tickets=[{correlative=9291, id=6ab3cdb227bb27508ccb4db6}]}
2026-09-23 08:01:38 [SocketService] [RECIBIDO]| #20 | SID:213 | 32B | tickets [DATA]: {tickets=[{correlative=9291, id=6ab3cdb227bb27508ccb4db6}]}
2026-09-23 08:01:38 [SocketService] [ENVIADO] | [NUEVO] (43B) [KEY]: tickets [DATA]: {tickets=[{fare=6, correlative=9291, session=35417, busstop_end=null, inspector=null, vehicle=15, number=1317, route=1, driver=131, price=150.0, time=2026-09-23T08:01:38.412836, busstop_start=35, day=2026-09-23, payment_method=1, card=null}]}
2026-09-23 08:01:08 [SocketMessageDispatcher] Mensaje: Header: tickets, Data: {tickets=[{correlative=9290, id=6ab3cd9427bb27508ccb4d49}]}
2026-09-23 08:01:08 [SocketService] [RECIBIDO]| #16 | SID:213 | 32B | tickets [DATA]: {tickets=[{correlative=9290, id=6ab3cd9427bb27508ccb4d49}]}
2026-09-23 08:01:07 [SocketService] [ENVIADO] | [NUEVO] (43B) [KEY]: tickets [DATA]: {tickets=[{fare=6, correlative=9290, session=35417, busstop_end=null, inspector=null, vehicle=15, number=1316, route=1, driver=131, price=150.0, time=2026-09-23T08:01:07.685132, busstop_start=35, day=2026-09-23, payment_method=1, card=null}]}
2026-09-23 08:00:59 [SocketMessageDispatcher] Mensaje: Header: forward_datero, Data: {trip=39119, geofence=39, time=2026-09-23T08:00:58, dateros=[{delta=16, padron=124}, {delta=33, padron=128}, {delta=12, padron=146}, {delta=8, padron=107}, {delta=34, padron=131}]}
2026-09-23 08:00:59 [ERROR-GeoMarkViewModel] ❌ Geocerca ID 39 no encontrada
2026-09-23 08:00:59 [SocketMessageDispatcher] Mensaje: Header: mark, Data: {volada=41, trip=39119, geofence=39, id=1135727, state=M, timestamp=2026-09-23T08:00:58}
2026-09-23 08:00:59 [SocketService] [RECIBIDO]| #15 | SID:213 | 32B | forward_datero [DATA]: {trip=39119, geofence=39, time=2026-09-23T08:00:58, dateros=[{delta=16, padron=124}, {delta=33, padron=128}, {delta=12, padron=146}, {delta=8, padron=107}, {delta=34, padron=131}]}
2026-09-23 08:00:59 [SocketService] [RECIBIDO]| #14 | SID:213 | 25B | mark [DATA]: {volada=41, trip=39119, geofence=39, id=1135727, state=M, timestamp=2026-09-23T08:00:58}
2026-09-23 08:00:23 [SocketMessageDispatcher] Mensaje: Header: report, Data: {positions=1}
2026-09-23 08:00:23 [SocketService] [RECIBIDO]| #13 | SID:213 | 3B | report [DATA]: {positions=1}
2026-09-23 08:00:22 [SocketService] [ENVIADO] | [NUEVO] (36B) [KEY]: report [DATA]: {trip=39119, route=1, positions=[{lng=-77.0135001, busstop=0, angle=259, accuracy=10, time=2026-09-23T08:00:22.863995, lat=-12.0611266, speed=16, mark=0}], state=R, sales=0, events=[], direction=false}
2026-09-23 08:00:22 [PositionRepository] 📤 Enviando 1 (batch=2, pendientes=1)
2026-09-23 08:00:22 [LocationTrackingService] GPS desactivado - Pulso cada 5 min acc:10.274m
2026-09-23 08:00:06 [SocketMessageDispatcher] Mensaje: Header: tickets, Data: {tickets=[{correlative=9289, id=6ab3cd5627bb27508ccb4c58}]}
2026-09-23 08:00:06 [SocketService] [RECIBIDO]| #9 | SID:213 | 32B | tickets [DATA]: {tickets=[{correlative=9289, id=6ab3cd5627bb27508ccb4c58}]}
2026-09-23 08:00:05 [SocketService] [ENVIADO] | [NUEVO] (43B) [KEY]: tickets [DATA]: {tickets=[{fare=5, correlative=9289, session=35417, busstop_end=5, inspector=null, vehicle=15, number=1421, route=1, driver=131, price=200.0, time=2026-09-23T08:00:05.726489, busstop_start=35, day=2026-09-23, payment_method=1, card=null}]}
2026-09-23 08:00:01 [SocketMessageDispatcher] Mensaje: Header: tickets, Data: {tickets=[{correlative=9288, id=6ab3cd5127bb27508ccb4c46}]}
2026-09-23 08:00:01 [SocketService] [RECIBIDO]| #5 | SID:213 | 32B | tickets [DATA]: {tickets=[{correlative=9288, id=6ab3cd5127bb27508ccb4c46}]}
2026-09-23 08:00:01 [SocketService] [ENVIADO] | [NUEVO] (43B) [KEY]: tickets [DATA]: {tickets=[{fare=5, correlative=9288, session=35417, busstop_end=5, inspector=null, vehicle=15, number=1420, route=1, driver=131, price=200.0, time=2026-09-23T08:00:01.036220, busstop_start=35, day=2026-09-23, payment_method=1, card=null}]}
2026-09-23 07:59:39 [SocketMessageDispatcher] Mensaje: Header: salida, Data: {lado=false, estado=R, frecuencia=10, ruta=1, geocerca=2, controles=[{volada=0, tiempo=0, geocerca=1}, {volada=0, tiempo=4, geocerca=5}, {volada=0, tiempo=3, geocerca=6}, {volada=-2, tiempo=2, geocerca=7}, {volada=-1, tiempo=2, geocerca=8}, {volada=5, tiempo=2, geocerca=9}, {volada=3, tiempo=3, geocerca=10}, {volada=9, tiempo=2, geocerca=11}, {volada=8, tiempo=4, geocerca=12}, {volada=5, tiempo=4, geocerca=13}, {volada=6, tiempo=2, geocerca=14}, {volada=7, tiempo=2, geocerca=17}, {volada=9, tiempo=2, geocerca=15}, {volada=14, tiempo=3, geocerca=16}, {volada=21, tiempo=3, geocerca=18}, {volada=24, tiempo=5, geocerca=19}, {volada=25, tiempo=5, geocerca=20}, {volada=29, tiempo=4, geocerca=21}, {volada=32, tiempo=4, geocerca=2}, {volada=0, tiempo=0, geocerca=39}, {volada=0, tiempo=0, geocerca=40}, {volada=0, tiempo=0, geocerca=41}, {volada=0, tiempo=0, geocerca=42}, {volada=0, tiempo=0, geocerca=43}, {volada=0, tiempo=0, geocerca=44}, {volada=0, tiempo=0, geocerca=45}, {volada=0, tiempo=7, geocerca=46}, {volada=0, tiempo=10, geocerca=47}, {volada=0, tiempo=9, geocerca=48}, {volada=0, tiempo=8, geocerca=49}, {volada=0, tiempo=12, geocerca=70}, {volada=0, tiempo=12, geocerca=50}, {volada=0, tiempo=6, geocerca=71}, {volada=0, tiempo=6, geocerca=51}, {volada=0, tiempo=10, geocerca=72}, {volada=0, tiempo=5, geocerca=52}, {volada=0, tiempo=0, geocerca=164}], inicio=2026-09-23T06:23, marcados=[false, false, false, true, true, true, true, true, true, true, true, true, true, true, true, true, true, true, true, false, false, false, false, false, false, false, false, false, false, false, false, false, false, false, false, false, false], id=39119, conductor=131}
2026-09-23 07:59:39 [SocketMessageDispatcher] Mensaje: Header: backward_datero_hide, Data: {pad=132, geofence=21, delta=13, orden=0, id=9877555332}
2026-09-23 07:59:39 [SocketMessageDispatcher] Mensaje: Header: forward_datero_hide, Data: {trip=39119, geofence=2, time=2026-09-23T07:51:08, dateros=[{delta=20, padron=124}, {delta=28, padron=128}, {delta=10, padron=107}, {delta=9, padron=146}, {delta=27, padron=131}]}
2026-09-23 07:59:38 [SocketService] [RECIBIDO]| #4 | SID:213 | 251B | salida [DATA]: {lado=false, estado=R, frecuencia=10, ruta=1, geocerca=2, controles=[{volada=0, tiempo=0, geocerca=1}, {volada=0, tiempo=4, geocerca=5}, {volada=0, tiempo=3, geocerca=6}, {volada=-2, tiempo=2, geocerca=7}, {volada=-1, tiempo=2, geocerca=8}, {volada=5, tiempo=2, geocerca=9}, {volada=3, tiempo=3, geocerca=10}, {volada=9, tiempo=2, geocerca=11}, {volada=8, tiempo=4, geocerca=12}, {volada=5, tiempo=4, geocerca=13}, {volada=6, tiempo=2, geocerca=14}, {volada=7, tiempo=2, geocerca=17}, {volada=9, tiempo=2, geocerca=15}, {volada=14, tiempo=3, geocerca=16}, {volada=21, tiempo=3, geocerca=18}, {volada=24, tiempo=5, geocerca=19}, {volada=25, tiempo=5, geocerca=20}, {volada=29, tiempo=4, geocerca=21}, {volada=32, tiempo=4, geocerca=2}, {volada=0, tiempo=0, geocerca=39}, {volada=0, tiempo=0, geocerca=40}, {volada=0, tiempo=0, geocerca=41}, {volada=0, tiempo=0, geocerca=42}, {volada=0, tiempo=0, geocerca=43}, {volada=0, tiempo=0, geocerca=44}, {volada=0, tiempo=0, geocerca=45}, {volada=0, tiempo=7, geocerca=46}, {volada=0, tiempo=10, geocerca=47}, {volada=0, tiempo=9, geocerca=48}, {volada=0, tiempo=8, geocerca=49}, {volada=0, tiempo=12, geocerca=70}, {volada=0, tiempo=12, geocerca=50}, {volada=0, tiempo=6, geocerca=71}, {volada=0, tiempo=6, geocerca=51}, {volada=0, tiempo=10, geocerca=72}, {volada=0, tiempo=5, geocerca=52}, {volada=0, tiempo=0, geocerca=164}], inicio=2026-09-23T06:23, marcados=[false, false, false, true, true, true, true, true, true, true, true, true, true, true, true, true, true, true, true, false, false, false, false, false, false, false, false, false, false, false, false, false, false, false, false, false, false], id=39119, conductor=131}
2026-09-23 07:59:38 [SocketService] [RECIBIDO]| #3 | SID:213 | 20B | backward_datero_hide [DATA]: {pad=132, geofence=21, delta=13, orden=0, id=9877555332}
2026-09-23 07:59:38 [SocketService] [RECIBIDO]| #2 | SID:213 | 31B | forward_datero_hide [DATA]: {trip=39119, geofence=2, time=2026-09-23T07:51:08, dateros=[{delta=20, padron=124}, {delta=28, padron=128}, {delta=10, padron=107}, {delta=9, padron=146}, {delta=27, padron=131}]}
2026-09-23 07:59:38 [SocketService] [ENVIADO] | [NUEVO] (3B) [KEY]: backward_datero [DATA]: {id=0}
2026-09-23 07:59:38 [SocketService] [ENVIADO] | [NUEVO] (4B) [KEY]: forward_datero [DATA]: {id=0}
2026-09-23 07:59:38 [SocketService] [ENVIADO] | [NUEVO] (7B) [KEY]: salida [DATA]: {limit=0, salida=39119}
2026-09-23 07:59:38 [SocketMessageDispatcher] ✅ Login confirmado por servidor (sesión OK)
2026-09-23 07:59:38 [SocketMessageDispatcher] Mensaje: Header: login, Data: {voice=true, orientation=false, contactless=false, data=2026-09-23T07:59:38, ticket=true, geofence=2, gps=false, schedule=06:33, ads=false, route=1, trip=39119, driver=null, calls=true, padron=124, id=15, state=R, map=false, placa=BCG906, direction=false, order=1}
2026-09-23 07:59:38 [SocketService] [RECIBIDO]| #1 | SID:213 | 35B | login [DATA]: {voice=true, orientation=false, contactless=false, data=2026-09-23T07:59:38, ticket=true, geofence=2, gps=false, schedule=06:33, ads=false, route=1, trip=39119, driver=null, calls=true, padron=124, id=15, state=R, map=false, placa=BCG906, direction=false, order=1}
2026-09-23 07:59:37 [SocketService] 🔒 WakeLock + WifiLock adquiridos
2026-09-23 07:59:37 [ERROR-SocketService] ℹ️ Reconexión cancelada
2026-09-23 07:59:37 [SocketService] [ENVIADO] | [NUEVO] (18B) [KEY]: login [DATA]: {serial=864255060447047}
2026-09-23 07:59:37 [SocketService] 🔑 Enviando login handshake (864255060447047)
2026-09-23 07:59:37 [SocketService] ✅ CONECTADO [ID: 213] en 68225790ms - Code: 101
2026-09-23 07:59:37 [SocketService] 🔄 Conectando [ID: 213] a ws://34.71.11.201:22222?schema=android&gps=true&console=true&version=2
2026-09-23 07:59:37 [SocketService] ✅ Recursos completamente limpiados
2026-09-23 07:59:37 [SocketService] 🔄 Nuevo Socket ID: 213
2026-09-23 07:59:37 [SocketService] 🔄 Reconexión #1 en 765ms
2026-09-23 07:59:37 [GpsViewModel] No hay conexión. Se omite procesamiento.
2026-09-23 07:59:37 [ERROR-SocketService] ❌ [onFailure] [ID: 212]: Socket closed
2026-09-23 07:59:37 [SocketService] 🧹 Limpiando recursos [ID: 212]
2026-09-23 07:59:37 [SocketService] ⏰ Watchdog: 145579ms sin mensajes, forzando reconexión
2026-09-23 07:59:28 [DRIVERAUTO] VALIDATE AutoLogin: false - Paradero actual: Paradero(id=35, lado=false, ruta=Ruta(id=1, codigo=1493, inicio=null, activo=false), activo=true, nombre=28 DE JULIO, orden=11, latitud=-12.060603855043674, liquidar=false, longitud=-77.0132418826754, radio=45.0, velocidad=50.0, terminal=false, audio=28 DE JULIO)
2026-09-23 07:59:28 [ParaderoManager] Paradero actual: 28 DE JULIO (id=35)
2026-09-23 07:59:28 [DRIVERAUTO] Primera sesión obtenida: SessionDriver(id=35417, driver_id=131, driver_code=ID131, activo=true, castigado=false, conductor=true, vencido=false, route=1, direction=false, start_time=2026-09-23T06:18:59, autoLogin=false)
2026-09-23 07:59:28 [DRIVERAUTO] La dirección de la sesión coincide con el lado del paradero actual
2026-09-23 07:59:04 [ParaderoManager] Paradero más cercano: Paradero(id=35, lado=false, ruta=Ruta(id=1, codigo=1493, inicio=null, activo=false), activo=true, nombre=28 DE JULIO, orden=11, latitud=-12.060603855043674, liquidar=false, longitud=-77.0132418826754, radio=45.0, velocidad=50.0, terminal=false, audio=28 DE JULIO)
2026-09-23 07:57:37 [ParaderoManager] Paradero actual: AVIACION (id=34)
2026-09-23 07:57:37 [DRIVERAUTO] VALIDATE AutoLogin: false - Paradero actual: Paradero(id=34, lado=false, ruta=Ruta(id=1, codigo=1493, inicio=null, activo=false), activo=true, nombre=AVIACION, orden=10, latitud=-12.056416001414217, liquidar=false, longitud=-77.01472030225581, radio=47.0, velocidad=50.0, terminal=false, audio=AVIACION)
2026-09-23 07:57:37 [DRIVERAUTO] La dirección de la sesión coincide con el lado del paradero actual
2026-09-23 07:57:37 [DRIVERAUTO] Primera sesión obtenida: SessionDriver(id=35417, driver_id=131, driver_code=ID131, activo=true, castigado=false, conductor=true, vencido=false, route=1, direction=false, start_time=2026-09-23T06:18:59, autoLogin=false)
2026-09-23 07:57:29 [ProtectorVM] TEMP: 38.0C -> cap térmico 100%
2026-09-23 07:57:29 [ProtectorVM] temp: 38.0C
2026-09-23 07:57:22 [ParaderoManager] Paradero más cercano: Paradero(id=34, lado=false, ruta=Ruta(id=1, codigo=1493, inicio=null, activo=false), activo=true, nombre=AVIACION, orden=10, latitud=-12.056416001414217, liquidar=false, longitud=-77.01472030225581, radio=47.0, velocidad=50.0, terminal=false, audio=AVIACION)
2026-09-23 07:57:10 [SocketMessageDispatcher] Mensaje: Header: tickets, Data: {tickets=[{correlative=9287, id=6ab3cca727bb27508ccb4a04}]}
2026-09-23 07:57:10 [SocketService] [RECIBIDO]| #321 | SID:212 | 32B | tickets [DATA]: {tickets=[{correlative=9287, id=6ab3cca727bb27508ccb4a04}]}
2026-09-23 07:57:10 [SocketService] [ENVIADO] | [NUEVO] (43B) [KEY]: tickets [DATA]: {tickets=[{fare=6, correlative=9287, session=35417, busstop_end=null, inspector=null, vehicle=15, number=1315, route=1, driver=131, price=150.0, time=2026-09-23T07:57:10.621420, busstop_start=19, day=2026-09-23, payment_method=1, card=null}]}
2026-09-23 07:57:06 [SocketMessageDispatcher] Mensaje: Header: tickets, Data: {tickets=[{correlative=9286, id=6ab3cca227bb27508ccb49f6}]}
2026-09-23 07:57:06 [SocketService] [RECIBIDO]| #317 | SID:212 | 32B | tickets [DATA]: {tickets=[{correlative=9286, id=6ab3cca227bb27508ccb49f6}]}
2026-09-23 07:57:05 [SocketService] [ENVIADO] | [NUEVO] (43B) [KEY]: tickets [DATA]: {tickets=[{fare=7, correlative=9286, session=35417, busstop_end=1, inspector=null, vehicle=15, number=1834, route=1, driver=131, price=100.0, time=2026-09-23T07:57:05.660550, busstop_start=19, day=2026-09-23, payment_method=1, card=null}]}
2026-09-23 07:57:02 [SocketMessageDispatcher] Mensaje: Header: backward_datero, Data: {pad=132, geofence=21, delta=13, orden=0, id=9877555332}
2026-09-23 07:57:02 [SocketService] [RECIBIDO]| #316 | SID:212 | 19B | backward_datero [DATA]: {pad=132, geofence=21, delta=13, orden=0, id=9877555332}
2026-09-23 07:56:58 [SocketService] [RECIBIDO]| #312 | SID:212 | 32B | tickets [DATA]: {tickets=[{correlative=9285, id=6ab3cc9a27bb27508ccb49e5}]}
2026-09-23 07:56:58 [SocketMessageDispatcher] Mensaje: Header: tickets, Data: {tickets=[{correlative=9285, id=6ab3cc9a27bb27508ccb49e5}]}
2026-09-23 07:56:58 [SocketService] [ENVIADO] | [NUEVO] (43B) [KEY]: tickets [DATA]: {tickets=[{fare=5, correlative=9285, session=35417, busstop_end=5, inspector=null, vehicle=15, number=1419, route=1, driver=131, price=200.0, time=2026-09-23T07:56:58.531567, busstop_start=19, day=2026-09-23, payment_method=1, card=null}]}
2026-09-23 07:56:54 [SocketMessageDispatcher] Mensaje: Header: tickets, Data: {tickets=[{correlative=9284, id=6ab3cc9627bb27508ccb49d6}]}
2026-09-23 07:56:54 [SocketService] [RECIBIDO]| #308 | SID:212 | 32B | tickets [DATA]: {tickets=[{correlative=9284, id=6ab3cc9627bb27508ccb49d6}]}
2026-09-23 07:56:54 [SocketService] [ENVIADO] | [NUEVO] (43B) [KEY]: tickets [DATA]: {tickets=[{fare=5, correlative=9284, session=35417, busstop_end=5, inspector=null, vehicle=15, number=1418, route=1, driver=131, price=200.0, time=2026-09-23T07:56:54.501652, busstop_start=19, day=2026-09-23, payment_method=1, card=null}]}
2026-09-23 07:55:50 [SocketMessageDispatcher] Mensaje: Header: tickets, Data: {tickets=[{correlative=9283, id=6ab3cc5627bb27508ccb4906}]}
2026-09-23 07:55:50 [SocketService] [RECIBIDO]| #304 | SID:212 | 32B | tickets [DATA]: {tickets=[{correlative=9283, id=6ab3cc5627bb27508ccb4906}]}
2026-09-23 07:55:50 [SocketService] [ENVIADO] | [NUEVO] (43B) [KEY]: tickets [DATA]: {tickets=[{fare=6, correlative=9283, session=35417, busstop_end=null, inspector=null, vehicle=15, number=1314, route=1, driver=131, price=150.0, time=2026-09-23T07:55:50.055096, busstop_start=19, day=2026-09-23, payment_method=1, card=null}]}
2026-09-23 07:55:23 [SocketMessageDispatcher] Mensaje: Header: report, Data: {positions=1}
2026-09-23 07:55:23 [SocketService] [RECIBIDO]| #303 | SID:212 | 3B | report [DATA]: {positions=1}
2026-09-23 07:55:22 [SocketService] [ENVIADO] | [NUEVO] (36B) [KEY]: report [DATA]: {trip=39119, route=1, positions=[{lng=-77.0131212, busstop=0, angle=190, accuracy=9, time=2026-09-23T07:55:22.850614, lat=-12.0543215, speed=0, mark=0}], state=R, sales=0, events=[], direction=false}
2026-09-23 07:55:22 [PositionRepository] 📤 Enviando 1 (batch=40, pendientes=1)
2026-09-23 07:55:22 [LocationTrackingService] GPS desactivado - Pulso cada 5 min acc:9.99m
2026-09-23 07:55:08 [SocketMessageDispatcher] Mensaje: Header: tickets, Data: {tickets=[{correlative=9282, id=6ab3cc2c27bb27508ccb487e}]}
2026-09-23 07:55:08 [SocketService] [RECIBIDO]| #299 | SID:212 | 32B | tickets [DATA]: {tickets=[{correlative=9282, id=6ab3cc2c27bb27508ccb487e}]}
2026-09-23 07:55:08 [SocketService] [ENVIADO] | [NUEVO] (43B) [KEY]: tickets [DATA]: {tickets=[{fare=6, correlative=9282, session=35417, busstop_end=null, inspector=null, vehicle=15, number=1313, route=1, driver=131, price=150.0, time=2026-09-23T07:55:07.960218, busstop_start=19, day=2026-09-23, payment_method=1, card=null}]}
2026-09-23 07:54:31 [SocketMessageDispatcher] Mensaje: Header: tickets, Data: {tickets=[{correlative=9281, id=6ab3cc0727bb27508ccb480a}]}
2026-09-23 07:54:31 [SocketService] [RECIBIDO]| #295 | SID:212 | 32B | tickets [DATA]: {tickets=[{correlative=9281, id=6ab3cc0727bb27508ccb480a}]}
2026-09-23 07:54:31 [SocketService] [ENVIADO] | [NUEVO] (43B) [KEY]: tickets [DATA]: {tickets=[{fare=5, correlative=9281, session=35417, busstop_end=5, inspector=null, vehicle=15, number=1417, route=1, driver=131, price=200.0, time=2026-09-23T07:54:31.125240, busstop_start=19, day=2026-09-23, payment_method=1, card=null}]}
2026-09-23 07:54:19 [SocketMessageDispatcher] Mensaje: Header: tickets, Data: {tickets=[{correlative=9280, id=6ab3cbfb27bb27508ccb47ea}]}
2026-09-23 07:54:19 [SocketService] [RECIBIDO]| #291 | SID:212 | 32B | tickets [DATA]: {tickets=[{correlative=9280, id=6ab3cbfb27bb27508ccb47ea}]}
2026-09-23 07:54:19 [SocketService] [ENVIADO] | [NUEVO] (43B) [KEY]: tickets [DATA]: {tickets=[{fare=6, correlative=9280, session=35417, busstop_end=null, inspector=null, vehicle=15, number=1312, route=1, driver=131, price=150.0, time=2026-09-23T07:54:19.129559, busstop_start=19, day=2026-09-23, payment_method=1, card=null}]}
2026-09-23 07:54:09 [SocketMessageDispatcher] Mensaje: Header: tickets, Data: {tickets=[{correlative=9279, id=6ab3cbf127bb27508ccb47d0}]}
2026-09-23 07:54:09 [SocketService] [RECIBIDO]| #287 | SID:212 | 32B | tickets [DATA]: {tickets=[{correlative=9279, id=6ab3cbf127bb27508ccb47d0}]}
2026-09-23 07:54:09 [SocketService] [ENVIADO] | [NUEVO] (43B) [KEY]: tickets [DATA]: {tickets=[{fare=6, correlative=9279, session=35417, busstop_end=null, inspector=null, vehicle=15, number=1311, route=1, driver=131, price=150.0, time=2026-09-23T07:54:09.014302, busstop_start=19, day=2026-09-23, payment_method=1, card=null}]}
2026-09-23 07:54:00 [SocketMessageDispatcher] Mensaje: Header: tickets, Data: {tickets=[{correlative=9278, id=6ab3cbe827bb27508ccb47bf}]}
2026-09-23 07:54:00 [SocketService] [RECIBIDO]| #283 | SID:212 | 32B | tickets [DATA]: {tickets=[{correlative=9278, id=6ab3cbe827bb27508ccb47bf}]}
2026-09-23 07:54:00 [SocketService] [ENVIADO] | [NUEVO] (43B) [KEY]: tickets [DATA]: {tickets=[{fare=5, correlative=9278, session=35417, busstop_end=5, inspector=null, vehicle=15, number=1416, route=1, driver=131, price=200.0, time=2026-09-23T07:54:00.311762, busstop_start=19, day=2026-09-23, payment_method=1, card=null}]}
2026-09-23 07:53:53 [SocketMessageDispatcher] Mensaje: Header: tickets, Data: {tickets=[{correlative=9277, id=6ab3cbe127bb27508ccb47a4}]}
2026-09-23 07:53:53 [SocketService] [RECIBIDO]| #279 | SID:212 | 32B | tickets [DATA]: {tickets=[{correlative=9277, id=6ab3cbe127bb27508ccb47a4}]}
2026-09-23 07:53:53 [SocketService] [ENVIADO] | [NUEVO] (43B) [KEY]: tickets [DATA]: {tickets=[{fare=5, correlative=9277, session=35417, busstop_end=5, inspector=null, vehicle=15, number=1415, route=1, driver=131, price=200.0, time=2026-09-23T07:53:53.385988, busstop_start=19, day=2026-09-23, payment_method=1, card=null}]}
2026-09-23 07:53:09 [SocketMessageDispatcher] Mensaje: Header: tickets, Data: {tickets=[{correlative=9276, id=6ab3cbb527bb27508ccb471b}]}
2026-09-23 07:53:09 [SocketService] [RECIBIDO]| #275 | SID:212 | 32B | tickets [DATA]: {tickets=[{correlative=9276, id=6ab3cbb527bb27508ccb471b}]}
2026-09-23 07:53:09 [SocketService] [ENVIADO] | [NUEVO] (43B) [KEY]: tickets [DATA]: {tickets=[{fare=5, correlative=9276, session=35417, busstop_end=5, inspector=null, vehicle=15, number=1414, route=1, driver=131, price=200.0, time=2026-09-23T07:53:09.226384, busstop_start=19, day=2026-09-23, payment_method=1, card=null}]}
2026-09-23 07:52:29 [ProtectorVM] TEMP: 37.0C -> cap térmico 100%
2026-09-23 07:52:29 [ProtectorVM] temp: 37.0C
2026-09-23 07:52:19 [SocketMessageDispatcher] Mensaje: Header: tickets, Data: {tickets=[{correlative=9275, id=6ab3cb8327bb27508ccb4670}]}
2026-09-23 07:52:19 [SocketService] [RECIBIDO]| #272 | SID:212 | 32B | tickets [DATA]: {tickets=[{correlative=9275, id=6ab3cb8327bb27508ccb4670}]}
2026-09-23 07:52:19 [SocketService] [ENVIADO] | [NUEVO] (43B) [KEY]: tickets [DATA]: {tickets=[{fare=1, correlative=9275, session=35417, busstop_end=null, inspector=null, vehicle=15, number=98, route=1, driver=131, price=400.0, time=2026-09-23T07:52:19.030700, busstop_start=19, day=2026-09-23, payment_method=1, card=null}]}
2026-09-23 07:51:09 [SocketMessageDispatcher] Mensaje: Header: forward_datero, Data: {trip=39119, geofence=2, time=2026-09-23T07:51:08, dateros=[{delta=20, padron=124}, {delta=28, padron=128}, {delta=10, padron=107}, {delta=9, padron=146}, {delta=27, padron=131}]}
2026-09-23 07:51:09 [SocketService] [RECIBIDO]| #271 | SID:212 | 32B | forward_datero [DATA]: {trip=39119, geofence=2, time=2026-09-23T07:51:08, dateros=[{delta=20, padron=124}, {delta=28, padron=128}, {delta=10, padron=107}, {delta=9, padron=146}, {delta=27, padron=131}]}
2026-09-23 07:51:09 [SocketMessageDispatcher] Mensaje: Header: mark, Data: {volada=32, trip=39119, geofence=2, id=1135726, state=M, timestamp=2026-09-23T07:51:08}
2026-09-23 07:51:09 [SocketService] [RECIBIDO]| #270 | SID:212 | 25B | mark [DATA]: {volada=32, trip=39119, geofence=2, id=1135726, state=M, timestamp=2026-09-23T07:51:08}
2026-09-23 07:51:04 [ParaderoManager] Paradero más cercano: Paradero(id=10, lado=true, ruta=Ruta(id=1, codigo=1493, inicio=null, activo=false), activo=true, nombre=JR. JUNIN, orden=13, latitud=-12.053163997726786, liquidar=false, longitud=-77.01295877183342, radio=50.0, velocidad=50.0, terminal=false, audio=JR. JUNIN)
2026-09-23 07:50:23 [SocketMessageDispatcher] Mensaje: Header: report, Data: {positions=1}
2026-09-23 07:50:23 [SocketService] [RECIBIDO]| #269 | SID:212 | 3B | report [DATA]: {positions=1}
2026-09-23 07:50:22 [SocketService] [ENVIADO] | [NUEVO] (36B) [KEY]: report [DATA]: {trip=39119, route=1, positions=[{lng=-77.0129066, busstop=0, angle=177, accuracy=10, time=2026-09-23T07:50:22.839385, lat=-12.0508804, speed=10, mark=0}], state=R, sales=0, events=[], direction=false}
2026-09-23 07:50:22 [PositionRepository] 📤 Enviando 1 (batch=40, pendientes=1)
2026-09-23 07:50:22 [LocationTrackingService] GPS desactivado - Pulso cada 5 min acc:10.261m
2026-09-23 07:49:37 [DRIVERAUTO] VALIDATE AutoLogin: false - Paradero actual: Paradero(id=19, lado=false, ruta=Ruta(id=1, codigo=1493, inicio=null, activo=false), activo=true, nombre=AV. MIGUEL GRAU, orden=9, latitud=-12.05025009094208, liquidar=false, longitud=-77.0129468184075, radio=85.0, velocidad=50.0, terminal=false, audio=AV. MIGUEL GRAU)
2026-09-23 07:49:37 [ParaderoManager] Paradero actual: AV. MIGUEL GRAU (id=19)
2026-09-23 07:49:37 [DRIVERAUTO] Primera sesión obtenida: SessionDriver(id=35417, driver_id=131, driver_code=ID131, activo=true, castigado=false, conductor=true, vencido=false, route=1, direction=false, start_time=2026-09-23T06:18:59, autoLogin=false)
2026-09-23 07:49:37 [DRIVERAUTO] La dirección de la sesión coincide con el lado del paradero actual
2026-09-23 07:49:27 [SocketMessageDispatcher] Mensaje: Header: tickets, Data: {tickets=[{correlative=9274, id=6ab3cad727bb27508ccb448d}]}
2026-09-23 07:49:27 [SocketService] [RECIBIDO]| #265 | SID:212 | 32B | tickets [DATA]: {tickets=[{correlative=9274, id=6ab3cad727bb27508ccb448d}]}
2026-09-23 07:49:27 [SocketService] [ENVIADO] | [NUEVO] (43B) [KEY]: tickets [DATA]: {tickets=[{fare=6, correlative=9274, session=35417, busstop_end=null, inspector=null, vehicle=15, number=1310, route=1, driver=131, price=150.0, time=2026-09-23T07:49:27.280796, busstop_start=8, day=2026-09-23, payment_method=1, card=null}]}
2026-09-23 07:49:23 [SocketMessageDispatcher] Mensaje: Header: tickets, Data: {tickets=[{correlative=9273, id=6ab3cad327bb27508ccb447f}]}
2026-09-23 07:49:23 [SocketService] [RECIBIDO]| #261 | SID:212 | 32B | tickets [DATA]: {tickets=[{correlative=9273, id=6ab3cad327bb27508ccb447f}]}
2026-09-23 07:49:23 [SocketService] [ENVIADO] | [NUEVO] (43B) [KEY]: tickets [DATA]: {tickets=[{fare=5, correlative=9273, session=35417, busstop_end=5, inspector=null, vehicle=15, number=1413, route=1, driver=131, price=200.0, time=2026-09-23T07:49:23.270545, busstop_start=8, day=2026-09-23, payment_method=1, card=null}]}
2026-09-23 07:48:34 [ParaderoManager] Paradero más cercano: Paradero(id=19, lado=false, ruta=Ruta(id=1, codigo=1493, inicio=null, activo=false), activo=true, nombre=AV. MIGUEL GRAU, orden=9, latitud=-12.05025009094208, liquidar=false, longitud=-77.0129468184075, radio=85.0, velocidad=50.0, terminal=false, audio=AV. MIGUEL GRAU)
2026-09-23 07:48:21 [SocketMessageDispatcher] Mensaje: Header: backward_datero, Data: {pad=132, geofence=20, delta=12, orden=0, id=7291512816}
2026-09-23 07:48:21 [SocketService] [RECIBIDO]| #260 | SID:212 | 19B | backward_datero [DATA]: {pad=132, geofence=20, delta=12, orden=0, id=7291512816}
2026-09-23 07:47:50 [SocketMessageDispatcher] Mensaje: Header: tickets, Data: {tickets=[{correlative=9272, id=6ab3ca7627bb27508ccb435a}]}
2026-09-23 07:47:50 [SocketService] [RECIBIDO]| #256 | SID:212 | 32B | tickets [DATA]: {tickets=[{correlative=9272, id=6ab3ca7627bb27508ccb435a}]}
2026-09-23 07:47:50 [SocketService] [ENVIADO] | [NUEVO] (43B) [KEY]: tickets [DATA]: {tickets=[{fare=5, correlative=9272, session=35417, busstop_end=5, inspector=null, vehicle=15, number=1412, route=1, driver=131, price=200.0, time=2026-09-23T07:47:50.009071, busstop_start=8, day=2026-09-23, payment_method=1, card=null}]}
2026-09-23 07:47:29 [ProtectorVM] TEMP: 36.7C -> cap térmico 100%
2026-09-23 07:47:29 [ProtectorVM] temp: 36.7C
2026-09-23 07:47:10 [SocketMessageDispatcher] Mensaje: Header: tickets, Data: {tickets=[{correlative=9271, id=6ab3ca4e27bb27508ccb42f3}]}
2026-09-23 07:47:10 [SocketService] [RECIBIDO]| #252 | SID:212 | 32B | tickets [DATA]: {tickets=[{correlative=9271, id=6ab3ca4e27bb27508ccb42f3}]}
2026-09-23 07:47:10 [SocketService] [ENVIADO] | [NUEVO] (43B) [KEY]: tickets [DATA]: {tickets=[{fare=4, correlative=9271, session=35417, busstop_end=null, inspector=null, vehicle=15, number=3704, route=1, driver=131, price=250.0, time=2026-09-23T07:47:10.512915, busstop_start=8, day=2026-09-23, payment_method=1, card=null}]}
2026-09-23 07:46:59 [SocketMessageDispatcher] Mensaje: Header: tickets, Data: {tickets=[{correlative=9270, id=6ab3ca4327bb27508ccb42cf}]}
2026-09-23 07:46:59 [SocketService] [RECIBIDO]| #248 | SID:212 | 32B | tickets [DATA]: {tickets=[{correlative=9270, id=6ab3ca4327bb27508ccb42cf}]}
2026-09-23 07:46:59 [SocketService] [ENVIADO] | [NUEVO] (43B) [KEY]: tickets [DATA]: {tickets=[{fare=4, correlative=9270, session=35417, busstop_end=null, inspector=null, vehicle=15, number=3703, route=1, driver=131, price=250.0, time=2026-09-23T07:46:59.369784, busstop_start=8, day=2026-09-23, payment_method=1, card=null}]}
2026-09-23 07:45:20 [SocketMessageDispatcher] Mensaje: Header: report, Data: {positions=1}
2026-09-23 07:45:20 [SocketService] [RECIBIDO]| #247 | SID:212 | 3B | report [DATA]: {positions=1}
2026-09-23 07:45:19 [SocketService] [ENVIADO] | [NUEVO] (36B) [KEY]: report [DATA]: {trip=39119, route=1, positions=[{lng=-77.0089411, busstop=0, angle=250, accuracy=3, time=2026-09-23T07:45:19.871509, lat=-12.0429838, speed=16, mark=0}], state=R, sales=0, events=[], direction=false}
2026-09-23 07:45:19 [PositionRepository] 📤 Enviando 1 (batch=20, pendientes=1)
2026-09-23 07:45:19 [LocationTrackingService] GPS desactivado - Pulso cada 5 min acc:3.827m
2026-09-23 07:44:43 [SocketMessageDispatcher] Mensaje: Header: forward_datero, Data: {trip=39119, geofence=21, time=2026-09-23T07:44:41, dateros=[{delta=19, padron=124}, {delta=27, padron=128}, {delta=10, padron=107}, {delta=9, padron=146}, {delta=27, padron=131}]}
2026-09-23 07:44:43 [SocketMessageDispatcher] Mensaje: Header: mark, Data: {volada=29, trip=39119, geofence=21, id=1135725, state=M, timestamp=2026-09-23T07:44:41}
2026-09-23 07:44:43 [SocketService] [RECIBIDO]| #246 | SID:212 | 32B | forward_datero [DATA]: {trip=39119, geofence=21, time=2026-09-23T07:44:41, dateros=[{delta=19, padron=124}, {delta=27, padron=128}, {delta=10, padron=107}, {delta=9, padron=146}, {delta=27, padron=131}]}
2026-09-23 07:44:43 [SocketService] [RECIBIDO]| #245 | SID:212 | 25B | mark [DATA]: {volada=29, trip=39119, geofence=21, id=1135725, state=M, timestamp=2026-09-23T07:44:41}
2026-09-23 07:44:22 [ParaderoManager] Paradero más cercano: Paradero(id=11, lado=true, ruta=Ruta(id=1, codigo=1493, inicio=null, activo=false), activo=true, nombre=JR. ANCASH, orden=14, latitud=-12.045619675903282, liquidar=false, longitud=-77.01237874669299, radio=50.0, velocidad=50.0, terminal=false, audio=JR. ANCASH)
2026-09-23 07:43:14 [SocketMessageDispatcher] Mensaje: Header: tickets, Data: {tickets=[{correlative=9269, id=6ab3c96227bb27508ccb3ffe}]}
2026-09-23 07:43:14 [SocketService] [RECIBIDO]| #241 | SID:212 | 32B | tickets [DATA]: {tickets=[{correlative=9269, id=6ab3c96227bb27508ccb3ffe}]}
2026-09-23 07:43:14 [SocketService] [ENVIADO] | [NUEVO] (43B) [KEY]: tickets [DATA]: {tickets=[{fare=4, correlative=9269, session=35417, busstop_end=null, inspector=null, vehicle=15, number=3702, route=1, driver=131, price=250.0, time=2026-09-23T07:43:14.480545, busstop_start=8, day=2026-09-23, payment_method=1, card=null}]}
2026-09-23 07:43:02 [SocketMessageDispatcher] Mensaje: Header: tickets, Data: {tickets=[{correlative=9268, id=6ab3c95627bb27508ccb3fd4}]}
2026-09-23 07:43:02 [SocketService] [RECIBIDO]| #237 | SID:212 | 32B | tickets [DATA]: {tickets=[{correlative=9268, id=6ab3c95627bb27508ccb3fd4}]}
2026-09-23 07:43:02 [SocketService] [ENVIADO] | [NUEVO] (43B) [KEY]: tickets [DATA]: {tickets=[{fare=5, correlative=9268, session=35417, busstop_end=5, inspector=null, vehicle=15, number=1411, route=1, driver=131, price=200.0, time=2026-09-23T07:43:02.151787, busstop_start=8, day=2026-09-23, payment_method=1, card=null}]}
2026-09-23 07:42:29 [ProtectorVM] TEMP: 36.6C -> cap térmico 100%
2026-09-23 07:42:29 [ProtectorVM] temp: 36.6C
2026-09-23 07:42:15 [SocketMessageDispatcher] Mensaje: Header: tickets, Data: {tickets=[{correlative=9267, id=6ab3c92727bb27508ccb3f3a}]}
2026-09-23 07:42:15 [SocketService] [RECIBIDO]| #233 | SID:212 | 32B | tickets [DATA]: {tickets=[{correlative=9267, id=6ab3c92727bb27508ccb3f3a}]}
2026-09-23 07:42:14 [SocketService] [ENVIADO] | [NUEVO] (43B) [KEY]: tickets [DATA]: {tickets=[{fare=5, correlative=9267, session=35417, busstop_end=5, inspector=null, vehicle=15, number=1410, route=1, driver=131, price=200.0, time=2026-09-23T07:42:14.760654, busstop_start=8, day=2026-09-23, payment_method=1, card=null}]}
2026-09-23 07:41:36 [SocketMessageDispatcher] Mensaje: Header: tickets, Data: {tickets=[{correlative=9266, id=6ab3c90027bb27508ccb3ed7}]}
2026-09-23 07:41:36 [SocketService] [RECIBIDO]| #229 | SID:212 | 32B | tickets [DATA]: {tickets=[{correlative=9266, id=6ab3c90027bb27508ccb3ed7}]}
2026-09-23 07:41:36 [SocketService] [ENVIADO] | [NUEVO] (43B) [KEY]: tickets [DATA]: {tickets=[{fare=7, correlative=9266, session=35417, busstop_end=1, inspector=null, vehicle=15, number=1833, route=1, driver=131, price=100.0, time=2026-09-23T07:41:35.973837, busstop_start=8, day=2026-09-23, payment_method=1, card=null}]}
2026-09-23 07:41:33 [SocketMessageDispatcher] Mensaje: Header: tickets, Data: {tickets=[{correlative=9265, id=6ab3c8fd27bb27508ccb3ecd}]}
2026-09-23 07:41:33 [SocketService] [RECIBIDO]| #225 | SID:212 | 32B | tickets [DATA]: {tickets=[{correlative=9265, id=6ab3c8fd27bb27508ccb3ecd}]}
2026-09-23 07:41:32 [SocketService] [ENVIADO] | [NUEVO] (43B) [KEY]: tickets [DATA]: {tickets=[{fare=7, correlative=9265, session=35417, busstop_end=1, inspector=null, vehicle=15, number=1832, route=1, driver=131, price=100.0, time=2026-09-23T07:41:32.840108, busstop_start=8, day=2026-09-23, payment_method=1, card=null}]}
2026-09-23 07:41:30 [SocketMessageDispatcher] Mensaje: Header: tickets, Data: {tickets=[{correlative=9264, id=6ab3c8fa27bb27508ccb3ebd}]}
2026-09-23 07:41:30 [SocketService] [RECIBIDO]| #221 | SID:212 | 32B | tickets [DATA]: {tickets=[{correlative=9264, id=6ab3c8fa27bb27508ccb3ebd}]}
2026-09-23 07:41:30 [SocketService] [ENVIADO] | [NUEVO] (43B) [KEY]: tickets [DATA]: {tickets=[{fare=5, correlative=9264, session=35417, busstop_end=5, inspector=null, vehicle=15, number=1409, route=1, driver=131, price=200.0, time=2026-09-23T07:41:29.999897, busstop_start=8, day=2026-09-23, payment_method=1, card=null}]}
2026-09-23 07:41:27 [SocketMessageDispatcher] Mensaje: Header: tickets, Data: {tickets=[{correlative=9263, id=6ab3c8f727bb27508ccb3eb1}]}
2026-09-23 07:41:27 [SocketService] [RECIBIDO]| #217 | SID:212 | 32B | tickets [DATA]: {tickets=[{correlative=9263, id=6ab3c8f727bb27508ccb3eb1}]}
2026-09-23 07:41:26 [SocketService] [ENVIADO] | [NUEVO] (43B) [KEY]: tickets [DATA]: {tickets=[{fare=6, correlative=9263, session=35417, busstop_end=null, inspector=null, vehicle=15, number=1309, route=1, driver=131, price=150.0, time=2026-09-23T07:41:26.776408, busstop_start=8, day=2026-09-23, payment_method=1, card=null}]}
2026-09-23 07:41:14 [SocketMessageDispatcher] Mensaje: Header: tickets, Data: {tickets=[{correlative=9262, id=6ab3c8ea27bb27508ccb3e93}]}
2026-09-23 07:41:14 [SocketService] [RECIBIDO]| #213 | SID:212 | 32B | tickets [DATA]: {tickets=[{correlative=9262, id=6ab3c8ea27bb27508ccb3e93}]}
2026-09-23 07:41:13 [SocketService] [ENVIADO] | [NUEVO] (43B) [KEY]: tickets [DATA]: {tickets=[{fare=5, correlative=9262, session=35417, busstop_end=5, inspector=null, vehicle=15, number=1408, route=1, driver=131, price=200.0, time=2026-09-23T07:41:13.826057, busstop_start=8, day=2026-09-23, payment_method=1, card=null}]}
2026-09-23 07:40:55 [SocketMessageDispatcher] Mensaje: Header: tickets, Data: {tickets=[{correlative=9261, id=6ab3c8d727bb27508ccb3e56}]}
2026-09-23 07:40:55 [SocketService] [RECIBIDO]| #209 | SID:212 | 32B | tickets [DATA]: {tickets=[{correlative=9261, id=6ab3c8d727bb27508ccb3e56}]}
2026-09-23 07:40:54 [SocketService] [ENVIADO] | [NUEVO] (43B) [KEY]: tickets [DATA]: {tickets=[{fare=7, correlative=9261, session=35417, busstop_end=1, inspector=null, vehicle=15, number=1831, route=1, driver=131, price=100.0, time=2026-09-23T07:40:54.701423, busstop_start=8, day=2026-09-23, payment_method=1, card=null}]}
2026-09-23 07:40:52 [SocketMessageDispatcher] Mensaje: Header: tickets, Data: {tickets=[{correlative=9260, id=6ab3c8d427bb27508ccb3e51}]}
2026-09-23 07:40:52 [SocketService] [RECIBIDO]| #205 | SID:212 | 32B | tickets [DATA]: {tickets=[{correlative=9260, id=6ab3c8d427bb27508ccb3e51}]}
2026-09-23 07:40:52 [SocketService] [ENVIADO] | [NUEVO] (43B) [KEY]: tickets [DATA]: {tickets=[{fare=6, correlative=9260, session=35417, busstop_end=null, inspector=null, vehicle=15, number=1308, route=1, driver=131, price=150.0, time=2026-09-23T07:40:52.265855, busstop_start=8, day=2026-09-23, payment_method=1, card=null}]}
2026-09-23 07:40:48 [SocketMessageDispatcher] Mensaje: Header: tickets, Data: {tickets=[{correlative=9259, id=6ab3c8d127bb27508ccb3e3c}]}
2026-09-23 07:40:48 [SocketService] [RECIBIDO]| #201 | SID:212 | 32B | tickets [DATA]: {tickets=[{correlative=9259, id=6ab3c8d127bb27508ccb3e3c}]}
2026-09-23 07:40:48 [SocketService] [ENVIADO] | [NUEVO] (43B) [KEY]: tickets [DATA]: {tickets=[{fare=6, correlative=9259, session=35417, busstop_end=null, inspector=null, vehicle=15, number=1307, route=1, driver=131, price=150.0, time=2026-09-23T07:40:48.591121, busstop_start=8, day=2026-09-23, payment_method=1, card=null}]}
2026-09-23 07:40:45 [SocketMessageDispatcher] Mensaje: Header: tickets, Data: {tickets=[{correlative=9258, id=6ab3c8cd27bb27508ccb3e2e}]}
2026-09-23 07:40:45 [SocketService] [RECIBIDO]| #198 | SID:212 | 32B | tickets [DATA]: {tickets=[{correlative=9258, id=6ab3c8cd27bb27508ccb3e2e}]}
2026-09-23 07:40:45 [SocketService] [ENVIADO] | [NUEVO] (43B) [KEY]: tickets [DATA]: {tickets=[{fare=7, correlative=9258, session=35417, busstop_end=1, inspector=null, vehicle=15, number=1830, route=1, driver=131, price=100.0, time=2026-09-23T07:40:45.109506, busstop_start=8, day=2026-09-23, payment_method=1, card=null}]}
2026-09-23 07:40:22 [SocketMessageDispatcher] Mensaje: Header: tickets, Data: {tickets=[{correlative=9257, id=6ab3c8b627bb27508ccb3dcf}]}
2026-09-23 07:40:22 [SocketService] [RECIBIDO]| #194 | SID:212 | 32B | tickets [DATA]: {tickets=[{correlative=9257, id=6ab3c8b627bb27508ccb3dcf}]}
2026-09-23 07:40:21 [SocketService] [ENVIADO] | [NUEVO] (43B) [KEY]: tickets [DATA]: {tickets=[{fare=6, correlative=9257, session=35417, busstop_end=null, inspector=null, vehicle=15, number=1306, route=1, driver=131, price=150.0, time=2026-09-23T07:40:21.608367, busstop_start=8, day=2026-09-23, payment_method=1, card=null}]}
2026-09-23 07:40:17 [SocketMessageDispatcher] Mensaje: Header: tickets, Data: {tickets=[{correlative=9256, id=6ab3c8b127bb27508ccb3dbc}]}
2026-09-23 07:40:17 [SocketService] [RECIBIDO]| #190 | SID:212 | 32B | tickets [DATA]: {tickets=[{correlative=9256, id=6ab3c8b127bb27508ccb3dbc}]}
2026-09-23 07:40:17 [SocketService] [ENVIADO] | [NUEVO] (43B) [KEY]: tickets [DATA]: {tickets=[{fare=7, correlative=9256, session=35417, busstop_end=1, inspector=null, vehicle=15, number=1829, route=1, driver=131, price=100.0, time=2026-09-23T07:40:17.195906, busstop_start=8, day=2026-09-23, payment_method=1, card=null}]}
2026-09-23 07:40:17 [SocketMessageDispatcher] Mensaje: Header: report, Data: {positions=1}
2026-09-23 07:40:17 [SocketService] [RECIBIDO]| #189 | SID:212 | 3B | report [DATA]: {positions=1}
2026-09-23 07:40:16 [SocketService] [ENVIADO] | [NUEVO] (36B) [KEY]: report [DATA]: {trip=39119, route=1, positions=[{lng=-77.0010508, busstop=0, angle=257, accuracy=5, time=2026-09-23T07:40:16.864730, lat=-12.0409869, speed=4, mark=0}], state=R, sales=0, events=[], direction=false}
2026-09-23 07:40:16 [PositionRepository] 📤 Enviando 1 (batch=10, pendientes=1)
2026-09-23 07:40:16 [LocationTrackingService] GPS desactivado - Pulso cada 5 min acc:5.944m
2026-09-23 07:40:06 [SocketMessageDispatcher] Mensaje: Header: tickets, Data: {tickets=[{correlative=9255, id=6ab3c8a627bb27508ccb3d8e}]}
2026-09-23 07:40:06 [SocketService] [RECIBIDO]| #185 | SID:212 | 32B | tickets [DATA]: {tickets=[{correlative=9255, id=6ab3c8a627bb27508ccb3d8e}]}
2026-09-23 07:40:06 [SocketService] [ENVIADO] | [NUEVO] (43B) [KEY]: tickets [DATA]: {tickets=[{fare=4, correlative=9255, session=35417, busstop_end=null, inspector=null, vehicle=15, number=3701, route=1, driver=131, price=250.0, time=2026-09-23T07:40:06.204013, busstop_start=8, day=2026-09-23, payment_method=1, card=null}]}
2026-09-23 07:40:02 [SocketMessageDispatcher] Mensaje: Header: tickets, Data: {tickets=[{correlative=9254, id=6ab3c8a327bb27508ccb3d87}]}
2026-09-23 07:40:02 [SocketService] [RECIBIDO]| #181 | SID:212 | 32B | tickets [DATA]: {tickets=[{correlative=9254, id=6ab3c8a327bb27508ccb3d87}]}
2026-09-23 07:40:02 [SocketService] [ENVIADO] | [NUEVO] (43B) [KEY]: tickets [DATA]: {tickets=[{fare=6, correlative=9254, session=35417, busstop_end=null, inspector=null, vehicle=15, number=1305, route=1, driver=131, price=150.0, time=2026-09-23T07:40:02.614033, busstop_start=8, day=2026-09-23, payment_method=1, card=null}]}
2026-09-23 07:39:15 [SocketMessageDispatcher] Mensaje: Header: tickets, Data: {tickets=[{correlative=9253, id=6ab3c87327bb27508ccb3d07}]}
2026-09-23 07:39:15 [SocketService] [RECIBIDO]| #177 | SID:212 | 32B | tickets [DATA]: {tickets=[{correlative=9253, id=6ab3c87327bb27508ccb3d07}]}
2026-09-23 07:39:15 [SocketService] [ENVIADO] | [NUEVO] (43B) [KEY]: tickets [DATA]: {tickets=[{fare=7, correlative=9253, session=35417, busstop_end=1, inspector=null, vehicle=15, number=1828, route=1, driver=131, price=100.0, time=2026-09-23T07:39:15.214239, busstop_start=8, day=2026-09-23, payment_method=1, card=null}]}
2026-09-23 07:39:09 [SocketMessageDispatcher] Mensaje: Header: backward_datero, Data: {pad=132, geofence=19, delta=9, orden=0, id=6031295541}
2026-09-23 07:39:09 [SocketService] [RECIBIDO]| #176 | SID:212 | 19B | backward_datero [DATA]: {pad=132, geofence=19, delta=9, orden=0, id=6031295541}
2026-09-23 07:39:04 [SocketMessageDispatcher] Mensaje: Header: tickets, Data: {tickets=[{correlative=9252, id=6ab3c86827bb27508ccb3cdf}]}
2026-09-23 07:39:04 [SocketService] [RECIBIDO]| #172 | SID:212 | 32B | tickets [DATA]: {tickets=[{correlative=9252, id=6ab3c86827bb27508ccb3cdf}]}
2026-09-23 07:39:04 [SocketService] [ENVIADO] | [NUEVO] (43B) [KEY]: tickets [DATA]: {tickets=[{fare=7, correlative=9252, session=35417, busstop_end=1, inspector=null, vehicle=15, number=1827, route=1, driver=131, price=100.0, time=2026-09-23T07:39:04.553126, busstop_start=8, day=2026-09-23, payment_method=1, card=null}]}
2026-09-23 07:38:59 [SocketMessageDispatcher] Mensaje: Header: tickets, Data: {tickets=[{correlative=9251, id=6ab3c86327bb27508ccb3cd3}]}
2026-09-23 07:38:59 [SocketService] [RECIBIDO]| #168 | SID:212 | 32B | tickets [DATA]: {tickets=[{correlative=9251, id=6ab3c86327bb27508ccb3cd3}]}
2026-09-23 07:38:58 [SocketService] [ENVIADO] | [NUEVO] (43B) [KEY]: tickets [DATA]: {tickets=[{fare=7, correlative=9251, session=35417, busstop_end=1, inspector=null, vehicle=15, number=1826, route=1, driver=131, price=100.0, time=2026-09-23T07:38:58.699193, busstop_start=8, day=2026-09-23, payment_method=1, card=null}]}
2026-09-23 07:38:52 [SocketMessageDispatcher] Mensaje: Header: tickets, Data: {tickets=[{correlative=9250, id=6ab3c85c27bb27508ccb3cc4}]}
2026-09-23 07:38:52 [SocketService] [RECIBIDO]| #164 | SID:212 | 32B | tickets [DATA]: {tickets=[{correlative=9250, id=6ab3c85c27bb27508ccb3cc4}]}
2026-09-23 07:38:52 [SocketService] [ENVIADO] | [NUEVO] (43B) [KEY]: tickets [DATA]: {tickets=[{fare=7, correlative=9250, session=35417, busstop_end=1, inspector=null, vehicle=15, number=1825, route=1, driver=131, price=100.0, time=2026-09-23T07:38:52.530165, busstop_start=8, day=2026-09-23, payment_method=1, card=null}]}
2026-09-23 07:38:49 [SocketMessageDispatcher] Mensaje: Header: tickets, Data: {tickets=[{correlative=9249, id=6ab3c85927bb27508ccb3cb3}]}
2026-09-23 07:38:49 [SocketService] [RECIBIDO]| #160 | SID:212 | 32B | tickets [DATA]: {tickets=[{correlative=9249, id=6ab3c85927bb27508ccb3cb3}]}
2026-09-23 07:38:49 [SocketService] [ENVIADO] | [NUEVO] (43B) [KEY]: tickets [DATA]: {tickets=[{fare=4, correlative=9249, session=35417, busstop_end=null, inspector=null, vehicle=15, number=3700, route=1, driver=131, price=250.0, time=2026-09-23T07:38:49.504125, busstop_start=8, day=2026-09-23, payment_method=1, card=null}]}
2026-09-23 07:38:40 [SocketMessageDispatcher] Mensaje: Header: tickets, Data: {tickets=[{correlative=9248, id=6ab3c85127bb27508ccb3c8d}]}
2026-09-23 07:38:40 [SocketService] [RECIBIDO]| #156 | SID:212 | 32B | tickets [DATA]: {tickets=[{correlative=9248, id=6ab3c85127bb27508ccb3c8d}]}
2026-09-23 07:38:40 [SocketService] [ENVIADO] | [NUEVO] (43B) [KEY]: tickets [DATA]: {tickets=[{fare=7, correlative=9248, session=35417, busstop_end=1, inspector=null, vehicle=15, number=1824, route=1, driver=131, price=100.0, time=2026-09-23T07:38:40.597632, busstop_start=8, day=2026-09-23, payment_method=1, card=null}]}
2026-09-23 07:38:38 [SocketMessageDispatcher] Mensaje: Header: tickets, Data: {tickets=[{correlative=9247, id=6ab3c84e27bb27508ccb3c88}]}
2026-09-23 07:38:38 [SocketService] [RECIBIDO]| #152 | SID:212 | 32B | tickets [DATA]: {tickets=[{correlative=9247, id=6ab3c84e27bb27508ccb3c88}]}
2026-09-23 07:38:37 [SocketService] [ENVIADO] | [NUEVO] (43B) [KEY]: tickets [DATA]: {tickets=[{fare=7, correlative=9247, session=35417, busstop_end=1, inspector=null, vehicle=15, number=1823, route=1, driver=131, price=100.0, time=2026-09-23T07:38:37.827901, busstop_start=8, day=2026-09-23, payment_method=1, card=null}]}
2026-09-23 07:38:35 [SocketMessageDispatcher] Mensaje: Header: tickets, Data: {tickets=[{correlative=9246, id=6ab3c84b27bb27508ccb3c7e}]}
2026-09-23 07:38:35 [SocketService] [RECIBIDO]| #148 | SID:212 | 32B | tickets [DATA]: {tickets=[{correlative=9246, id=6ab3c84b27bb27508ccb3c7e}]}
2026-09-23 07:38:35 [SocketService] [ENVIADO] | [NUEVO] (43B) [KEY]: tickets [DATA]: {tickets=[{fare=7, correlative=9246, session=35417, busstop_end=1, inspector=null, vehicle=15, number=1822, route=1, driver=131, price=100.0, time=2026-09-23T07:38:34.971045, busstop_start=8, day=2026-09-23, payment_method=1, card=null}]}
2026-09-23 07:38:32 [SocketMessageDispatcher] Mensaje: Header: tickets, Data: {tickets=[{correlative=9245, id=6ab3c84827bb27508ccb3c73}]}
2026-09-23 07:38:32 [SocketService] [RECIBIDO]| #144 | SID:212 | 32B | tickets [DATA]: {tickets=[{correlative=9245, id=6ab3c84827bb27508ccb3c73}]}
2026-09-23 07:38:32 [SocketService] [ENVIADO] | [NUEVO] (43B) [KEY]: tickets [DATA]: {tickets=[{fare=7, correlative=9245, session=35417, busstop_end=1, inspector=null, vehicle=15, number=1821, route=1, driver=131, price=100.0, time=2026-09-23T07:38:32.324277, busstop_start=8, day=2026-09-23, payment_method=1, card=null}]}
2026-09-23 07:38:29 [SocketMessageDispatcher] Mensaje: Header: tickets, Data: {tickets=[{correlative=9244, id=6ab3c84527bb27508ccb3c67}]}
2026-09-23 07:38:29 [SocketService] [RECIBIDO]| #140 | SID:212 | 32B | tickets [DATA]: {tickets=[{correlative=9244, id=6ab3c84527bb27508ccb3c67}]}
2026-09-23 07:38:29 [SocketService] [ENVIADO] | [NUEVO] (43B) [KEY]: tickets [DATA]: {tickets=[{fare=7, correlative=9244, session=35417, busstop_end=1, inspector=null, vehicle=15, number=1820, route=1, driver=131, price=100.0, time=2026-09-23T07:38:29.550680, busstop_start=8, day=2026-09-23, payment_method=1, card=null}]}
2026-09-23 07:38:26 [SocketMessageDispatcher] Mensaje: Header: tickets, Data: {tickets=[{correlative=9243, id=6ab3c84227bb27508ccb3c5a}]}
2026-09-23 07:38:26 [SocketService] [RECIBIDO]| #136 | SID:212 | 32B | tickets [DATA]: {tickets=[{correlative=9243, id=6ab3c84227bb27508ccb3c5a}]}
2026-09-23 07:38:26 [SocketService] [ENVIADO] | [NUEVO] (43B) [KEY]: tickets [DATA]: {tickets=[{fare=7, correlative=9243, session=35417, busstop_end=1, inspector=null, vehicle=15, number=1819, route=1, driver=131, price=100.0, time=2026-09-23T07:38:26.551931, busstop_start=8, day=2026-09-23, payment_method=1, card=null}]}
2026-09-23 07:38:20 [SocketMessageDispatcher] Mensaje: Header: tickets, Data: {tickets=[{correlative=9242, id=6ab3c83c27bb27508ccb3c44}]}
2026-09-23 07:38:20 [SocketService] [RECIBIDO]| #132 | SID:212 | 32B | tickets [DATA]: {tickets=[{correlative=9242, id=6ab3c83c27bb27508ccb3c44}]}
2026-09-23 07:38:20 [SocketService] [ENVIADO] | [NUEVO] (43B) [KEY]: tickets [DATA]: {tickets=[{fare=7, correlative=9242, session=35417, busstop_end=1, inspector=null, vehicle=15, number=1818, route=1, driver=131, price=100.0, time=2026-09-23T07:38:20.533533, busstop_start=8, day=2026-09-23, payment_method=1, card=null}]}
2026-09-23 07:37:29 [ProtectorVM] TEMP: 36.3C -> cap térmico 100%
2026-09-23 07:37:29 [ProtectorVM] temp: 36.3C
2026-09-23 07:37:25 [SocketMessageDispatcher] Mensaje: Header: tickets, Data: {tickets=[{correlative=9241, id=6ab3c80527bb27508ccb3ba7}]}
2026-09-23 07:37:25 [SocketService] [RECIBIDO]| #128 | SID:212 | 32B | tickets [DATA]: {tickets=[{correlative=9241, id=6ab3c80527bb27508ccb3ba7}]}
2026-09-23 07:37:25 [SocketService] [ENVIADO] | [NUEVO] (43B) [KEY]: tickets [DATA]: {tickets=[{fare=5, correlative=9241, session=35417, busstop_end=5, inspector=null, vehicle=15, number=1407, route=1, driver=131, price=200.0, time=2026-09-23T07:37:25.491960, busstop_start=8, day=2026-09-23, payment_method=1, card=null}]}
2026-09-23 07:37:20 [SocketMessageDispatcher] Mensaje: Header: tickets, Data: {tickets=[{correlative=9240, id=6ab3c80027bb27508ccb3b9b}]}
2026-09-23 07:37:20 [SocketService] [RECIBIDO]| #124 | SID:212 | 32B | tickets [DATA]: {tickets=[{correlative=9240, id=6ab3c80027bb27508ccb3b9b}]}
2026-09-23 07:37:20 [SocketService] [ENVIADO] | [NUEVO] (43B) [KEY]: tickets [DATA]: {tickets=[{fare=6, correlative=9240, session=35417, busstop_end=null, inspector=null, vehicle=15, number=1304, route=1, driver=131, price=150.0, time=2026-09-23T07:37:20.069608, busstop_start=8, day=2026-09-23, payment_method=1, card=null}]}
2026-09-23 07:37:16 [SocketMessageDispatcher] Mensaje: Header: tickets, Data: {tickets=[{correlative=9239, id=6ab3c7fc27bb27508ccb3b91}]}
2026-09-23 07:37:16 [SocketService] [RECIBIDO]| #120 | SID:212 | 32B | tickets [DATA]: {tickets=[{correlative=9239, id=6ab3c7fc27bb27508ccb3b91}]}
2026-09-23 07:37:16 [SocketService] [ENVIADO] | [NUEVO] (43B) [KEY]: tickets [DATA]: {tickets=[{fare=7, correlative=9239, session=35417, busstop_end=1, inspector=null, vehicle=15, number=1817, route=1, driver=131, price=100.0, time=2026-09-23T07:37:16.391208, busstop_start=8, day=2026-09-23, payment_method=1, card=null}]}
2026-09-23 07:37:11 [SocketMessageDispatcher] Mensaje: Header: tickets, Data: {tickets=[{correlative=9238, id=6ab3c7f727bb27508ccb3b81}]}
2026-09-23 07:37:11 [SocketService] [RECIBIDO]| #116 | SID:212 | 32B | tickets [DATA]: {tickets=[{correlative=9238, id=6ab3c7f727bb27508ccb3b81}]}
2026-09-23 07:37:11 [SocketService] [ENVIADO] | [NUEVO] (43B) [KEY]: tickets [DATA]: {tickets=[{fare=7, correlative=9238, session=35417, busstop_end=1, inspector=null, vehicle=15, number=1816, route=1, driver=131, price=100.0, time=2026-09-23T07:37:11.572870, busstop_start=8, day=2026-09-23, payment_method=1, card=null}]}
2026-09-23 07:37:08 [SocketMessageDispatcher] Mensaje: Header: tickets, Data: {tickets=[{correlative=9237, id=6ab3c7f427bb27508ccb3b77}]}
2026-09-23 07:37:08 [SocketService] [RECIBIDO]| #112 | SID:212 | 32B | tickets [DATA]: {tickets=[{correlative=9237, id=6ab3c7f427bb27508ccb3b77}]}
2026-09-23 07:37:08 [SocketService] [ENVIADO] | [NUEVO] (43B) [KEY]: tickets [DATA]: {tickets=[{fare=7, correlative=9237, session=35417, busstop_end=1, inspector=null, vehicle=15, number=1815, route=1, driver=131, price=100.0, time=2026-09-23T07:37:08.234184, busstop_start=8, day=2026-09-23, payment_method=1, card=null}]}
2026-09-23 07:37:04 [SocketMessageDispatcher] Mensaje: Header: tickets, Data: {tickets=[{correlative=9236, id=6ab3c7f027bb27508ccb3b6a}]}
2026-09-23 07:37:04 [SocketService] [RECIBIDO]| #108 | SID:212 | 32B | tickets [DATA]: {tickets=[{correlative=9236, id=6ab3c7f027bb27508ccb3b6a}]}
2026-09-23 07:37:04 [SocketService] [ENVIADO] | [NUEVO] (43B) [KEY]: tickets [DATA]: {tickets=[{fare=4, correlative=9236, session=35417, busstop_end=null, inspector=null, vehicle=15, number=3699, route=1, driver=131, price=250.0, time=2026-09-23T07:37:04.060113, busstop_start=8, day=2026-09-23, payment_method=1, card=null}]}
2026-09-23 07:36:51 [SocketMessageDispatcher] Mensaje: Header: tickets, Data: {tickets=[{correlative=9235, id=6ab3c7e327bb27508ccb3b41}]}
2026-09-23 07:36:51 [SocketService] [RECIBIDO]| #104 | SID:212 | 32B | tickets [DATA]: {tickets=[{correlative=9235, id=6ab3c7e327bb27508ccb3b41}]}
2026-09-23 07:36:51 [SocketService] [ENVIADO] | [NUEVO] (43B) [KEY]: tickets [DATA]: {tickets=[{fare=6, correlative=9235, session=35417, busstop_end=null, inspector=null, vehicle=15, number=1303, route=1, driver=131, price=150.0, time=2026-09-23T07:36:51.053581, busstop_start=8, day=2026-09-23, payment_method=1, card=null}]}
2026-09-23 07:36:35 [SocketMessageDispatcher] Mensaje: Header: forward_datero, Data: {trip=39119, geofence=20, time=2026-09-23T07:36:33, dateros=[{delta=19, padron=124}, {delta=28, padron=128}, {delta=10, padron=107}, {delta=7, padron=146}, {delta=23, padron=131}]}
2026-09-23 07:36:35 [SocketService] [RECIBIDO]| #103 | SID:212 | 32B | forward_datero [DATA]: {trip=39119, geofence=20, time=2026-09-23T07:36:33, dateros=[{delta=19, padron=124}, {delta=28, padron=128}, {delta=10, padron=107}, {delta=7, padron=146}, {delta=23, padron=131}]}
2026-09-23 07:36:35 [SocketMessageDispatcher] Mensaje: Header: mark, Data: {volada=25, trip=39119, geofence=20, id=1135724, state=M, timestamp=2026-09-23T07:36:33}
2026-09-23 07:36:35 [SocketService] [RECIBIDO]| #102 | SID:212 | 25B | mark [DATA]: {volada=25, trip=39119, geofence=20, id=1135724, state=M, timestamp=2026-09-23T07:36:33}
2026-09-23 07:36:28 [DRIVERAUTO] VALIDATE AutoLogin: false - Paradero actual: Paradero(id=8, lado=false, ruta=Ruta(id=1, codigo=1493, inicio=null, activo=false), activo=true, nombre=JR. ANCASH, orden=8, latitud=-12.039332549451208, liquidar=false, longitud=-76.99750586718005, radio=50.0, velocidad=50.0, terminal=false, audio=JR. ANCASH)
2026-09-23 07:36:28 [DRIVERAUTO] Primera sesión obtenida: SessionDriver(id=35417, driver_id=131, driver_code=ID131, activo=true, castigado=false, conductor=true, vencido=false, route=1, direction=false, start_time=2026-09-23T06:18:59, autoLogin=false)
2026-09-23 07:36:28 [DRIVERAUTO] La dirección de la sesión coincide con el lado del paradero actual
2026-09-23 07:36:28 [ParaderoManager] Paradero actual: JR. ANCASH (id=8)
2026-09-23 07:36:12 [SocketMessageDispatcher] Mensaje: Header: tickets, Data: {tickets=[{correlative=9234, id=6ab3c7bc27bb27508ccb3ab7}]}
2026-09-23 07:36:12 [SocketService] [RECIBIDO]| #98 | SID:212 | 32B | tickets [DATA]: {tickets=[{correlative=9234, id=6ab3c7bc27bb27508ccb3ab7}]}
2026-09-23 07:36:11 [SocketService] [ENVIADO] | [NUEVO] (43B) [KEY]: tickets [DATA]: {tickets=[{fare=7, correlative=9234, session=35417, busstop_end=1, inspector=null, vehicle=15, number=1814, route=1, driver=131, price=100.0, time=2026-09-23T07:36:11.871090, busstop_start=7, day=2026-09-23, payment_method=1, card=null}]}
2026-09-23 07:36:06 [SocketMessageDispatcher] Mensaje: Header: tickets, Data: {tickets=[{correlative=9233, id=6ab3c7b627bb27508ccb3aa2}]}
2026-09-23 07:36:06 [SocketService] [RECIBIDO]| #94 | SID:212 | 32B | tickets [DATA]: {tickets=[{correlative=9233, id=6ab3c7b627bb27508ccb3aa2}]}
2026-09-23 07:36:05 [SocketService] [ENVIADO] | [NUEVO] (43B) [KEY]: tickets [DATA]: {tickets=[{fare=7, correlative=9233, session=35417, busstop_end=1, inspector=null, vehicle=15, number=1813, route=1, driver=131, price=100.0, time=2026-09-23T07:36:05.798685, busstop_start=7, day=2026-09-23, payment_method=1, card=null}]}
2026-09-23 07:36:01 [SocketMessageDispatcher] Mensaje: Header: tickets, Data: {tickets=[{correlative=9232, id=6ab3c7b027bb27508ccb3a92}]}
2026-09-23 07:36:01 [SocketService] [RECIBIDO]| #90 | SID:212 | 32B | tickets [DATA]: {tickets=[{correlative=9232, id=6ab3c7b027bb27508ccb3a92}]}
2026-09-23 07:36:00 [SocketService] [ENVIADO] | [NUEVO] (43B) [KEY]: tickets [DATA]: {tickets=[{fare=7, correlative=9232, session=35417, busstop_end=1, inspector=null, vehicle=15, number=1812, route=1, driver=131, price=100.0, time=2026-09-23T07:36:00.525596, busstop_start=7, day=2026-09-23, payment_method=1, card=null}]}
2026-09-23 07:35:56 [SocketMessageDispatcher] Mensaje: Header: tickets, Data: {tickets=[{correlative=9231, id=6ab3c7ac27bb27508ccb3a85}]}
2026-09-23 07:35:56 [SocketService] [RECIBIDO]| #86 | SID:212 | 32B | tickets [DATA]: {tickets=[{correlative=9231, id=6ab3c7ac27bb27508ccb3a85}]}
2026-09-23 07:35:56 [SocketService] [ENVIADO] | [NUEVO] (43B) [KEY]: tickets [DATA]: {tickets=[{fare=7, correlative=9231, session=35417, busstop_end=1, inspector=null, vehicle=15, number=1811, route=1, driver=131, price=100.0, time=2026-09-23T07:35:56.432827, busstop_start=7, day=2026-09-23, payment_method=1, card=null}]}
2026-09-23 07:35:51 [SocketMessageDispatcher] Mensaje: Header: tickets, Data: {tickets=[{correlative=9230, id=6ab3c7a727bb27508ccb3a70}]}
2026-09-23 07:35:51 [SocketService] [RECIBIDO]| #82 | SID:212 | 32B | tickets [DATA]: {tickets=[{correlative=9230, id=6ab3c7a727bb27508ccb3a70}]}
2026-09-23 07:35:51 [SocketService] [ENVIADO] | [NUEVO] (43B) [KEY]: tickets [DATA]: {tickets=[{fare=5, correlative=9230, session=35417, busstop_end=5, inspector=null, vehicle=15, number=1406, route=1, driver=131, price=200.0, time=2026-09-23T07:35:51.135247, busstop_start=7, day=2026-09-23, payment_method=1, card=null}]}
2026-09-23 07:35:45 [SocketMessageDispatcher] Mensaje: Header: tickets, Data: {tickets=[{correlative=9229, id=6ab3c7a127bb27508ccb3a54}]}
2026-09-23 07:35:45 [SocketService] [RECIBIDO]| #78 | SID:212 | 32B | tickets [DATA]: {tickets=[{correlative=9229, id=6ab3c7a127bb27508ccb3a54}]}
2026-09-23 07:35:45 [SocketService] [ENVIADO] | [NUEVO] (43B) [KEY]: tickets [DATA]: {tickets=[{fare=5, correlative=9229, session=35417, busstop_end=5, inspector=null, vehicle=15, number=1405, route=1, driver=131, price=200.0, time=2026-09-23T07:35:45.171919, busstop_start=7, day=2026-09-23, payment_method=1, card=null}]}
2026-09-23 07:35:41 [SocketMessageDispatcher] Mensaje: Header: tickets, Data: {tickets=[{correlative=9228, id=6ab3c79d27bb27508ccb3a49}]}
2026-09-23 07:35:41 [SocketService] [RECIBIDO]| #74 | SID:212 | 32B | tickets [DATA]: {tickets=[{correlative=9228, id=6ab3c79d27bb27508ccb3a49}]}
2026-09-23 07:35:40 [SocketService] [ENVIADO] | [NUEVO] (43B) [KEY]: tickets [DATA]: {tickets=[{fare=7, correlative=9228, session=35417, busstop_end=1, inspector=null, vehicle=15, number=1810, route=1, driver=131, price=100.0, time=2026-09-23T07:35:40.608991, busstop_start=7, day=2026-09-23, payment_method=1, card=null}]}
2026-09-23 07:35:37 [SocketMessageDispatcher] Mensaje: Header: tickets, Data: {tickets=[{correlative=9227, id=6ab3c79927bb27508ccb3a40}]}
2026-09-23 07:35:37 [SocketService] [RECIBIDO]| #70 | SID:212 | 32B | tickets [DATA]: {tickets=[{correlative=9227, id=6ab3c79927bb27508ccb3a40}]}
2026-09-23 07:35:37 [SocketService] [ENVIADO] | [NUEVO] (43B) [KEY]: tickets [DATA]: {tickets=[{fare=4, correlative=9227, session=35417, busstop_end=null, inspector=null, vehicle=15, number=3698, route=1, driver=131, price=250.0, time=2026-09-23T07:35:37.387101, busstop_start=7, day=2026-09-23, payment_method=1, card=null}]}
2026-09-23 07:35:34 [SocketMessageDispatcher] Mensaje: Header: tickets, Data: {tickets=[{correlative=9226, id=6ab3c79627bb27508ccb3a29}]}
2026-09-23 07:35:34 [SocketService] [RECIBIDO]| #66 | SID:212 | 32B | tickets [DATA]: {tickets=[{correlative=9226, id=6ab3c79627bb27508ccb3a29}]}
2026-09-23 07:35:34 [SocketService] [ENVIADO] | [NUEVO] (43B) [KEY]: tickets [DATA]: {tickets=[{fare=5, correlative=9226, session=35417, busstop_end=5, inspector=null, vehicle=15, number=1404, route=1, driver=131, price=200.0, time=2026-09-23T07:35:33.972316, busstop_start=7, day=2026-09-23, payment_method=1, card=null}]}
2026-09-23 07:35:29 [SocketMessageDispatcher] Mensaje: Header: tickets, Data: {tickets=[{correlative=9225, id=6ab3c79127bb27508ccb3a1c}]}
2026-09-23 07:35:29 [SocketService] [RECIBIDO]| #62 | SID:212 | 32B | tickets [DATA]: {tickets=[{correlative=9225, id=6ab3c79127bb27508ccb3a1c}]}
2026-09-23 07:35:28 [SocketService] [ENVIADO] | [NUEVO] (43B) [KEY]: tickets [DATA]: {tickets=[{fare=5, correlative=9225, session=35417, busstop_end=5, inspector=null, vehicle=15, number=1403, route=1, driver=131, price=200.0, time=2026-09-23T07:35:28.856763, busstop_start=7, day=2026-09-23, payment_method=1, card=null}]}
2026-09-23 07:35:14 [SocketMessageDispatcher] Mensaje: Header: report, Data: {positions=1}
2026-09-23 07:35:14 [SocketService] [RECIBIDO]| #61 | SID:212 | 3B | report [DATA]: {positions=1}
2026-09-23 07:35:13 [SocketService] [ENVIADO] | [NUEVO] (36B) [KEY]: report [DATA]: {trip=39119, route=1, positions=[{lng=-76.9973336, busstop=0, angle=169, accuracy=11, time=2026-09-23T07:35:13.857715, lat=-12.0370176, speed=34, mark=0}], state=R, sales=0, events=[], direction=false}
2026-09-23 07:35:13 [PositionRepository] 📤 Enviando 1 (batch=5, pendientes=1)
2026-09-23 07:35:13 [LocationTrackingService] GPS desactivado - Pulso cada 5 min acc:11.909m
2026-09-23 07:34:47 [SocketMessageDispatcher] Mensaje: Header: tickets, Data: {tickets=[{correlative=9224, id=6ab3c76727bb27508ccb3993}]}
2026-09-23 07:34:47 [SocketService] [RECIBIDO]| #57 | SID:212 | 32B | tickets [DATA]: {tickets=[{correlative=9224, id=6ab3c76727bb27508ccb3993}]}
2026-09-23 07:34:46 [SocketService] [ENVIADO] | [NUEVO] (43B) [KEY]: tickets [DATA]: {tickets=[{fare=3, correlative=9224, session=35417, busstop_end=7, inspector=null, vehicle=15, number=696, route=1, driver=131, price=300.0, time=2026-09-23T07:34:46.613867, busstop_start=7, day=2026-09-23, payment_method=1, card=null}]}
2026-09-23 07:34:39 [SocketMessageDispatcher] Mensaje: Header: tickets, Data: {tickets=[{correlative=9223, id=6ab3c75f27bb27508ccb3982}]}
2026-09-23 07:34:39 [SocketService] [RECIBIDO]| #55 | SID:212 | 32B | tickets [DATA]: {tickets=[{correlative=9223, id=6ab3c75f27bb27508ccb3982}]}
2026-09-23 07:34:39 [SocketService] [ENVIADO] | [NUEVO] (43B) [KEY]: tickets [DATA]: {tickets=[{fare=7, correlative=9223, session=35417, busstop_end=1, inspector=null, vehicle=15, number=1809, route=1, driver=131, price=100.0, time=2026-09-23T07:34:39.250122, busstop_start=7, day=2026-09-23, payment_method=1, card=null}]}
2026-09-23 07:34:38 [SocketMessageDispatcher] Mensaje: Header: tickets, Data: {tickets=[{correlative=9222, id=6ab3c75f27bb27508ccb3981}]}
2026-09-23 07:34:38 [SocketService] [RECIBIDO]| #49 | SID:212 | 32B | tickets [DATA]: {tickets=[{correlative=9222, id=6ab3c75f27bb27508ccb3981}]}
2026-09-23 07:34:38 [SocketService] [ENVIADO] | [NUEVO] (43B) [KEY]: tickets [DATA]: {tickets=[{fare=7, correlative=9222, session=35417, busstop_end=1, inspector=null, vehicle=15, number=1808, route=1, driver=131, price=100.0, time=2026-09-23T07:34:38.576560, busstop_start=7, day=2026-09-23, payment_method=1, card=null}]}
2026-09-23 07:34:31 [ParaderoManager] Paradero más cercano: Paradero(id=8, lado=false, ruta=Ruta(id=1, codigo=1493, inicio=null, activo=false), activo=true, nombre=JR. ANCASH, orden=8, latitud=-12.039332549451208, liquidar=false, longitud=-76.99750586718005, radio=50.0, velocidad=50.0, terminal=false, audio=JR. ANCASH)
2026-09-23 07:34:29 [SocketMessageDispatcher] Mensaje: Header: tickets, Data: {tickets=[{correlative=9221, id=6ab3c75527bb27508ccb395f}]}
2026-09-23 07:34:29 [SocketService] [RECIBIDO]| #45 | SID:212 | 32B | tickets [DATA]: {tickets=[{correlative=9221, id=6ab3c75527bb27508ccb395f}]}
2026-09-23 07:34:29 [SocketService] [ENVIADO] | [NUEVO] (43B) [KEY]: tickets [DATA]: {tickets=[{fare=5, correlative=9221, session=35417, busstop_end=5, inspector=null, vehicle=15, number=1402, route=1, driver=131, price=200.0, time=2026-09-23T07:34:29.037324, busstop_start=7, day=2026-09-23, payment_method=1, card=null}]}
2026-09-23 07:34:25 [ParaderoManager] Paradero más cercano orden 1: Paradero(id=22, lado=true, ruta=Ruta(id=1, codigo=1493, inicio=null, activo=false), activo=true, nombre=PDRO SURCO, orden=1, latitud=-12.140145347575771, liquidar=false, longitud=-77.01215587713132, radio=50.0, velocidad=50.0, terminal=false, audio=PDRO SURCO)
2026-09-23 07:34:10 [SocketMessageDispatcher] Mensaje: Header: tickets, Data: {tickets=[{correlative=9220, id=6ab3c74227bb27508ccb3929}]}
2026-09-23 07:34:10 [SocketService] [RECIBIDO]| #41 | SID:212 | 32B | tickets [DATA]: {tickets=[{correlative=9220, id=6ab3c74227bb27508ccb3929}]}
2026-09-23 07:34:10 [SocketService] [ENVIADO] | [NUEVO] (43B) [KEY]: tickets [DATA]: {tickets=[{fare=6, correlative=9220, session=35417, busstop_end=null, inspector=null, vehicle=15, number=1302, route=1, driver=131, price=150.0, time=2026-09-23T07:34:09.912158, busstop_start=7, day=2026-09-23, payment_method=1, card=null}]}
2026-09-23 07:34:01 [SocketMessageDispatcher] Mensaje: Header: tickets, Data: {tickets=[{correlative=9219, id=6ab3c73927bb27508ccb3915}]}
2026-09-23 07:34:01 [SocketService] [RECIBIDO]| #37 | SID:212 | 32B | tickets [DATA]: {tickets=[{correlative=9219, id=6ab3c73927bb27508ccb3915}]}
2026-09-23 07:34:01 [SocketService] [ENVIADO] | [NUEVO] (43B) [KEY]: tickets [DATA]: {tickets=[{fare=7, correlative=9219, session=35417, busstop_end=1, inspector=null, vehicle=15, number=1807, route=1, driver=131, price=100.0, time=2026-09-23T07:34:01.268185, busstop_start=7, day=2026-09-23, payment_method=1, card=null}]}
2026-09-23 07:33:57 [SocketMessageDispatcher] Mensaje: Header: tickets, Data: {tickets=[{correlative=9218, id=6ab3c73527bb27508ccb3903}]}
2026-09-23 07:33:57 [SocketService] [RECIBIDO]| #33 | SID:212 | 32B | tickets [DATA]: {tickets=[{correlative=9218, id=6ab3c73527bb27508ccb3903}]}
2026-09-23 07:33:57 [SocketService] [ENVIADO] | [NUEVO] (43B) [KEY]: tickets [DATA]: {tickets=[{fare=4, correlative=9218, session=35417, busstop_end=null, inspector=null, vehicle=15, number=3697, route=1, driver=131, price=250.0, time=2026-09-23T07:33:57.331134, busstop_start=7, day=2026-09-23, payment_method=1, card=null}]}
2026-09-23 07:33:50 [SocketMessageDispatcher] Mensaje: Header: tickets, Data: {tickets=[{correlative=9217, id=6ab3c72e27bb27508ccb38e8}]}
2026-09-23 07:33:50 [SocketService] [RECIBIDO]| #29 | SID:212 | 32B | tickets [DATA]: {tickets=[{correlative=9217, id=6ab3c72e27bb27508ccb38e8}]}
2026-09-23 07:33:49 [SocketService] [ENVIADO] | [NUEVO] (43B) [KEY]: tickets [DATA]: {tickets=[{fare=4, correlative=9217, session=35417, busstop_end=null, inspector=null, vehicle=15, number=3696, route=1, driver=131, price=250.0, time=2026-09-23T07:33:49.648740, busstop_start=7, day=2026-09-23, payment_method=1, card=null}]}
2026-09-23 07:32:57 [SocketMessageDispatcher] Mensaje: Header: tickets, Data: {tickets=[{correlative=9216, id=6ab3c6f927bb27508ccb383e}]}
2026-09-23 07:32:57 [SocketService] [RECIBIDO]| #25 | SID:212 | 32B | tickets [DATA]: {tickets=[{correlative=9216, id=6ab3c6f927bb27508ccb383e}]}
2026-09-23 07:32:56 [SocketService] [ENVIADO] | [NUEVO] (43B) [KEY]: tickets [DATA]: {tickets=[{fare=5, correlative=9216, session=35417, busstop_end=5, inspector=null, vehicle=15, number=1401, route=1, driver=131, price=200.0, time=2026-09-23T07:32:56.770495, busstop_start=7, day=2026-09-23, payment_method=1, card=null}]}
2026-09-23 07:32:52 [SocketMessageDispatcher] Mensaje: Header: tickets, Data: {tickets=[{correlative=9215, id=6ab3c6f427bb27508ccb382f}]}
2026-09-23 07:32:52 [SocketService] [RECIBIDO]| #21 | SID:212 | 32B | tickets [DATA]: {tickets=[{correlative=9215, id=6ab3c6f427bb27508ccb382f}]}
2026-09-23 07:32:52 [SocketService] [ENVIADO] | [NUEVO] (43B) [KEY]: tickets [DATA]: {tickets=[{fare=4, correlative=9215, session=35417, busstop_end=null, inspector=null, vehicle=15, number=3695, route=1, driver=131, price=250.0, time=2026-09-23T07:32:52.231138, busstop_start=7, day=2026-09-23, payment_method=1, card=null}]}
2026-09-23 07:32:46 [SocketMessageDispatcher] Mensaje: Header: tickets, Data: {tickets=[{correlative=9214, id=6ab3c6ee27bb27508ccb381a}]}
2026-09-23 07:32:46 [SocketService] [RECIBIDO]| #17 | SID:212 | 32B | tickets [DATA]: {tickets=[{correlative=9214, id=6ab3c6ee27bb27508ccb381a}]}
2026-09-23 07:32:46 [SocketService] [ENVIADO] | [NUEVO] (43B) [KEY]: tickets [DATA]: {tickets=[{fare=3, correlative=9214, session=35417, busstop_end=7, inspector=null, vehicle=15, number=695, route=1, driver=131, price=300.0, time=2026-09-23T07:32:46.499591, busstop_start=7, day=2026-09-23, payment_method=1, card=null}]}
2026-09-23 07:32:43 [SocketMessageDispatcher] Mensaje: Header: tickets, Data: {tickets=[{correlative=9213, id=6ab3c6eb27bb27508ccb3811}]}
2026-09-23 07:32:43 [SocketService] [RECIBIDO]| #13 | SID:212 | 32B | tickets [DATA]: {tickets=[{correlative=9213, id=6ab3c6eb27bb27508ccb3811}]}
2026-09-23 07:32:43 [SocketService] [ENVIADO] | [NUEVO] (43B) [KEY]: tickets [DATA]: {tickets=[{fare=3, correlative=9213, session=35417, busstop_end=7, inspector=null, vehicle=15, number=694, route=1, driver=131, price=300.0, time=2026-09-23T07:32:42.952792, busstop_start=7, day=2026-09-23, payment_method=1, card=null}]}
2026-09-23 07:32:29 [ProtectorVM] TEMP: 34.1C -> cap térmico 100%
2026-09-23 07:32:29 [ProtectorVM] temp: 34.1C
2026-09-23 07:32:24 [SocketMessageDispatcher] Mensaje: Header: backward_datero, Data: {pad=132, geofence=18, delta=10, orden=0, id=5468064130}
2026-09-23 07:32:24 [SocketService] [RECIBIDO]| #12 | SID:212 | 19B | backward_datero [DATA]: {pad=132, geofence=18, delta=10, orden=0, id=5468064130}
2026-09-23 07:30:37 [ParaderoManager] Paradero más cercano: Paradero(id=12, lado=true, ruta=Ruta(id=1, codigo=1493, inicio=null, activo=false), activo=true, nombre=PTE NUEVO, orden=15, latitud=-12.031368238563601, liquidar=false, longitud=-76.99917653362644, radio=50.0, velocidad=50.0, terminal=false, audio=PTE NUEVO)
2026-09-23 07:30:31 [SocketMessageDispatcher] Mensaje: Header: forward_datero, Data: {trip=39119, geofence=19, time=2026-09-23T07:30:30, dateros=[{delta=20, padron=124}, {delta=27, padron=128}, {delta=9, padron=107}, {delta=7, padron=146}, {delta=24, padron=131}]}
2026-09-23 07:30:31 [SocketService] [RECIBIDO]| #11 | SID:212 | 32B | forward_datero [DATA]: {trip=39119, geofence=19, time=2026-09-23T07:30:30, dateros=[{delta=20, padron=124}, {delta=27, padron=128}, {delta=9, padron=107}, {delta=7, padron=146}, {delta=24, padron=131}]}
2026-09-23 07:30:31 [SocketMessageDispatcher] Mensaje: Header: mark, Data: {volada=24, trip=39119, geofence=19, id=1135723, state=M, timestamp=2026-09-23T07:30:30}
2026-09-23 07:30:31 [SocketService] [RECIBIDO]| #10 | SID:212 | 25B | mark [DATA]: {volada=24, trip=39119, geofence=19, id=1135723, state=M, timestamp=2026-09-23T07:30:30}
2026-09-23 07:30:11 [SocketMessageDispatcher] Mensaje: Header: report, Data: {positions=1}
2026-09-23 07:30:11 [SocketService] [RECIBIDO]| #9 | SID:212 | 3B | report [DATA]: {positions=1}
2026-09-23 07:30:10 [SocketService] [ENVIADO] | [NUEVO] (36B) [KEY]: report [DATA]: {trip=39119, route=1, positions=[{lng=-77.0009047, busstop=0, angle=153, accuracy=13, time=2026-09-23T07:30:10.858194, lat=-12.0290208, speed=16, mark=0}], state=R, sales=0, events=[], direction=false}
2026-09-23 07:30:10 [PositionRepository] 📤 Enviando 1 (batch=2, pendientes=1)
2026-09-23 07:30:10 [LocationTrackingService] GPS desactivado - Pulso cada 5 min acc:13.293m
2026-09-23 07:30:01 [SocketMessageDispatcher] Mensaje: Header: tickets, Data: {tickets=[{correlative=9212, id=6ab3c64927bb27508ccb35f8}]}
2026-09-23 07:30:01 [SocketService] [RECIBIDO]| #5 | SID:212 | 32B | tickets [DATA]: {tickets=[{correlative=9212, id=6ab3c64927bb27508ccb35f8}]}
2026-09-23 07:30:00 [SocketService] [ENVIADO] | [NUEVO] (43B) [KEY]: tickets [DATA]: {tickets=[{fare=3, correlative=9212, session=35417, busstop_end=7, inspector=null, vehicle=15, number=693, route=1, driver=131, price=300.0, time=2026-09-23T07:30:00.744344, busstop_start=7, day=2026-09-23, payment_method=1, card=null}]}
2026-09-23 07:29:34 [DRIVERAUTO] VALIDATE AutoLogin: false - Paradero actual: Paradero(id=7, lado=false, ruta=Ruta(id=1, codigo=1493, inicio=null, activo=false), activo=true, nombre=PTE NUEVO, orden=7, latitud=-12.028358522299403, liquidar=false, longitud=-77.000972208432, radio=50.0, velocidad=50.0, terminal=false, audio=PTE NUEVO)
2026-09-23 07:29:34 [DRIVERAUTO] Primera sesión obtenida: SessionDriver(id=35417, driver_id=131, driver_code=ID131, activo=true, castigado=false, conductor=true, vencido=false, route=1, direction=false, start_time=2026-09-23T06:18:59, autoLogin=false)
2026-09-23 07:29:34 [DRIVERAUTO] La dirección de la sesión coincide con el lado del paradero actual
2026-09-23 07:29:34 [ParaderoManager] Paradero actual: PTE NUEVO (id=7)
2026-09-23 07:29:08 [SocketMessageDispatcher] Mensaje: Header: backward_datero_hide, Data: {pad=132, geofence=16, delta=14, orden=0, id=3648282673}
2026-09-23 07:29:08 [SocketMessageDispatcher] Mensaje: Header: forward_datero_hide, Data: {trip=39119, geofence=18, time=2026-09-23T07:22:48, dateros=[{delta=19, padron=124}, {delta=25, padron=128}, {delta=10, padron=107}, {delta=9, padron=146}, {delta=27, padron=131}]}
2026-09-23 07:29:08 [SocketMessageDispatcher] Mensaje: Header: salida, Data: {lado=false, estado=R, frecuencia=10, ruta=1, geocerca=18, controles=[{volada=0, tiempo=0, geocerca=1}, {volada=0, tiempo=4, geocerca=5}, {volada=0, tiempo=3, geocerca=6}, {volada=-2, tiempo=2, geocerca=7}, {volada=-1, tiempo=2, geocerca=8}, {volada=5, tiempo=2, geocerca=9}, {volada=3, tiempo=3, geocerca=10}, {volada=9, tiempo=2, geocerca=11}, {volada=8, tiempo=4, geocerca=12}, {volada=5, tiempo=4, geocerca=13}, {volada=6, tiempo=2, geocerca=14}, {volada=7, tiempo=2, geocerca=17}, {volada=9, tiempo=2, geocerca=15}, {volada=14, tiempo=3, geocerca=16}, {volada=21, tiempo=3, geocerca=18}, {volada=0, tiempo=5, geocerca=19}, {volada=0, tiempo=5, geocerca=20}, {volada=0, tiempo=4, geocerca=21}, {volada=0, tiempo=4, geocerca=2}, {volada=0, tiempo=0, geocerca=39}, {volada=0, tiempo=0, geocerca=40}, {volada=0, tiempo=0, geocerca=41}, {volada=0, tiempo=0, geocerca=42}, {volada=0, tiempo=0, geocerca=43}, {volada=0, tiempo=0, geocerca=44}, {volada=0, tiempo=0, geocerca=45}, {volada=0, tiempo=7, geocerca=46}, {volada=0, tiempo=10, geocerca=47}, {volada=0, tiempo=9, geocerca=48}, {volada=0, tiempo=8, geocerca=49}, {volada=0, tiempo=12, geocerca=70}, {volada=0, tiempo=12, geocerca=50}, {volada=0, tiempo=6, geocerca=71}, {volada=0, tiempo=6, geocerca=51}, {volada=0, tiempo=10, geocerca=72}, {volada=0, tiempo=5, geocerca=52}, {volada=0, tiempo=0, geocerca=164}], inicio=2026-09-23T06:23, marcados=[false, false, false, true, true, true, true, true, true, true, true, true, true, true, true, false, false, false, false, false, false, false, false, false, false, false, false, false, false, false, false, false, false, false, false, false, false], id=39119, conductor=131}
2026-09-23 07:29:07 [SocketService] [RECIBIDO]| #4 | SID:212 | 20B | backward_datero_hide [DATA]: {pad=132, geofence=16, delta=14, orden=0, id=3648282673}
2026-09-23 07:29:07 [SocketService] [RECIBIDO]| #3 | SID:212 | 31B | forward_datero_hide [DATA]: {trip=39119, geofence=18, time=2026-09-23T07:22:48, dateros=[{delta=19, padron=124}, {delta=25, padron=128}, {delta=10, padron=107}, {delta=9, padron=146}, {delta=27, padron=131}]}
2026-09-23 07:29:07 [SocketService] [RECIBIDO]| #2 | SID:212 | 251B | salida [DATA]: {lado=false, estado=R, frecuencia=10, ruta=1, geocerca=18, controles=[{volada=0, tiempo=0, geocerca=1}, {volada=0, tiempo=4, geocerca=5}, {volada=0, tiempo=3, geocerca=6}, {volada=-2, tiempo=2, geocerca=7}, {volada=-1, tiempo=2, geocerca=8}, {volada=5, tiempo=2, geocerca=9}, {volada=3, tiempo=3, geocerca=10}, {volada=9, tiempo=2, geocerca=11}, {volada=8, tiempo=4, geocerca=12}, {volada=5, tiempo=4, geocerca=13}, {volada=6, tiempo=2, geocerca=14}, {volada=7, tiempo=2, geocerca=17}, {volada=9, tiempo=2, geocerca=15}, {volada=14, tiempo=3, geocerca=16}, {volada=21, tiempo=3, geocerca=18}, {volada=0, tiempo=5, geocerca=19}, {volada=0, tiempo=5, geocerca=20}, {volada=0, tiempo=4, geocerca=21}, {volada=0, tiempo=4, geocerca=2}, {volada=0, tiempo=0, geocerca=39}, {volada=0, tiempo=0, geocerca=40}, {volada=0, tiempo=0, geocerca=41}, {volada=0, tiempo=0, geocerca=42}, {volada=0, tiempo=0, geocerca=43}, {volada=0, tiempo=0, geocerca=44}, {volada=0, tiempo=0, geocerca=45}, {volada=0, tiempo=7, geocerca=46}, {volada=0, tiempo=10, geocerca=47}, {volada=0, tiempo=9, geocerca=48}, {volada=0, tiempo=8, geocerca=49}, {volada=0, tiempo=12, geocerca=70}, {volada=0, tiempo=12, geocerca=50}, {volada=0, tiempo=6, geocerca=71}, {volada=0, tiempo=6, geocerca=51}, {volada=0, tiempo=10, geocerca=72}, {volada=0, tiempo=5, geocerca=52}, {volada=0, tiempo=0, geocerca=164}], inicio=2026-09-23T06:23, marcados=[false, false, false, true, true, true, true, true, true, true, true, true, true, true, true, false, false, false, false, false, false, false, false, false, false, false, false, false, false, false, false, false, false, false, false, false, false], id=39119, conductor=131}
2026-09-23 07:29:07 [SocketService] [ENVIADO] | [NUEVO] (3B) [KEY]: backward_datero [DATA]: {id=0}
2026-09-23 07:29:07 [SocketService] [ENVIADO] | [NUEVO] (4B) [KEY]: forward_datero [DATA]: {id=0}
2026-09-23 07:29:07 [SocketService] [ENVIADO] | [NUEVO] (7B) [KEY]: salida [DATA]: {limit=0, salida=39119}
2026-09-23 07:29:07 [SocketMessageDispatcher] ✅ Login confirmado por servidor (sesión OK)
2026-09-23 07:29:07 [SocketMessageDispatcher] Mensaje: Header: login, Data: {voice=true, orientation=false, contactless=false, data=2026-09-23T07:29:07, ticket=true, geofence=18, gps=false, schedule=06:33, ads=false, route=1, trip=39119, driver=null, calls=true, padron=124, id=15, state=R, map=false, placa=BCG906, direction=false, order=1}
2026-09-23 07:29:07 [SocketService] [RECIBIDO]| #1 | SID:212 | 35B | login [DATA]: {voice=true, orientation=false, contactless=false, data=2026-09-23T07:29:07, ticket=true, geofence=18, gps=false, schedule=06:33, ads=false, route=1, trip=39119, driver=null, calls=true, padron=124, id=15, state=R, map=false, placa=BCG906, direction=false, order=1}
2026-09-23 07:29:07 [SocketService] 🔒 WakeLock + WifiLock adquiridos
2026-09-23 07:29:07 [SocketService] [ENVIADO] | [NUEVO] (18B) [KEY]: login [DATA]: {serial=864255060447047}
2026-09-23 07:29:07 [SocketService] 🔑 Enviando login handshake (864255060447047)
2026-09-23 07:29:07 [SocketService] ✅ CONECTADO [ID: 212] en 66395181ms - Code: 101
2026-09-23 07:29:06 [SocketService] ✅ Recursos completamente limpiados
2026-09-23 07:29:06 [SocketService] 🔄 Conectando [ID: 212] a ws://34.71.11.201:22222?schema=android&gps=true&console=true&version=2
2026-09-23 07:29:06 [GpsViewModel] No hay conexión. Se omite procesamiento.
2026-09-23 07:29:06 [SocketService] 🔄 Nuevo Socket ID: 212
2026-09-23 07:29:06 [SocketService] 🧹 Limpiando recursos [ID: 211]
2026-09-23 07:29:06 [SocketService] ⏰ Watchdog: 130048ms sin mensajes, forzando reconexión
2026-09-23 07:27:29 [ProtectorVM] TEMP: 33.3C -> cap térmico 100%
2026-09-23 07:27:29 [ProtectorVM] temp: 33.3C
2026-09-23 07:26:18 [SocketMessageDispatcher] Mensaje: Header: backward_datero, Data: {pad=132, geofence=16, delta=14, orden=0, id=3648282673}
2026-09-23 07:26:18 [SocketService] [RECIBIDO]| #6 | SID:211 | 19B | backward_datero [DATA]: {pad=132, geofence=16, delta=14, orden=0, id=3648282673}
2026-09-23 07:25:08 [SocketMessageDispatcher] Mensaje: Header: report, Data: {positions=1}
2026-09-23 07:25:08 [SocketService] [RECIBIDO]| #5 | SID:211 | 3B | report [DATA]: {positions=1}
2026-09-23 07:25:07 [SocketMessageDispatcher] Mensaje: Header: salida, Data: {lado=false, estado=R, frecuencia=10, ruta=1, geocerca=18, controles=[{volada=0, tiempo=0, geocerca=1}, {volada=0, tiempo=4, geocerca=5}, {volada=0, tiempo=3, geocerca=6}, {volada=-2, tiempo=2, geocerca=7}, {volada=-1, tiempo=2, geocerca=8}, {volada=5, tiempo=2, geocerca=9}, {volada=3, tiempo=3, geocerca=10}, {volada=9, tiempo=2, geocerca=11}, {volada=8, tiempo=4, geocerca=12}, {volada=5, tiempo=4, geocerca=13}, {volada=6, tiempo=2, geocerca=14}, {volada=7, tiempo=2, geocerca=17}, {volada=9, tiempo=2, geocerca=15}, {volada=14, tiempo=3, geocerca=16}, {volada=21, tiempo=3, geocerca=18}, {volada=0, tiempo=5, geocerca=19}, {volada=0, tiempo=5, geocerca=20}, {volada=0, tiempo=4, geocerca=21}, {volada=0, tiempo=4, geocerca=2}, {volada=0, tiempo=0, geocerca=39}, {volada=0, tiempo=0, geocerca=40}, {volada=0, tiempo=0, geocerca=41}, {volada=0, tiempo=0, geocerca=42}, {volada=0, tiempo=0, geocerca=43}, {volada=0, tiempo=0, geocerca=44}, {volada=0, tiempo=0, geocerca=45}, {volada=0, tiempo=7, geocerca=46}, {volada=0, tiempo=10, geocerca=47}, {volada=0, tiempo=9, geocerca=48}, {volada=0, tiempo=8, geocerca=49}, {volada=0, tiempo=12, geocerca=70}, {volada=0, tiempo=12, geocerca=50}, {volada=0, tiempo=6, geocerca=71}, {volada=0, tiempo=6, geocerca=51}, {volada=0, tiempo=10, geocerca=72}, {volada=0, tiempo=5, geocerca=52}, {volada=0, tiempo=0, geocerca=164}], inicio=2026-09-23T06:23, marcados=[false, false, false, true, true, true, true, true, true, true, true, true, true, true, true, false, false, false, false, false, false, false, false, false, false, false, false, false, false, false, false, false, false, false, false, false, false], id=39119, conductor=131}
2026-09-23 07:25:07 [SocketMessageDispatcher] Mensaje: Header: backward_datero_hide, Data: {pad=132, geofence=15, delta=11, orden=0, id=259855747}
2026-09-23 07:25:07 [SocketMessageDispatcher] Mensaje: Header: forward_datero_hide, Data: {trip=39119, geofence=18, time=2026-09-23T07:22:48, dateros=[{delta=19, padron=124}, {delta=25, padron=128}, {delta=10, padron=107}, {delta=9, padron=146}, {delta=27, padron=131}]}
2026-09-23 07:25:07 [SocketService] [ENVIADO] | [NUEVO] (36B) [KEY]: report [DATA]: {trip=39119, route=1, positions=[{lng=-77.0019395, busstop=0, angle=168, accuracy=3, time=2026-09-23T07:25:07.856701, lat=-12.0252772, speed=1, mark=0}], state=R, sales=0, events=[], direction=false}
2026-09-23 07:25:07 [PositionRepository] 📤 Enviando 1 (batch=2, pendientes=1)
2026-09-23 07:25:07 [LocationTrackingService] GPS desactivado - Pulso cada 5 min acc:3.832m
2026-09-23 07:25:07 [SocketService] [RECIBIDO]| #4 | SID:211 | 251B | salida [DATA]: {lado=false, estado=R, frecuencia=10, ruta=1, geocerca=18, controles=[{volada=0, tiempo=0, geocerca=1}, {volada=0, tiempo=4, geocerca=5}, {volada=0, tiempo=3, geocerca=6}, {volada=-2, tiempo=2, geocerca=7}, {volada=-1, tiempo=2, geocerca=8}, {volada=5, tiempo=2, geocerca=9}, {volada=3, tiempo=3, geocerca=10}, {volada=9, tiempo=2, geocerca=11}, {volada=8, tiempo=4, geocerca=12}, {volada=5, tiempo=4, geocerca=13}, {volada=6, tiempo=2, geocerca=14}, {volada=7, tiempo=2, geocerca=17}, {volada=9, tiempo=2, geocerca=15}, {volada=14, tiempo=3, geocerca=16}, {volada=21, tiempo=3, geocerca=18}, {volada=0, tiempo=5, geocerca=19}, {volada=0, tiempo=5, geocerca=20}, {volada=0, tiempo=4, geocerca=21}, {volada=0, tiempo=4, geocerca=2}, {volada=0, tiempo=0, geocerca=39}, {volada=0, tiempo=0, geocerca=40}, {volada=0, tiempo=0, geocerca=41}, {volada=0, tiempo=0, geocerca=42}, {volada=0, tiempo=0, geocerca=43}, {volada=0, tiempo=0, geocerca=44}, {volada=0, tiempo=0, geocerca=45}, {volada=0, tiempo=7, geocerca=46}, {volada=0, tiempo=10, geocerca=47}, {volada=0, tiempo=9, geocerca=48}, {volada=0, tiempo=8, geocerca=49}, {volada=0, tiempo=12, geocerca=70}, {volada=0, tiempo=12, geocerca=50}, {volada=0, tiempo=6, geocerca=71}, {volada=0, tiempo=6, geocerca=51}, {volada=0, tiempo=10, geocerca=72}, {volada=0, tiempo=5, geocerca=52}, {volada=0, tiempo=0, geocerca=164}], inicio=2026-09-23T06:23, marcados=[false, false, false, true, true, true, true, true, true, true, true, true, true, true, true, false, false, false, false, false, false, false, false, false, false, false, false, false, false, false, false, false, false, false, false, false, false], id=39119, conductor=131}
2026-09-23 07:25:07 [SocketService] [RECIBIDO]| #3 | SID:211 | 19B | backward_datero_hide [DATA]: {pad=132, geofence=15, delta=11, orden=0, id=259855747}
2026-09-23 07:25:07 [SocketService] [RECIBIDO]| #2 | SID:211 | 31B | forward_datero_hide [DATA]: {trip=39119, geofence=18, time=2026-09-23T07:22:48, dateros=[{delta=19, padron=124}, {delta=25, padron=128}, {delta=10, padron=107}, {delta=9, padron=146}, {delta=27, padron=131}]}
2026-09-23 07:25:06 [SocketService] [ENVIADO] | [NUEVO] (3B) [KEY]: backward_datero [DATA]: {id=0}
2026-09-23 07:25:06 [SocketService] [ENVIADO] | [NUEVO] (7B) [KEY]: salida [DATA]: {limit=0, salida=39119}
2026-09-23 07:25:06 [SocketService] [ENVIADO] | [NUEVO] (4B) [KEY]: forward_datero [DATA]: {id=0}
2026-09-23 07:25:06 [SocketMessageDispatcher] ✅ Login confirmado por servidor (sesión OK)
2026-09-23 07:25:06 [SocketMessageDispatcher] Mensaje: Header: login, Data: {voice=true, orientation=false, contactless=false, data=2026-09-23T07:25:06, ticket=true, geofence=18, gps=false, schedule=06:33, ads=false, route=1, trip=39119, driver=null, calls=true, padron=124, id=15, state=R, map=false, placa=BCG906, direction=false, order=1}
2026-09-23 07:25:06 [SocketService] [RECIBIDO]| #1 | SID:211 | 35B | login [DATA]: {voice=true, orientation=false, contactless=false, data=2026-09-23T07:25:06, ticket=true, geofence=18, gps=false, schedule=06:33, ads=false, route=1, trip=39119, driver=null, calls=true, padron=124, id=15, state=R, map=false, placa=BCG906, direction=false, order=1}
2026-09-23 07:25:06 [SocketService] 🔒 WakeLock + WifiLock adquiridos
2026-09-23 07:25:06 [SocketService] [ENVIADO] | [NUEVO] (18B) [KEY]: login [DATA]: {serial=864255060447047}
2026-09-23 07:25:06 [SocketService] 🔑 Enviando login handshake (864255060447047)
2026-09-23 07:25:06 [SocketService] ✅ CONECTADO [ID: 211] en 66154587ms - Code: 101
2026-09-23 07:25:05 [SocketService] 🔄 Conectando [ID: 211] a ws://34.71.11.201:22222?schema=android&gps=true&console=true&version=2
2026-09-23 07:25:05 [SocketService] ✅ Recursos completamente limpiados
2026-09-23 07:25:05 [GpsViewModel] No hay conexión. Se omite procesamiento.
2026-09-23 07:25:05 [SocketService] 🔄 Nuevo Socket ID: 211
2026-09-23 07:25:05 [SocketService] 🧹 Limpiando recursos [ID: 210]
2026-09-23 07:25:05 [SocketService] ⏰ Watchdog: 135947ms sin mensajes, forzando reconexión
2026-09-23 07:22:49 [SocketMessageDispatcher] Mensaje: Header: forward_datero, Data: {trip=39119, geofence=18, time=2026-09-23T07:22:48, dateros=[{delta=19, padron=124}, {delta=25, padron=128}, {delta=10, padron=107}, {delta=9, padron=146}, {delta=27, padron=131}]}
2026-09-23 07:22:49 [SocketMessageDispatcher] Mensaje: Header: mark, Data: {volada=21, trip=39119, geofence=18, id=1135722, state=M, timestamp=2026-09-23T07:22:48}
2026-09-23 07:22:49 [SocketService] [RECIBIDO]| #11 | SID:210 | 32B | forward_datero [DATA]: {trip=39119, geofence=18, time=2026-09-23T07:22:48, dateros=[{delta=19, padron=124}, {delta=25, padron=128}, {delta=10, padron=107}, {delta=9, padron=146}, {delta=27, padron=131}]}
2026-09-23 07:22:49 [SocketService] [RECIBIDO]| #10 | SID:210 | 25B | mark [DATA]: {volada=21, trip=39119, geofence=18, id=1135722, state=M, timestamp=2026-09-23T07:22:48}
2026-09-23 07:22:29 [ProtectorVM] TEMP: 32.8C -> cap térmico 100%
2026-09-23 07:22:29 [ProtectorVM] temp: 32.8C
2026-09-23 07:21:55 [SocketMessageDispatcher] Mensaje: Header: tickets, Data: {tickets=[{correlative=9211, id=6ab3c46327bb27508ccb2fb4}]}
2026-09-23 07:21:55 [SocketService] [RECIBIDO]| #6 | SID:210 | 32B | tickets [DATA]: {tickets=[{correlative=9211, id=6ab3c46327bb27508ccb2fb4}]}
2026-09-23 07:21:55 [SocketService] [ENVIADO] | [NUEVO] (43B) [KEY]: tickets [DATA]: {tickets=[{fare=7, correlative=9211, session=35417, busstop_end=1, inspector=null, vehicle=15, number=1806, route=1, driver=131, price=100.0, time=2026-09-23T07:21:55.306058, busstop_start=6, day=2026-09-23, payment_method=1, card=null}]}
2026-09-23 07:20:09 [SocketMessageDispatcher] Mensaje: Header: report, Data: {positions=1}
2026-09-23 07:20:09 [SocketService] [RECIBIDO]| #5 | SID:210 | 3B | report [DATA]: {positions=1}
2026-09-23 07:20:07 [SocketService] [ENVIADO] | [NUEVO] (36B) [KEY]: report [DATA]: {trip=39119, route=1, positions=[{lng=-77.0020146, busstop=0, angle=0, accuracy=5, time=2026-09-23T07:20:07.851704, lat=-12.0245163, speed=0, mark=0}], state=R, sales=0, events=[], direction=false}
2026-09-23 07:20:07 [PositionRepository] 📤 Enviando 1 (batch=2, pendientes=1)
2026-09-23 07:20:07 [LocationTrackingService] GPS desactivado - Pulso cada 5 min acc:5.687m
2026-09-23 07:19:37 [SocketMessageDispatcher] Mensaje: Header: backward_datero_hide, Data: {pad=132, geofence=15, delta=11, orden=0, id=259855747}
2026-09-23 07:19:37 [SocketMessageDispatcher] Mensaje: Header: forward_datero_hide, Data: {trip=39119, geofence=16, time=2026-09-23T07:12:37, dateros=[{delta=13, padron=124}, {delta=23, padron=128}, {delta=10, padron=107}, {delta=9, padron=146}, {delta=25, padron=131}]}
2026-09-23 07:19:37 [SocketMessageDispatcher] Mensaje: Header: salida, Data: {lado=false, estado=R, frecuencia=10, ruta=1, geocerca=16, controles=[{volada=0, tiempo=0, geocerca=1}, {volada=0, tiempo=4, geocerca=5}, {volada=0, tiempo=3, geocerca=6}, {volada=-2, tiempo=2, geocerca=7}, {volada=-1, tiempo=2, geocerca=8}, {volada=5, tiempo=2, geocerca=9}, {volada=3, tiempo=3, geocerca=10}, {volada=9, tiempo=2, geocerca=11}, {volada=8, tiempo=4, geocerca=12}, {volada=5, tiempo=4, geocerca=13}, {volada=6, tiempo=2, geocerca=14}, {volada=7, tiempo=2, geocerca=17}, {volada=9, tiempo=2, geocerca=15}, {volada=14, tiempo=3, geocerca=16}, {volada=0, tiempo=3, geocerca=18}, {volada=0, tiempo=5, geocerca=19}, {volada=0, tiempo=5, geocerca=20}, {volada=0, tiempo=4, geocerca=21}, {volada=0, tiempo=4, geocerca=2}, {volada=0, tiempo=0, geocerca=39}, {volada=0, tiempo=0, geocerca=40}, {volada=0, tiempo=0, geocerca=41}, {volada=0, tiempo=0, geocerca=42}, {volada=0, tiempo=0, geocerca=43}, {volada=0, tiempo=0, geocerca=44}, {volada=0, tiempo=0, geocerca=45}, {volada=0, tiempo=7, geocerca=46}, {volada=0, tiempo=10, geocerca=47}, {volada=0, tiempo=9, geocerca=48}, {volada=0, tiempo=8, geocerca=49}, {volada=0, tiempo=12, geocerca=70}, {volada=0, tiempo=12, geocerca=50}, {volada=0, tiempo=6, geocerca=71}, {volada=0, tiempo=6, geocerca=51}, {volada=0, tiempo=10, geocerca=72}, {volada=0, tiempo=5, geocerca=52}, {volada=0, tiempo=0, geocerca=164}], inicio=2026-09-23T06:23, marcados=[false, false, false, true, true, true, true, true, true, true, true, true, true, true, false, false, false, false, false, false, false, false, false, false, false, false, false, false, false, false, false, false, false, false, false, false, false], id=39119, conductor=131}
2026-09-23 07:19:36 [SocketService] [RECIBIDO]| #4 | SID:210 | 19B | backward_datero_hide [DATA]: {pad=132, geofence=15, delta=11, orden=0, id=259855747}
2026-09-23 07:19:36 [SocketService] [RECIBIDO]| #3 | SID:210 | 31B | forward_datero_hide [DATA]: {trip=39119, geofence=16, time=2026-09-23T07:12:37, dateros=[{delta=13, padron=124}, {delta=23, padron=128}, {delta=10, padron=107}, {delta=9, padron=146}, {delta=25, padron=131}]}
2026-09-23 07:19:36 [SocketService] [RECIBIDO]| #2 | SID:210 | 251B | salida [DATA]: {lado=false, estado=R, frecuencia=10, ruta=1, geocerca=16, controles=[{volada=0, tiempo=0, geocerca=1}, {volada=0, tiempo=4, geocerca=5}, {volada=0, tiempo=3, geocerca=6}, {volada=-2, tiempo=2, geocerca=7}, {volada=-1, tiempo=2, geocerca=8}, {volada=5, tiempo=2, geocerca=9}, {volada=3, tiempo=3, geocerca=10}, {volada=9, tiempo=2, geocerca=11}, {volada=8, tiempo=4, geocerca=12}, {volada=5, tiempo=4, geocerca=13}, {volada=6, tiempo=2, geocerca=14}, {volada=7, tiempo=2, geocerca=17}, {volada=9, tiempo=2, geocerca=15}, {volada=14, tiempo=3, geocerca=16}, {volada=0, tiempo=3, geocerca=18}, {volada=0, tiempo=5, geocerca=19}, {volada=0, tiempo=5, geocerca=20}, {volada=0, tiempo=4, geocerca=21}, {volada=0, tiempo=4, geocerca=2}, {volada=0, tiempo=0, geocerca=39}, {volada=0, tiempo=0, geocerca=40}, {volada=0, tiempo=0, geocerca=41}, {volada=0, tiempo=0, geocerca=42}, {volada=0, tiempo=0, geocerca=43}, {volada=0, tiempo=0, geocerca=44}, {volada=0, tiempo=0, geocerca=45}, {volada=0, tiempo=7, geocerca=46}, {volada=0, tiempo=10, geocerca=47}, {volada=0, tiempo=9, geocerca=48}, {volada=0, tiempo=8, geocerca=49}, {volada=0, tiempo=12, geocerca=70}, {volada=0, tiempo=12, geocerca=50}, {volada=0, tiempo=6, geocerca=71}, {volada=0, tiempo=6, geocerca=51}, {volada=0, tiempo=10, geocerca=72}, {volada=0, tiempo=5, geocerca=52}, {volada=0, tiempo=0, geocerca=164}], inicio=2026-09-23T06:23, marcados=[false, false, false, true, true, true, true, true, true, true, true, true, true, true, false, false, false, false, false, false, false, false, false, false, false, false, false, false, false, false, false, false, false, false, false, false, false], id=39119, conductor=131}
2026-09-23 07:19:36 [SocketService] [ENVIADO] | [NUEVO] (3B) [KEY]: backward_datero [DATA]: {id=0}
2026-09-23 07:19:36 [SocketService] [ENVIADO] | [NUEVO] (4B) [KEY]: forward_datero [DATA]: {id=0}
2026-09-23 07:19:36 [SocketService] [ENVIADO] | [NUEVO] (7B) [KEY]: salida [DATA]: {limit=0, salida=39119}
2026-09-23 07:19:36 [SocketMessageDispatcher] ✅ Login confirmado por servidor (sesión OK)
2026-09-23 07:19:36 [SocketMessageDispatcher] Mensaje: Header: login, Data: {voice=true, orientation=false, contactless=false, data=2026-09-23T07:19:36, ticket=true, geofence=16, gps=false, schedule=06:33, ads=false, route=1, trip=39119, driver=null, calls=true, padron=124, id=15, state=R, map=false, placa=BCG906, direction=false, order=1}
2026-09-23 07:19:36 [SocketService] [RECIBIDO]| #1 | SID:210 | 35B | login [DATA]: {voice=true, orientation=false, contactless=false, data=2026-09-23T07:19:36, ticket=true, geofence=16, gps=false, schedule=06:33, ads=false, route=1, trip=39119, driver=null, calls=true, padron=124, id=15, state=R, map=false, placa=BCG906, direction=false, order=1}
2026-09-23 07:19:35 [SocketService] 🔒 WakeLock + WifiLock adquiridos
2026-09-23 07:19:35 [SocketService] [ENVIADO] | [NUEVO] (18B) [KEY]: login [DATA]: {serial=864255060447047}
2026-09-23 07:19:35 [SocketService] 🔑 Enviando login handshake (864255060447047)
2026-09-23 07:19:35 [SocketService] ✅ CONECTADO [ID: 210] en 65824033ms - Code: 101
2026-09-23 07:19:35 [SocketService] 🔄 Conectando [ID: 210] a ws://34.71.11.201:22222?schema=android&gps=true&console=true&version=2
2026-09-23 07:19:35 [SocketService] ✅ Recursos completamente limpiados
2026-09-23 07:19:35 [SocketService] 🔄 Nuevo Socket ID: 210
2026-09-23 07:19:35 [GpsViewModel] No hay conexión. Se omite procesamiento.
2026-09-23 07:19:35 [SocketService] 🧹 Limpiando recursos [ID: 209]
2026-09-23 07:19:35 [SocketService] ⏰ Watchdog: 137681ms sin mensajes, forzando reconexión
2026-09-23 07:17:29 [ProtectorVM] TEMP: 32.1C -> cap térmico 100%
2026-09-23 07:17:29 [ProtectorVM] temp: 32.1C
2026-09-23 07:17:17 [SocketMessageDispatcher] Mensaje: Header: tickets, Data: {tickets=[{correlative=9210, id=6ab3c34d27bb27508ccb2c30}]}
2026-09-23 07:17:17 [SocketService] [RECIBIDO]| #97 | SID:209 | 32B | tickets [DATA]: {tickets=[{correlative=9210, id=6ab3c34d27bb27508ccb2c30}]}
2026-09-23 07:17:17 [SocketService] [ENVIADO] | [NUEVO] (43B) [KEY]: tickets [DATA]: {tickets=[{fare=3, correlative=9210, session=35417, busstop_end=7, inspector=null, vehicle=15, number=692, route=1, driver=131, price=300.0, time=2026-09-23T07:17:17.027875, busstop_start=6, day=2026-09-23, payment_method=1, card=null}]}
2026-09-23 07:15:28 [ParaderoManager] Paradero más cercano: Paradero(id=7, lado=false, ruta=Ruta(id=1, codigo=1493, inicio=null, activo=false), activo=true, nombre=PTE NUEVO, orden=7, latitud=-12.028358522299403, liquidar=false, longitud=-77.000972208432, radio=50.0, velocidad=50.0, terminal=false, audio=PTE NUEVO)
2026-09-23 07:15:14 [SocketMessageDispatcher] Mensaje: Header: backward_datero, Data: {pad=132, geofence=15, delta=11, orden=0, id=259855747}
2026-09-23 07:15:14 [SocketService] [RECIBIDO]| #95 | SID:209 | 18B | backward_datero [DATA]: {pad=132, geofence=15, delta=11, orden=0, id=259855747}
2026-09-23 07:15:05 [SocketMessageDispatcher] Mensaje: Header: report, Data: {positions=1}
2026-09-23 07:15:05 [SocketService] [RECIBIDO]| #94 | SID:209 | 3B | report [DATA]: {positions=1}
2026-09-23 07:15:04 [SocketService] [ENVIADO] | [NUEVO] (36B) [KEY]: report [DATA]: {trip=39119, route=1, positions=[{lng=-77.0014043, busstop=0, angle=182, accuracy=12, time=2026-09-23T07:15:04.859439, lat=-12.0204837, speed=6, mark=0}], state=R, sales=0, events=[], direction=false}
2026-09-23 07:15:04 [PositionRepository] 📤 Enviando 1 (batch=40, pendientes=1)
2026-09-23 07:15:04 [LocationTrackingService] GPS desactivado - Pulso cada 5 min acc:12.689m
2026-09-23 07:12:40 [SocketMessageDispatcher] Mensaje: Header: forward_datero, Data: {trip=39119, geofence=16, time=2026-09-23T07:12:37, dateros=[{delta=13, padron=124}, {delta=23, padron=128}, {delta=10, padron=107}, {delta=9, padron=146}, {delta=25, padron=131}]}
2026-09-23 07:12:40 [SocketMessageDispatcher] Mensaje: Header: mark, Data: {volada=14, trip=39119, geofence=16, id=1135721, state=M, timestamp=2026-09-23T07:12:37}
2026-09-23 07:12:40 [SocketService] [RECIBIDO]| #93 | SID:209 | 32B | forward_datero [DATA]: {trip=39119, geofence=16, time=2026-09-23T07:12:37, dateros=[{delta=13, padron=124}, {delta=23, padron=128}, {delta=10, padron=107}, {delta=9, padron=146}, {delta=25, padron=131}]}
2026-09-23 07:12:40 [SocketService] [RECIBIDO]| #92 | SID:209 | 25B | mark [DATA]: {volada=14, trip=39119, geofence=16, id=1135721, state=M, timestamp=2026-09-23T07:12:37}
2026-09-23 07:12:29 [ProtectorVM] TEMP: 31.6C -> cap térmico 100%
2026-09-23 07:12:29 [ProtectorVM] temp: 31.6C
2026-09-23 07:11:58 [SocketMessageDispatcher] Mensaje: Header: backward_datero, Data: {pad=132, geofence=17, delta=11, orden=0, id=221980135}
2026-09-23 07:11:58 [SocketService] [RECIBIDO]| #91 | SID:209 | 18B | backward_datero [DATA]: {pad=132, geofence=17, delta=11, orden=0, id=221980135}
2026-09-23 07:10:02 [SocketMessageDispatcher] Mensaje: Header: report, Data: {positions=1}
2026-09-23 07:10:02 [SocketService] [RECIBIDO]| #89 | SID:209 | 3B | report [DATA]: {positions=1}
2026-09-23 07:10:01 [SocketService] [ENVIADO] | [NUEVO] (36B) [KEY]: report [DATA]: {trip=39119, route=1, positions=[{lng=-77.0005313, busstop=0, angle=0, accuracy=6, time=2026-09-23T07:10:01.875235, lat=-12.0173863, speed=0, mark=0}], state=R, sales=0, events=[], direction=false}
2026-09-23 07:10:01 [PositionRepository] 📤 Enviando 1 (batch=20, pendientes=1)
2026-09-23 07:10:01 [LocationTrackingService] GPS desactivado - Pulso cada 5 min acc:6.655m
2026-09-23 07:08:56 [SocketMessageDispatcher] Mensaje: Header: backward_datero, Data: {pad=132, geofence=14, delta=11, orden=0, id=5525323879}
2026-09-23 07:08:56 [SocketService] [RECIBIDO]| #88 | SID:209 | 19B | backward_datero [DATA]: {pad=132, geofence=14, delta=11, orden=0, id=5525323879}
2026-09-23 07:07:29 [ProtectorVM] TEMP: 31.1C -> cap térmico 100%
2026-09-23 07:07:29 [ProtectorVM] temp: 31.1C
2026-09-23 07:07:24 [SocketService] [RECIBIDO]| #87 | SID:209 | 19B | backward_datero [DATA]: {pad=132, geofence=13, delta=12, orden=0, id=4145914105}
2026-09-23 07:07:24 [SocketMessageDispatcher] Mensaje: Header: backward_datero, Data: {pad=132, geofence=12, delta=12, orden=0, id=184152127}
2026-09-23 07:07:24 [SocketMessageDispatcher] Mensaje: Header: backward_datero, Data: {pad=132, geofence=13, delta=12, orden=0, id=4145914105}
2026-09-23 07:07:24 [SocketService] [RECIBIDO]| #86 | SID:209 | 18B | backward_datero [DATA]: {pad=132, geofence=12, delta=12, orden=0, id=184152127}
2026-09-23 07:05:49 [ParaderoManager] Paradero más cercano: Paradero(id=13, lado=true, ruta=Ruta(id=1, codigo=1493, inicio=null, activo=false), activo=true, nombre=AV. 13 DE ENERO, orden=16, latitud=-12.016762577098174, liquidar=false, longitud=-76.99801341863497, radio=50.0, velocidad=50.0, terminal=false, audio=AV. 13 DE ENERO)
2026-09-23 07:05:28 [SocketService] [RECIBIDO]| #83 | SID:209 | 32B | tickets [DATA]: {tickets=[{correlative=9209, id=6ab3c08927bb27508ccb2340}]}
2026-09-23 07:05:28 [SocketMessageDispatcher] Mensaje: Header: tickets, Data: {tickets=[{correlative=9209, id=6ab3c08927bb27508ccb2340}]}
2026-09-23 07:05:28 [SocketService] [ENVIADO] | [NUEVO] (43B) [KEY]: tickets [DATA]: {tickets=[{fare=7, correlative=9209, session=35417, busstop_end=1, inspector=null, vehicle=15, number=1805, route=1, driver=131, price=100.0, time=2026-09-23T07:05:28.462382, busstop_start=6, day=2026-09-23, payment_method=1, card=null}]}
2026-09-23 07:04:59 [SocketMessageDispatcher] Mensaje: Header: report, Data: {positions=1}
2026-09-23 07:04:59 [SocketService] [RECIBIDO]| #81 | SID:209 | 3B | report [DATA]: {positions=1}
2026-09-23 07:04:58 [SocketService] [ENVIADO] | [NUEVO] (36B) [KEY]: report [DATA]: {trip=39119, route=1, positions=[{lng=-76.9986163, busstop=0, angle=240, accuracy=12, time=2026-09-23T07:04:58.856167, lat=-12.0113228, speed=17, mark=0}], state=R, sales=0, events=[], direction=false}
2026-09-23 07:04:58 [PositionRepository] 📤 Enviando 1 (batch=10, pendientes=1)
2026-09-23 07:04:58 [LocationTrackingService] GPS desactivado - Pulso cada 5 min acc:12.017m
2026-09-23 07:04:19 [DRIVERAUTO] VALIDATE AutoLogin: false - Paradero actual: Paradero(id=6, lado=false, ruta=Ruta(id=1, codigo=1493, inicio=null, activo=false), activo=true, nombre=AV. 13 DE ENERO, orden=6, latitud=-12.010963483894393, liquidar=false, longitud=-76.99762231581786, radio=50.0, velocidad=50.0, terminal=false, audio=AV. PRÓCERES)
2026-09-23 07:04:19 [DRIVERAUTO] La dirección de la sesión coincide con el lado del paradero actual
2026-09-23 07:04:19 [DRIVERAUTO] Primera sesión obtenida: SessionDriver(id=35417, driver_id=131, driver_code=ID131, activo=true, castigado=false, conductor=true, vencido=false, route=1, direction=false, start_time=2026-09-23T06:18:59, autoLogin=false)
2026-09-23 07:04:19 [ParaderoManager] Paradero actual: AV. 13 DE ENERO (id=6)
2026-09-23 07:04:08 [SocketMessageDispatcher] Mensaje: Header: forward_datero, Data: {trip=39119, geofence=15, time=2026-09-23T07:04:07, dateros=[{delta=14, padron=124}, {delta=20, padron=128}, {delta=10, padron=107}, {delta=9, padron=146}, {delta=25, padron=131}]}
2026-09-23 07:04:08 [SocketMessageDispatcher] Mensaje: Header: mark, Data: {volada=9, trip=39119, geofence=15, id=1135720, state=M, timestamp=2026-09-23T07:04:07}
2026-09-23 07:04:08 [SocketService] [RECIBIDO]| #80 | SID:209 | 32B | forward_datero [DATA]: {trip=39119, geofence=15, time=2026-09-23T07:04:07, dateros=[{delta=14, padron=124}, {delta=20, padron=128}, {delta=10, padron=107}, {delta=9, padron=146}, {delta=25, padron=131}]}
2026-09-23 07:04:08 [SocketService] [RECIBIDO]| #79 | SID:209 | 25B | mark [DATA]: {volada=9, trip=39119, geofence=15, id=1135720, state=M, timestamp=2026-09-23T07:04:07}
2026-09-23 07:03:58 [SocketMessageDispatcher] Mensaje: Header: tickets, Data: {tickets=[{correlative=9208, id=6ab3c02e27bb27508ccb2241}]}
2026-09-23 07:03:58 [SocketService] [RECIBIDO]| #75 | SID:209 | 32B | tickets [DATA]: {tickets=[{correlative=9208, id=6ab3c02e27bb27508ccb2241}]}
2026-09-23 07:03:58 [SocketService] [ENVIADO] | [NUEVO] (43B) [KEY]: tickets [DATA]: {tickets=[{fare=7, correlative=9208, session=35417, busstop_end=1, inspector=null, vehicle=15, number=1804, route=1, driver=131, price=100.0, time=2026-09-23T07:03:58.074806, busstop_start=5, day=2026-09-23, payment_method=1, card=null}]}
2026-09-23 07:03:51 [SocketMessageDispatcher] Mensaje: Header: tickets, Data: {tickets=[{correlative=9207, id=6ab3c02727bb27508ccb2234}]}
2026-09-23 07:03:51 [SocketService] [RECIBIDO]| #72 | SID:209 | 32B | tickets [DATA]: {tickets=[{correlative=9207, id=6ab3c02727bb27508ccb2234}]}
2026-09-23 07:03:51 [SocketService] [ENVIADO] | [NUEVO] (43B) [KEY]: tickets [DATA]: {tickets=[{fare=7, correlative=9207, session=35417, busstop_end=1, inspector=null, vehicle=15, number=1803, route=1, driver=131, price=100.0, time=2026-09-23T07:03:51.112933, busstop_start=5, day=2026-09-23, payment_method=1, card=null}]}
2026-09-23 07:03:47 [SocketService] [RECIBIDO]| #69 | SID:209 | 32B | tickets [DATA]: {tickets=[{correlative=9206, id=6ab3c02327bb27508ccb2222}]}
2026-09-23 07:03:47 [SocketMessageDispatcher] Mensaje: Header: tickets, Data: {tickets=[{correlative=9206, id=6ab3c02327bb27508ccb2222}]}
2026-09-23 07:03:46 [SocketService] [ENVIADO] | [NUEVO] (43B) [KEY]: tickets [DATA]: {tickets=[{fare=7, correlative=9206, session=35417, busstop_end=1, inspector=null, vehicle=15, number=1802, route=1, driver=131, price=100.0, time=2026-09-23T07:03:46.582369, busstop_start=5, day=2026-09-23, payment_method=1, card=null}]}
2026-09-23 07:03:41 [SocketMessageDispatcher] Mensaje: Header: tickets, Data: {tickets=[{correlative=9205, id=6ab3c01d27bb27508ccb220f}]}
2026-09-23 07:03:41 [SocketService] [RECIBIDO]| #64 | SID:209 | 32B | tickets [DATA]: {tickets=[{correlative=9205, id=6ab3c01d27bb27508ccb220f}]}
2026-09-23 07:03:41 [SocketService] [ENVIADO] | [NUEVO] (43B) [KEY]: tickets [DATA]: {tickets=[{fare=7, correlative=9205, session=35417, busstop_end=1, inspector=null, vehicle=15, number=1801, route=1, driver=131, price=100.0, time=2026-09-23T07:03:41.064999, busstop_start=5, day=2026-09-23, payment_method=1, card=null}]}
2026-09-23 07:03:17 [SocketMessageDispatcher] Mensaje: Header: tickets, Data: {tickets=[{correlative=9204, id=6ab3c00527bb27508ccb21c0}]}
2026-09-23 07:03:17 [SocketService] [RECIBIDO]| #60 | SID:209 | 32B | tickets [DATA]: {tickets=[{correlative=9204, id=6ab3c00527bb27508ccb21c0}]}
2026-09-23 07:03:17 [SocketService] [ENVIADO] | [NUEVO] (43B) [KEY]: tickets [DATA]: {tickets=[{fare=7, correlative=9204, session=35417, busstop_end=1, inspector=null, vehicle=15, number=1800, route=1, driver=131, price=100.0, time=2026-09-23T07:03:17.187289, busstop_start=5, day=2026-09-23, payment_method=1, card=null}]}
2026-09-23 07:02:29 [ProtectorVM] TEMP: 30.8C -> cap térmico 100%
2026-09-23 07:02:29 [ProtectorVM] temp: 30.8C
2026-09-23 07:02:27 [SocketMessageDispatcher] Mensaje: Header: tickets, Data: {tickets=[{correlative=9203, id=6ab3bfd327bb27508ccb2119}]}
2026-09-23 07:02:27 [SocketService] [RECIBIDO]| #56 | SID:209 | 32B | tickets [DATA]: {tickets=[{correlative=9203, id=6ab3bfd327bb27508ccb2119}]}
2026-09-23 07:02:26 [SocketService] [ENVIADO] | [NUEVO] (43B) [KEY]: tickets [DATA]: {tickets=[{fare=7, correlative=9203, session=35417, busstop_end=1, inspector=null, vehicle=15, number=1799, route=1, driver=131, price=100.0, time=2026-09-23T07:02:26.792125, busstop_start=5, day=2026-09-23, payment_method=1, card=null}]}
2026-09-23 07:02:21 [SocketMessageDispatcher] Mensaje: Header: tickets, Data: {tickets=[{correlative=9202, id=6ab3bfcd27bb27508ccb210a}]}
2026-09-23 07:02:21 [SocketService] [RECIBIDO]| #52 | SID:209 | 32B | tickets [DATA]: {tickets=[{correlative=9202, id=6ab3bfcd27bb27508ccb210a}]}
2026-09-23 07:02:20 [SocketService] [ENVIADO] | [NUEVO] (43B) [KEY]: tickets [DATA]: {tickets=[{fare=6, correlative=9202, session=35417, busstop_end=null, inspector=null, vehicle=15, number=1301, route=1, driver=131, price=150.0, time=2026-09-23T07:02:20.813045, busstop_start=5, day=2026-09-23, payment_method=1, card=null}]}
2026-09-23 07:02:18 [SocketMessageDispatcher] Mensaje: Header: tickets, Data: {tickets=[{correlative=9201, id=6ab3bfca27bb27508ccb20fa}]}
2026-09-23 07:02:18 [SocketService] [RECIBIDO]| #48 | SID:209 | 32B | tickets [DATA]: {tickets=[{correlative=9201, id=6ab3bfca27bb27508ccb20fa}]}
2026-09-23 07:02:18 [SocketService] [ENVIADO] | [NUEVO] (43B) [KEY]: tickets [DATA]: {tickets=[{fare=7, correlative=9201, session=35417, busstop_end=1, inspector=null, vehicle=15, number=1798, route=1, driver=131, price=100.0, time=2026-09-23T07:02:18.108210, busstop_start=5, day=2026-09-23, payment_method=1, card=null}]}
2026-09-23 07:02:15 [SocketMessageDispatcher] Mensaje: Header: tickets, Data: {tickets=[{correlative=9200, id=6ab3bfc727bb27508ccb20f1}]}
2026-09-23 07:02:15 [SocketService] [RECIBIDO]| #45 | SID:209 | 32B | tickets [DATA]: {tickets=[{correlative=9200, id=6ab3bfc727bb27508ccb20f1}]}
2026-09-23 07:02:14 [SocketService] [ENVIADO] | [NUEVO] (43B) [KEY]: tickets [DATA]: {tickets=[{fare=6, correlative=9200, session=35417, busstop_end=null, inspector=null, vehicle=15, number=1300, route=1, driver=131, price=150.0, time=2026-09-23T07:02:14.835133, busstop_start=5, day=2026-09-23, payment_method=1, card=null}]}
2026-09-23 07:01:48 [SocketMessageDispatcher] Mensaje: Header: backward_datero, Data: {pad=132, geofence=11, delta=11, orden=0, id=6518251598}
2026-09-23 07:01:48 [SocketService] [RECIBIDO]| #44 | SID:209 | 19B | backward_datero [DATA]: {pad=132, geofence=11, delta=11, orden=0, id=6518251598}
2026-09-23 07:01:43 [SocketMessageDispatcher] Mensaje: Header: tickets, Data: {tickets=[{correlative=9199, id=6ab3bfa727bb27508ccb208d}]}
2026-09-23 07:01:43 [SocketService] [RECIBIDO]| #40 | SID:209 | 32B | tickets [DATA]: {tickets=[{correlative=9199, id=6ab3bfa727bb27508ccb208d}]}
2026-09-23 07:01:42 [SocketService] [ENVIADO] | [NUEVO] (43B) [KEY]: tickets [DATA]: {tickets=[{fare=6, correlative=9199, session=35417, busstop_end=null, inspector=null, vehicle=15, number=1299, route=1, driver=131, price=150.0, time=2026-09-23T07:01:42.881901, busstop_start=5, day=2026-09-23, payment_method=1, card=null}]}
2026-09-23 07:01:33 [SocketMessageDispatcher] Mensaje: Header: tickets, Data: {tickets=[{correlative=9198, id=6ab3bf9d27bb27508ccb2063}]}
2026-09-23 07:01:33 [SocketService] [RECIBIDO]| #36 | SID:209 | 32B | tickets [DATA]: {tickets=[{correlative=9198, id=6ab3bf9d27bb27508ccb2063}]}
2026-09-23 07:01:33 [SocketService] [ENVIADO] | [NUEVO] (43B) [KEY]: tickets [DATA]: {tickets=[{fare=7, correlative=9198, session=35417, busstop_end=1, inspector=null, vehicle=15, number=1797, route=1, driver=131, price=100.0, time=2026-09-23T07:01:33.411370, busstop_start=5, day=2026-09-23, payment_method=1, card=null}]}
2026-09-23 07:01:26 [SocketMessageDispatcher] Mensaje: Header: tickets, Data: {tickets=[{correlative=9197, id=6ab3bf9627bb27508ccb204c}]}
2026-09-23 07:01:26 [SocketService] [RECIBIDO]| #32 | SID:209 | 32B | tickets [DATA]: {tickets=[{correlative=9197, id=6ab3bf9627bb27508ccb204c}]}
2026-09-23 07:01:26 [SocketService] [ENVIADO] | [NUEVO] (43B) [KEY]: tickets [DATA]: {tickets=[{fare=6, correlative=9197, session=35417, busstop_end=null, inspector=null, vehicle=15, number=1298, route=1, driver=131, price=150.0, time=2026-09-23T07:01:26.083227, busstop_start=5, day=2026-09-23, payment_method=1, card=null}]}
2026-09-23 07:00:41 [SocketMessageDispatcher] Mensaje: Header: forward_datero, Data: {trip=39119, geofence=17, time=2026-09-23T07:00:40, dateros=[{delta=12, padron=124}, {delta=20, padron=128}, {delta=10, padron=107}, {delta=9, padron=146}, {delta=12, padron=131}]}
2026-09-23 07:00:41 [SocketMessageDispatcher] Mensaje: Header: mark, Data: {volada=7, trip=39119, geofence=17, id=1135719, state=M, timestamp=2026-09-23T07:00:40}
2026-09-23 07:00:41 [SocketService] [RECIBIDO]| #31 | SID:209 | 32B | forward_datero [DATA]: {trip=39119, geofence=17, time=2026-09-23T07:00:40, dateros=[{delta=12, padron=124}, {delta=20, padron=128}, {delta=10, padron=107}, {delta=9, padron=146}, {delta=12, padron=131}]}
2026-09-23 07:00:41 [SocketService] [RECIBIDO]| #30 | SID:209 | 25B | mark [DATA]: {volada=7, trip=39119, geofence=17, id=1135719, state=M, timestamp=2026-09-23T07:00:40}
2026-09-23 06:59:56 [SocketMessageDispatcher] Mensaje: Header: report, Data: {positions=1}
2026-09-23 06:59:56 [SocketService] [RECIBIDO]| #29 | SID:209 | 3B | report [DATA]: {positions=1}
2026-09-23 06:59:55 [SocketService] [ENVIADO] | [NUEVO] (36B) [KEY]: report [DATA]: {trip=39119, route=1, positions=[{lng=-76.9992689, busstop=0, angle=159, accuracy=9, time=2026-09-23T06:59:55.860613, lat=-12.0022882, speed=21, mark=0}], state=R, sales=0, events=[], direction=false}
2026-09-23 06:59:55 [PositionRepository] 📤 Enviando 1 (batch=5, pendientes=1)
2026-09-23 06:59:55 [LocationTrackingService] GPS desactivado - Pulso cada 5 min acc:9.02m
2026-09-23 06:58:04 [ParaderoManager] Paradero más cercano: Paradero(id=6, lado=false, ruta=Ruta(id=1, codigo=1493, inicio=null, activo=false), activo=true, nombre=AV. 13 DE ENERO, orden=6, latitud=-12.010963483894393, liquidar=false, longitud=-76.99762231581786, radio=50.0, velocidad=50.0, terminal=false, audio=AV. PRÓCERES)
2026-09-23 06:57:55 [SocketMessageDispatcher] Mensaje: Header: tickets, Data: {tickets=[{correlative=9196, id=6ab3bec327bb27508ccb1d9c}]}
2026-09-23 06:57:55 [SocketService] [RECIBIDO]| #25 | SID:209 | 32B | tickets [DATA]: {tickets=[{correlative=9196, id=6ab3bec327bb27508ccb1d9c}]}
2026-09-23 06:57:54 [SocketService] [ENVIADO] | [NUEVO] (43B) [KEY]: tickets [DATA]: {tickets=[{fare=6, correlative=9196, session=35417, busstop_end=null, inspector=null, vehicle=15, number=1297, route=1, driver=131, price=150.0, time=2026-09-23T06:57:54.793049, busstop_start=5, day=2026-09-23, payment_method=1, card=null}]}
2026-09-23 06:57:43 [SocketMessageDispatcher] Mensaje: Header: tickets, Data: {tickets=[{correlative=9195, id=6ab3beb727bb27508ccb1d7b}]}
2026-09-23 06:57:43 [SocketService] [RECIBIDO]| #21 | SID:209 | 32B | tickets [DATA]: {tickets=[{correlative=9195, id=6ab3beb727bb27508ccb1d7b}]}
2026-09-23 06:57:42 [SocketService] [ENVIADO] | [NUEVO] (43B) [KEY]: tickets [DATA]: {tickets=[{fare=5, correlative=9195, session=35417, busstop_end=5, inspector=null, vehicle=15, number=1400, route=1, driver=131, price=200.0, time=2026-09-23T06:57:42.680837, busstop_start=5, day=2026-09-23, payment_method=1, card=null}]}
2026-09-23 06:57:29 [ProtectorVM] temp: 29.9C
2026-09-23 06:57:29 [ProtectorVM] TEMP: 29.9C -> cap térmico 100%
2026-09-23 06:57:02 [SocketMessageDispatcher] Mensaje: Header: forward_datero, Data: {trip=39119, geofence=14, time=2026-09-23T06:57, dateros=[{delta=13, padron=124}, {delta=17, padron=128}, {delta=10, padron=107}, {delta=9, padron=146}, {delta=12, padron=131}]}
2026-09-23 06:57:02 [SocketService] [RECIBIDO]| #20 | SID:209 | 32B | forward_datero [DATA]: {trip=39119, geofence=14, time=2026-09-23T06:57, dateros=[{delta=13, padron=124}, {delta=17, padron=128}, {delta=10, padron=107}, {delta=9, padron=146}, {delta=12, padron=131}]}
2026-09-23 06:57:02 [SocketMessageDispatcher] Mensaje: Header: mark, Data: {volada=6, trip=39119, geofence=14, id=1135718, state=M, timestamp=2026-09-23T06:57}
2026-09-23 06:57:02 [SocketService] [RECIBIDO]| #19 | SID:209 | 25B | mark [DATA]: {volada=6, trip=39119, geofence=14, id=1135718, state=M, timestamp=2026-09-23T06:57}
2026-09-23 06:56:23 [SocketMessageDispatcher] Mensaje: Header: tickets, Data: {tickets=[{correlative=9194, id=6ab3be6727bb27508ccb1caf}]}
2026-09-23 06:56:23 [SocketService] [RECIBIDO]| #15 | SID:209 | 32B | tickets [DATA]: {tickets=[{correlative=9194, id=6ab3be6727bb27508ccb1caf}]}
2026-09-23 06:56:22 [SocketService] [ENVIADO] | [NUEVO] (43B) [KEY]: tickets [DATA]: {tickets=[{fare=7, correlative=9194, session=35417, busstop_end=1, inspector=null, vehicle=15, number=1796, route=1, driver=131, price=100.0, time=2026-09-23T06:56:22.637917, busstop_start=5, day=2026-09-23, payment_method=1, card=null}]}
2026-09-23 06:56:13 [SocketMessageDispatcher] Mensaje: Header: tickets, Data: {tickets=[{correlative=9193, id=6ab3be5d27bb27508ccb1c94}]}
2026-09-23 06:56:13 [SocketService] [RECIBIDO]| #11 | SID:209 | 32B | tickets [DATA]: {tickets=[{correlative=9193, id=6ab3be5d27bb27508ccb1c94}]}
2026-09-23 06:56:13 [SocketService] [ENVIADO] | [NUEVO] (43B) [KEY]: tickets [DATA]: {tickets=[{fare=7, correlative=9193, session=35417, busstop_end=1, inspector=null, vehicle=15, number=1795, route=1, driver=131, price=100.0, time=2026-09-23T06:56:13.303516, busstop_start=5, day=2026-09-23, payment_method=1, card=null}]}
2026-09-23 06:55:02 [SocketMessageDispatcher] Mensaje: Header: backward_datero, Data: {pad=132, geofence=10, delta=13, orden=0, id=9407135454}
2026-09-23 06:55:02 [SocketService] [RECIBIDO]| #10 | SID:209 | 19B | backward_datero [DATA]: {pad=132, geofence=10, delta=13, orden=0, id=9407135454}
2026-09-23 06:54:53 [SocketMessageDispatcher] Mensaje: Header: report, Data: {positions=1}
2026-09-23 06:54:53 [SocketService] [RECIBIDO]| #9 | SID:209 | 3B | report [DATA]: {positions=1}
2026-09-23 06:54:52 [SocketService] [ENVIADO] | [NUEVO] (36B) [KEY]: report [DATA]: {trip=39119, route=1, positions=[{lng=-77.0007964, busstop=0, angle=187, accuracy=3, time=2026-09-23T06:54:52.861874, lat=-11.9927222, speed=15, mark=0}], state=R, sales=0, events=[], direction=false}
2026-09-23 06:54:52 [PositionRepository] 📤 Enviando 1 (batch=2, pendientes=1)
2026-09-23 06:54:52 [LocationTrackingService] GPS desactivado - Pulso cada 5 min acc:3.883m
2026-09-23 06:54:35 [SocketMessageDispatcher] Mensaje: Header: forward_datero, Data: {trip=39119, geofence=13, time=2026-09-23T06:54:30, dateros=[{delta=12, padron=124}, {delta=17, padron=128}, {delta=10, padron=107}, {delta=9, padron=146}, {delta=12, padron=131}]}
2026-09-23 06:54:35 [SocketMessageDispatcher] Mensaje: Header: mark, Data: {volada=5, trip=39119, geofence=13, id=1135717, state=M, timestamp=2026-09-23T06:54:30}
2026-09-23 06:54:35 [SocketMessageDispatcher] Mensaje: Header: forward_datero, Data: {trip=39119, geofence=12, time=2026-09-23T06:53:18, dateros=[{delta=13, padron=124}, {delta=17, padron=128}, {delta=10, padron=107}, {delta=9, padron=146}, {delta=12, padron=131}]}
2026-09-23 06:54:35 [SocketService] [RECIBIDO]| #8 | SID:209 | 32B | forward_datero [DATA]: {trip=39119, geofence=13, time=2026-09-23T06:54:30, dateros=[{delta=12, padron=124}, {delta=17, padron=128}, {delta=10, padron=107}, {delta=9, padron=146}, {delta=12, padron=131}]}
2026-09-23 06:54:35 [SocketService] [RECIBIDO]| #7 | SID:209 | 25B | mark [DATA]: {volada=5, trip=39119, geofence=13, id=1135717, state=M, timestamp=2026-09-23T06:54:30}
2026-09-23 06:54:35 [SocketService] [RECIBIDO]| #6 | SID:209 | 32B | forward_datero [DATA]: {trip=39119, geofence=12, time=2026-09-23T06:53:18, dateros=[{delta=13, padron=124}, {delta=17, padron=128}, {delta=10, padron=107}, {delta=9, padron=146}, {delta=12, padron=131}]}
2026-09-23 06:54:35 [SocketMessageDispatcher] Mensaje: Header: mark, Data: {volada=8, trip=39119, geofence=12, id=1135716, state=M, timestamp=2026-09-23T06:53:18}
2026-09-23 06:54:35 [SocketService] [RECIBIDO]| #5 | SID:209 | 25B | mark [DATA]: {volada=8, trip=39119, geofence=12, id=1135716, state=M, timestamp=2026-09-23T06:53:18}
2026-09-23 06:53:36 [SocketMessageDispatcher] Mensaje: Header: backward_datero_hide, Data: {pad=132, geofence=9, delta=11, orden=0, id=2110771339}
2026-09-23 06:53:36 [SocketMessageDispatcher] Mensaje: Header: forward_datero_hide, Data: {trip=39119, geofence=11, time=2026-09-23T06:50:37, dateros=[{delta=12, padron=124}, {delta=18, padron=128}, {delta=9, padron=107}, {delta=9, padron=146}, {delta=12, padron=131}]}
2026-09-23 06:53:36 [SocketMessageDispatcher] Mensaje: Header: salida, Data: {lado=false, estado=R, frecuencia=10, ruta=1, geocerca=11, controles=[{volada=0, tiempo=0, geocerca=1}, {volada=0, tiempo=4, geocerca=5}, {volada=0, tiempo=3, geocerca=6}, {volada=-2, tiempo=2, geocerca=7}, {volada=-1, tiempo=2, geocerca=8}, {volada=5, tiempo=2, geocerca=9}, {volada=3, tiempo=3, geocerca=10}, {volada=9, tiempo=2, geocerca=11}, {volada=0, tiempo=4, geocerca=12}, {volada=0, tiempo=4, geocerca=13}, {volada=0, tiempo=2, geocerca=14}, {volada=0, tiempo=2, geocerca=17}, {volada=0, tiempo=2, geocerca=15}, {volada=0, tiempo=3, geocerca=16}, {volada=0, tiempo=3, geocerca=18}, {volada=0, tiempo=5, geocerca=19}, {volada=0, tiempo=5, geocerca=20}, {volada=0, tiempo=4, geocerca=21}, {volada=0, tiempo=4, geocerca=2}, {volada=0, tiempo=0, geocerca=39}, {volada=0, tiempo=0, geocerca=40}, {volada=0, tiempo=0, geocerca=41}, {volada=0, tiempo=0, geocerca=42}, {volada=0, tiempo=0, geocerca=43}, {volada=0, tiempo=0, geocerca=44}, {volada=0, tiempo=0, geocerca=45}, {volada=0, tiempo=7, geocerca=46}, {volada=0, tiempo=10, geocerca=47}, {volada=0, tiempo=9, geocerca=48}, {volada=0, tiempo=8, geocerca=49}, {volada=0, tiempo=12, geocerca=70}, {volada=0, tiempo=12, geocerca=50}, {volada=0, tiempo=6, geocerca=71}, {volada=0, tiempo=6, geocerca=51}, {volada=0, tiempo=10, geocerca=72}, {volada=0, tiempo=5, geocerca=52}, {volada=0, tiempo=0, geocerca=164}], inicio=2026-09-23T06:23, marcados=[false, false, false, true, true, true, true, true, false, false, false, false, false, false, false, false, false, false, false, false, false, false, false, false, false, false, false, false, false, false, false, false, false, false, false, false, false], id=39119, conductor=131}
2026-09-23 06:53:36 [SocketService] [RECIBIDO]| #4 | SID:209 | 20B | backward_datero_hide [DATA]: {pad=132, geofence=9, delta=11, orden=0, id=2110771339}
2026-09-23 06:53:36 [SocketService] [RECIBIDO]| #3 | SID:209 | 31B | forward_datero_hide [DATA]: {trip=39119, geofence=11, time=2026-09-23T06:50:37, dateros=[{delta=12, padron=124}, {delta=18, padron=128}, {delta=9, padron=107}, {delta=9, padron=146}, {delta=12, padron=131}]}
2026-09-23 06:53:36 [SocketService] [RECIBIDO]| #2 | SID:209 | 251B | salida [DATA]: {lado=false, estado=R, frecuencia=10, ruta=1, geocerca=11, controles=[{volada=0, tiempo=0, geocerca=1}, {volada=0, tiempo=4, geocerca=5}, {volada=0, tiempo=3, geocerca=6}, {volada=-2, tiempo=2, geocerca=7}, {volada=-1, tiempo=2, geocerca=8}, {volada=5, tiempo=2, geocerca=9}, {volada=3, tiempo=3, geocerca=10}, {volada=9, tiempo=2, geocerca=11}, {volada=0, tiempo=4, geocerca=12}, {volada=0, tiempo=4, geocerca=13}, {volada=0, tiempo=2, geocerca=14}, {volada=0, tiempo=2, geocerca=17}, {volada=0, tiempo=2, geocerca=15}, {volada=0, tiempo=3, geocerca=16}, {volada=0, tiempo=3, geocerca=18}, {volada=0, tiempo=5, geocerca=19}, {volada=0, tiempo=5, geocerca=20}, {volada=0, tiempo=4, geocerca=21}, {volada=0, tiempo=4, geocerca=2}, {volada=0, tiempo=0, geocerca=39}, {volada=0, tiempo=0, geocerca=40}, {volada=0, tiempo=0, geocerca=41}, {volada=0, tiempo=0, geocerca=42}, {volada=0, tiempo=0, geocerca=43}, {volada=0, tiempo=0, geocerca=44}, {volada=0, tiempo=0, geocerca=45}, {volada=0, tiempo=7, geocerca=46}, {volada=0, tiempo=10, geocerca=47}, {volada=0, tiempo=9, geocerca=48}, {volada=0, tiempo=8, geocerca=49}, {volada=0, tiempo=12, geocerca=70}, {volada=0, tiempo=12, geocerca=50}, {volada=0, tiempo=6, geocerca=71}, {volada=0, tiempo=6, geocerca=51}, {volada=0, tiempo=10, geocerca=72}, {volada=0, tiempo=5, geocerca=52}, {volada=0, tiempo=0, geocerca=164}], inicio=2026-09-23T06:23, marcados=[false, false, false, true, true, true, true, true, false, false, false, false, false, false, false, false, false, false, false, false, false, false, false, false, false, false, false, false, false, false, false, false, false, false, false, false, false], id=39119, conductor=131}
2026-09-23 06:53:35 [SocketService] [ENVIADO] | [NUEVO] (3B) [KEY]: backward_datero [DATA]: {id=0}
2026-09-23 06:53:35 [SocketService] [ENVIADO] | [NUEVO] (4B) [KEY]: forward_datero [DATA]: {id=0}
2026-09-23 06:53:35 [SocketService] [ENVIADO] | [NUEVO] (7B) [KEY]: salida [DATA]: {limit=0, salida=39119}
2026-09-23 06:53:35 [SocketMessageDispatcher] ✅ Login confirmado por servidor (sesión OK)
2026-09-23 06:53:35 [SocketMessageDispatcher] Mensaje: Header: login, Data: {voice=true, orientation=false, contactless=false, data=2026-09-23T06:53:35, ticket=true, geofence=11, gps=false, schedule=06:33, ads=false, route=1, trip=39119, driver=null, calls=true, padron=124, id=15, state=R, map=false, placa=BCG906, direction=false, order=1}
2026-09-23 06:53:35 [SocketService] [RECIBIDO]| #1 | SID:209 | 35B | login [DATA]: {voice=true, orientation=false, contactless=false, data=2026-09-23T06:53:35, ticket=true, geofence=11, gps=false, schedule=06:33, ads=false, route=1, trip=39119, driver=null, calls=true, padron=124, id=15, state=R, map=false, placa=BCG906, direction=false, order=1}
2026-09-23 06:53:35 [SocketService] 🔒 WakeLock + WifiLock adquiridos
2026-09-23 06:53:35 [SocketService] [ENVIADO] | [NUEVO] (18B) [KEY]: login [DATA]: {serial=864255060447047}
2026-09-23 06:53:35 [SocketService] 🔑 Enviando login handshake (864255060447047)
2026-09-23 06:53:35 [SocketService] ✅ CONECTADO [ID: 209] en 64263504ms - Code: 101
2026-09-23 06:53:34 [SocketService] 🔄 Conectando [ID: 209] a ws://34.71.11.201:22222?schema=android&gps=true&console=true&version=2
2026-09-23 06:53:34 [SocketService] ✅ Recursos completamente limpiados
2026-09-23 06:53:34 [SocketService] 🧹 Limpiando recursos [ID: 209]
2026-09-23 06:53:34 [SocketService] 🔄 EJECUTANDO reconexión #4
2026-09-23 06:53:26 [SocketService] 🔄 Reconexión #4 en 8526ms
2026-09-23 06:53:26 [ERROR-SocketService] ❌ [onFailure] [ID: 209]: Failed to connect to /34.71.11.201:22222
2026-09-23 06:53:26 [SocketService] 🔄 Conectando [ID: 209] a ws://34.71.11.201:22222?schema=android&gps=true&console=true&version=2
2026-09-23 06:53:26 [SocketService] ✅ Recursos completamente limpiados
2026-09-23 06:53:26 [SocketService] 🧹 Limpiando recursos [ID: 209]
2026-09-23 06:53:26 [SocketService] 🔄 EJECUTANDO reconexión #3
2026-09-23 06:53:21 [SocketService] 🔄 Reconexión #3 en 5126ms
2026-09-23 06:53:21 [ERROR-SocketService] ❌ [onFailure] [ID: 209]: Failed to connect to /34.71.11.201:22222
2026-09-23 06:53:21 [SocketService] 🔄 Conectando [ID: 209] a ws://34.71.11.201:22222?schema=android&gps=true&console=true&version=2
2026-09-23 06:53:21 [SocketService] ✅ Recursos completamente limpiados
2026-09-23 06:53:21 [SocketService] 🧹 Limpiando recursos [ID: 209]
2026-09-23 06:53:21 [SocketService] 🔄 EJECUTANDO reconexión #2
2026-09-23 06:53:18 [SocketService] 🔄 Reconexión #2 en 2009ms
2026-09-23 06:53:18 [ERROR-SocketService] ❌ [onFailure] [ID: 209]: Failed to connect to /34.71.11.201:22222
2026-09-23 06:53:18 [SocketService] 🔄 Conectando [ID: 209] a ws://34.71.11.201:22222?schema=android&gps=true&console=true&version=2
2026-09-23 06:53:18 [SocketService] ✅ Recursos completamente limpiados
2026-09-23 06:53:18 [SocketService] 🧹 Limpiando recursos [ID: 209]
2026-09-23 06:53:18 [SocketService] 🔄 EJECUTANDO reconexión #1
2026-09-23 06:53:17 [SocketService] 🔄 Reconexión #1 en 1766ms
2026-09-23 06:53:17 [GpsViewModel] No hay conexión. Se omite procesamiento.
2026-09-23 06:53:17 [ERROR-SocketService] ❌ [onFailure] [ID: 209]: Software caused connection abort
2026-09-23 06:53:13 [ParaderoManager] Paradero más cercano: Paradero(id=14, lado=true, ruta=Ruta(id=1, codigo=1493, inicio=null, activo=false), activo=true, nombre=AV. EL SOL, orden=17, latitud=-11.989355684723067, liquidar=false, longitud=-76.99874520524043, radio=50.0, velocidad=50.0, terminal=false, audio=AV. EL SOL)
2026-09-23 06:52:37 [DRIVERAUTO] VALIDATE AutoLogin: false - Paradero actual: Paradero(id=5, lado=false, ruta=Ruta(id=1, codigo=1493, inicio=null, activo=false), activo=true, nombre=AV. EL SOL, orden=5, latitud=-11.989396000987927, liquidar=false, longitud=-76.99663506677095, radio=50.0, velocidad=50.0, terminal=false, audio=AV. EL SOL)
2026-09-23 06:52:37 [DRIVERAUTO] La dirección de la sesión coincide con el lado del paradero actual
2026-09-23 06:52:37 [DRIVERAUTO] Primera sesión obtenida: SessionDriver(id=35417, driver_id=131, driver_code=ID131, activo=true, castigado=false, conductor=true, vencido=false, route=1, direction=false, start_time=2026-09-23T06:18:59, autoLogin=false)
2026-09-23 06:52:37 [ParaderoManager] Paradero actual: AV. EL SOL (id=5)
2026-09-23 06:52:34 [ParaderoManager] Paradero más cercano: Paradero(id=5, lado=false, ruta=Ruta(id=1, codigo=1493, inicio=null, activo=false), activo=true, nombre=AV. EL SOL, orden=5, latitud=-11.989396000987927, liquidar=false, longitud=-76.99663506677095, radio=50.0, velocidad=50.0, terminal=false, audio=AV. EL SOL)
2026-09-23 06:52:29 [ProtectorVM] TEMP: 29.4C -> cap térmico 100%
2026-09-23 06:52:29 [ProtectorVM] temp: 29.4C
2026-09-23 06:52:05 [SocketMessageDispatcher] Mensaje: Header: tickets, Data: {tickets=[{correlative=9192, id=6ab3bd6627bb27508ccb19bb}]}
2026-09-23 06:52:05 [SocketService] [RECIBIDO]| #92 | SID:209 | 32B | tickets [DATA]: {tickets=[{correlative=9192, id=6ab3bd6627bb27508ccb19bb}]}
2026-09-23 06:52:05 [SocketService] [ENVIADO] | [NUEVO] (43B) [KEY]: tickets [DATA]: {tickets=[{fare=3, correlative=9192, session=35417, busstop_end=7, inspector=null, vehicle=15, number=691, route=1, driver=131, price=300.0, time=2026-09-23T06:52:05.600664, busstop_start=4, day=2026-09-23, payment_method=1, card=null}]}
2026-09-23 06:52:04 [SocketMessageDispatcher] Mensaje: Header: backward_datero, Data: {pad=132, geofence=9, delta=11, orden=0, id=2110771339}
2026-09-23 06:52:04 [SocketService] [RECIBIDO]| #91 | SID:209 | 19B | backward_datero [DATA]: {pad=132, geofence=9, delta=11, orden=0, id=2110771339}
2026-09-23 06:50:38 [SocketMessageDispatcher] Mensaje: Header: forward_datero, Data: {trip=39119, geofence=11, time=2026-09-23T06:50:37, dateros=[{delta=12, padron=124}, {delta=18, padron=128}, {delta=9, padron=107}, {delta=9, padron=146}, {delta=12, padron=131}]}
2026-09-23 06:50:38 [SocketService] [RECIBIDO]| #90 | SID:209 | 32B | forward_datero [DATA]: {trip=39119, geofence=11, time=2026-09-23T06:50:37, dateros=[{delta=12, padron=124}, {delta=18, padron=128}, {delta=9, padron=107}, {delta=9, padron=146}, {delta=12, padron=131}]}
2026-09-23 06:50:38 [SocketMessageDispatcher] Mensaje: Header: mark, Data: {volada=9, trip=39119, geofence=11, id=1135715, state=M, timestamp=2026-09-23T06:50:37}
2026-09-23 06:50:38 [SocketService] [RECIBIDO]| #89 | SID:209 | 25B | mark [DATA]: {volada=9, trip=39119, geofence=11, id=1135715, state=M, timestamp=2026-09-23T06:50:37}
2026-09-23 06:50:11 [SocketMessageDispatcher] Mensaje: Header: tickets, Data: {tickets=[{correlative=9191, id=6ab3bcf327bb27508ccb1841}]}
2026-09-23 06:50:11 [SocketService] [RECIBIDO]| #85 | SID:209 | 32B | tickets [DATA]: {tickets=[{correlative=9191, id=6ab3bcf327bb27508ccb1841}]}
2026-09-23 06:50:11 [SocketService] [ENVIADO] | [NUEVO] (43B) [KEY]: tickets [DATA]: {tickets=[{fare=5, correlative=9191, session=35417, busstop_end=5, inspector=null, vehicle=15, number=1399, route=1, driver=131, price=200.0, time=2026-09-23T06:50:11.423341, busstop_start=4, day=2026-09-23, payment_method=1, card=null}]}
2026-09-23 06:50:04 [SocketMessageDispatcher] Mensaje: Header: tickets, Data: {tickets=[{correlative=9190, id=6ab3bcec27bb27508ccb182b}]}
2026-09-23 06:50:04 [SocketService] [RECIBIDO]| #81 | SID:209 | 32B | tickets [DATA]: {tickets=[{correlative=9190, id=6ab3bcec27bb27508ccb182b}]}
2026-09-23 06:50:03 [SocketService] [ENVIADO] | [NUEVO] (43B) [KEY]: tickets [DATA]: {tickets=[{fare=7, correlative=9190, session=35417, busstop_end=1, inspector=null, vehicle=15, number=1794, route=1, driver=131, price=100.0, time=2026-09-23T06:50:03.763616, busstop_start=4, day=2026-09-23, payment_method=1, card=null}]}
2026-09-23 06:49:53 [SocketMessageDispatcher] Mensaje: Header: report, Data: {positions=1}
2026-09-23 06:49:53 [SocketService] [RECIBIDO]| #80 | SID:209 | 3B | report [DATA]: {positions=1}
2026-09-23 06:49:52 [SocketService] [ENVIADO] | [NUEVO] (36B) [KEY]: report [DATA]: {trip=39119, route=1, positions=[{lng=-76.9924664, busstop=0, angle=199, accuracy=14, time=2026-09-23T06:49:52.850829, lat=-11.9815218, speed=29, mark=0}], state=R, sales=0, events=[], direction=false}
2026-09-23 06:49:52 [PositionRepository] 📤 Enviando 1 (batch=40, pendientes=1)
2026-09-23 06:49:52 [LocationTrackingService] GPS desactivado - Pulso cada 5 min acc:14.407m
2026-09-23 06:49:38 [SocketMessageDispatcher] Mensaje: Header: tickets, Data: {tickets=[{correlative=9189, id=6ab3bcd227bb27508ccb17d4}]}
2026-09-23 06:49:38 [SocketService] [RECIBIDO]| #76 | SID:209 | 32B | tickets [DATA]: {tickets=[{correlative=9189, id=6ab3bcd227bb27508ccb17d4}]}
2026-09-23 06:49:38 [SocketService] [ENVIADO] | [NUEVO] (43B) [KEY]: tickets [DATA]: {tickets=[{fare=5, correlative=9189, session=35417, busstop_end=5, inspector=null, vehicle=15, number=1398, route=1, driver=131, price=200.0, time=2026-09-23T06:49:37.899943, busstop_start=4, day=2026-09-23, payment_method=1, card=null}]}
2026-09-23 06:49:37 [ParaderoManager] Paradero más cercano: Paradero(id=15, lado=true, ruta=Ruta(id=1, codigo=1493, inicio=null, activo=false), activo=true, nombre=AV. STA ROSA, orden=18, latitud=-11.988237112611474, liquidar=false, longitud=-76.99615361068685, radio=50.0, velocidad=50.0, terminal=false, audio=AV. STA ROSA)
2026-09-23 06:49:22 [SocketMessageDispatcher] Mensaje: Header: tickets, Data: {tickets=[{correlative=9188, id=6ab3bcc227bb27508ccb17a9}]}
2026-09-23 06:49:22 [SocketService] [RECIBIDO]| #72 | SID:209 | 32B | tickets [DATA]: {tickets=[{correlative=9188, id=6ab3bcc227bb27508ccb17a9}]}
2026-09-23 06:49:22 [SocketService] [ENVIADO] | [NUEVO] (43B) [KEY]: tickets [DATA]: {tickets=[{fare=7, correlative=9188, session=35417, busstop_end=1, inspector=null, vehicle=15, number=1793, route=1, driver=131, price=100.0, time=2026-09-23T06:49:22.236503, busstop_start=4, day=2026-09-23, payment_method=1, card=null}]}
2026-09-23 06:48:47 [SocketMessageDispatcher] Mensaje: Header: tickets, Data: {tickets=[{correlative=9187, id=6ab3bc9f27bb27508ccb1740}]}
2026-09-23 06:48:47 [SocketService] [RECIBIDO]| #68 | SID:209 | 32B | tickets [DATA]: {tickets=[{correlative=9187, id=6ab3bc9f27bb27508ccb1740}]}
2026-09-23 06:48:47 [SocketService] [ENVIADO] | [NUEVO] (43B) [KEY]: tickets [DATA]: {tickets=[{fare=6, correlative=9187, session=35417, busstop_end=null, inspector=null, vehicle=15, number=1296, route=1, driver=131, price=150.0, time=2026-09-23T06:48:47.273284, busstop_start=4, day=2026-09-23, payment_method=1, card=null}]}
2026-09-23 06:48:38 [SocketMessageDispatcher] Mensaje: Header: tickets, Data: {tickets=[{correlative=9186, id=6ab3bc9627bb27508ccb1731}]}
2026-09-23 06:48:38 [SocketService] [RECIBIDO]| #64 | SID:209 | 32B | tickets [DATA]: {tickets=[{correlative=9186, id=6ab3bc9627bb27508ccb1731}]}
2026-09-23 06:48:37 [SocketService] [ENVIADO] | [NUEVO] (43B) [KEY]: tickets [DATA]: {tickets=[{fare=6, correlative=9186, session=35417, busstop_end=null, inspector=null, vehicle=15, number=1295, route=1, driver=131, price=150.0, time=2026-09-23T06:48:37.792644, busstop_start=4, day=2026-09-23, payment_method=1, card=null}]}
2026-09-23 06:48:35 [SocketMessageDispatcher] Mensaje: Header: tickets, Data: {tickets=[{correlative=9185, id=6ab3bc9327bb27508ccb172d}]}
2026-09-23 06:48:35 [SocketService] [RECIBIDO]| #60 | SID:209 | 32B | tickets [DATA]: {tickets=[{correlative=9185, id=6ab3bc9327bb27508ccb172d}]}
2026-09-23 06:48:35 [SocketService] [ENVIADO] | [NUEVO] (43B) [KEY]: tickets [DATA]: {tickets=[{fare=5, correlative=9185, session=35417, busstop_end=5, inspector=null, vehicle=15, number=1397, route=1, driver=131, price=200.0, time=2026-09-23T06:48:35.469344, busstop_start=4, day=2026-09-23, payment_method=1, card=null}]}
2026-09-23 06:48:28 [SocketMessageDispatcher] Mensaje: Header: tickets, Data: {tickets=[{correlative=9184, id=6ab3bc8c27bb27508ccb170c}]}
2026-09-23 06:48:28 [SocketService] [RECIBIDO]| #56 | SID:209 | 32B | tickets [DATA]: {tickets=[{correlative=9184, id=6ab3bc8c27bb27508ccb170c}]}
2026-09-23 06:48:27 [SocketService] [ENVIADO] | [NUEVO] (43B) [KEY]: tickets [DATA]: {tickets=[{fare=7, correlative=9184, session=35417, busstop_end=1, inspector=null, vehicle=15, number=1792, route=1, driver=131, price=100.0, time=2026-09-23T06:48:27.686749, busstop_start=4, day=2026-09-23, payment_method=1, card=null}]}
2026-09-23 06:48:18 [SocketMessageDispatcher] Mensaje: Header: tickets, Data: {tickets=[{correlative=9183, id=6ab3bc8227bb27508ccb16ef}]}
2026-09-23 06:48:18 [SocketService] [RECIBIDO]| #52 | SID:209 | 32B | tickets [DATA]: {tickets=[{correlative=9183, id=6ab3bc8227bb27508ccb16ef}]}
2026-09-23 06:48:18 [SocketService] [ENVIADO] | [NUEVO] (43B) [KEY]: tickets [DATA]: {tickets=[{fare=6, correlative=9183, session=35417, busstop_end=null, inspector=null, vehicle=15, number=1294, route=1, driver=131, price=150.0, time=2026-09-23T06:48:18.397249, busstop_start=4, day=2026-09-23, payment_method=1, card=null}]}
2026-09-23 06:47:49 [SocketMessageDispatcher] Mensaje: Header: tickets, Data: {tickets=[{correlative=9182, id=6ab3bc6527bb27508ccb169c}]}
2026-09-23 06:47:49 [SocketService] [RECIBIDO]| #48 | SID:209 | 32B | tickets [DATA]: {tickets=[{correlative=9182, id=6ab3bc6527bb27508ccb169c}]}
2026-09-23 06:47:49 [SocketService] [ENVIADO] | [NUEVO] (43B) [KEY]: tickets [DATA]: {tickets=[{fare=6, correlative=9182, session=35417, busstop_end=null, inspector=null, vehicle=15, number=1293, route=1, driver=131, price=150.0, time=2026-09-23T06:47:49.428778, busstop_start=4, day=2026-09-23, payment_method=1, card=null}]}
2026-09-23 06:47:40 [SocketMessageDispatcher] Mensaje: Header: backward_datero, Data: {pad=132, geofence=8, delta=14, orden=0, id=2252100790}
2026-09-23 06:47:40 [SocketService] [RECIBIDO]| #47 | SID:209 | 19B | backward_datero [DATA]: {pad=132, geofence=8, delta=14, orden=0, id=2252100790}
2026-09-23 06:47:29 [ProtectorVM] TEMP: 28.8C -> cap térmico 100%
2026-09-23 06:47:29 [ProtectorVM] temp: 28.8C
2026-09-23 06:45:48 [SocketMessageDispatcher] Mensaje: Header: tickets, Data: {tickets=[{correlative=9181, id=6ab3bbec27bb27508ccb154c}]}
2026-09-23 06:45:48 [SocketService] [RECIBIDO]| #43 | SID:209 | 32B | tickets [DATA]: {tickets=[{correlative=9181, id=6ab3bbec27bb27508ccb154c}]}
2026-09-23 06:45:48 [SocketService] [ENVIADO] | [NUEVO] (43B) [KEY]: tickets [DATA]: {tickets=[{fare=3, correlative=9181, session=35417, busstop_end=7, inspector=null, vehicle=15, number=690, route=1, driver=131, price=300.0, time=2026-09-23T06:45:48.478917, busstop_start=4, day=2026-09-23, payment_method=1, card=null}]}
2026-09-23 06:44:50 [SocketMessageDispatcher] Mensaje: Header: report, Data: {positions=1}
2026-09-23 06:44:50 [SocketService] [RECIBIDO]| #42 | SID:209 | 3B | report [DATA]: {positions=1}
2026-09-23 06:44:49 [SocketService] [ENVIADO] | [NUEVO] (36B) [KEY]: report [DATA]: {trip=39119, route=1, positions=[{lng=-76.9916636, busstop=0, angle=183, accuracy=10, time=2026-09-23T06:44:49.849811, lat=-11.9764787, speed=10, mark=0}], state=R, sales=0, events=[], direction=false}
2026-09-23 06:44:49 [PositionRepository] 📤 Enviando 1 (batch=20, pendientes=1)
2026-09-23 06:44:49 [LocationTrackingService] GPS desactivado - Pulso cada 5 min acc:10.456m
2026-09-23 06:44:37 [SocketMessageDispatcher] Mensaje: Header: tickets, Data: {tickets=[{correlative=9180, id=6ab3bba527bb27508ccb1484}]}
2026-09-23 06:44:37 [SocketService] [RECIBIDO]| #38 | SID:209 | 32B | tickets [DATA]: {tickets=[{correlative=9180, id=6ab3bba527bb27508ccb1484}]}
2026-09-23 06:44:37 [SocketService] [ENVIADO] | [NUEVO] (43B) [KEY]: tickets [DATA]: {tickets=[{fare=5, correlative=9180, session=35417, busstop_end=5, inspector=null, vehicle=15, number=1396, route=1, driver=131, price=200.0, time=2026-09-23T06:44:37.418236, busstop_start=4, day=2026-09-23, payment_method=1, card=null}]}
2026-09-23 06:44:34 [SocketMessageDispatcher] Mensaje: Header: tickets, Data: {tickets=[{correlative=9179, id=6ab3bba327bb27508ccb147d}]}
2026-09-23 06:44:34 [SocketService] [RECIBIDO]| #34 | SID:209 | 32B | tickets [DATA]: {tickets=[{correlative=9179, id=6ab3bba327bb27508ccb147d}]}
2026-09-23 06:44:34 [SocketService] [ENVIADO] | [NUEVO] (43B) [KEY]: tickets [DATA]: {tickets=[{fare=5, correlative=9179, session=35417, busstop_end=5, inspector=null, vehicle=15, number=1395, route=1, driver=131, price=200.0, time=2026-09-23T06:44:34.521409, busstop_start=4, day=2026-09-23, payment_method=1, card=null}]}
2026-09-23 06:43:29 [SocketMessageDispatcher] Mensaje: Header: backward_datero, Data: {pad=132, geofence=7, delta=13, orden=0, id=9446138545}
2026-09-23 06:43:29 [SocketService] [RECIBIDO]| #33 | SID:209 | 19B | backward_datero [DATA]: {pad=132, geofence=7, delta=13, orden=0, id=9446138545}
2026-09-23 06:42:58 [SocketMessageDispatcher] Mensaje: Header: forward_datero, Data: {trip=39119, geofence=10, time=2026-09-23T06:42:57, dateros=[{delta=9, padron=124}, {delta=16, padron=128}, {delta=10, padron=107}, {delta=7, padron=146}, {delta=12, padron=131}]}
2026-09-23 06:42:58 [SocketMessageDispatcher] Mensaje: Header: mark, Data: {volada=3, trip=39119, geofence=10, id=1135714, state=M, timestamp=2026-09-23T06:42:57}
2026-09-23 06:42:58 [SocketService] [RECIBIDO]| #32 | SID:209 | 32B | forward_datero [DATA]: {trip=39119, geofence=10, time=2026-09-23T06:42:57, dateros=[{delta=9, padron=124}, {delta=16, padron=128}, {delta=10, padron=107}, {delta=7, padron=146}, {delta=12, padron=131}]}
2026-09-23 06:42:58 [SocketService] [RECIBIDO]| #31 | SID:209 | 25B | mark [DATA]: {volada=3, trip=39119, geofence=10, id=1135714, state=M, timestamp=2026-09-23T06:42:57}
2026-09-23 06:42:55 [ParaderoManager] Paradero más cercano: Paradero(id=16, lado=true, ruta=Ruta(id=1, codigo=1493, inicio=null, activo=false), activo=true, nombre=AV. CENTRAL, orden=19, latitud=-11.971707452362327, liquidar=false, longitud=-76.99207737678509, radio=50.0, velocidad=50.0, terminal=false, audio=AV. CENTRAL)
2026-09-23 06:42:43 [DRIVERAUTO] VALIDATE AutoLogin: false - Paradero actual: Paradero(id=4, lado=false, ruta=Ruta(id=1, codigo=1493, inicio=null, activo=false), activo=true, nombre=STA ROSA, orden=4, latitud=-11.97045763119205, liquidar=false, longitud=-76.99128464070169, radio=50.0, velocidad=50.0, terminal=false, audio=STA ROSA)
2026-09-23 06:42:43 [DRIVERAUTO] La dirección de la sesión coincide con el lado del paradero actual
2026-09-23 06:42:43 [DRIVERAUTO] Primera sesión obtenida: SessionDriver(id=35417, driver_id=131, driver_code=ID131, activo=true, castigado=false, conductor=true, vencido=false, route=1, direction=false, start_time=2026-09-23T06:18:59, autoLogin=false)
2026-09-23 06:42:43 [ParaderoManager] Paradero actual: STA ROSA (id=4)
2026-09-23 06:42:29 [ProtectorVM] TEMP: 28.7C -> cap térmico 100%
2026-09-23 06:42:29 [ProtectorVM] temp: 28.7C
2026-09-23 06:41:44 [SocketMessageDispatcher] Mensaje: Header: tickets, Data: {tickets=[{correlative=9178, id=6ab3baf827bb27508ccb1263}]}
2026-09-23 06:41:44 [SocketService] [RECIBIDO]| #27 | SID:209 | 32B | tickets [DATA]: {tickets=[{correlative=9178, id=6ab3baf827bb27508ccb1263}]}
2026-09-23 06:41:44 [SocketService] [ENVIADO] | [NUEVO] (43B) [KEY]: tickets [DATA]: {tickets=[{fare=5, correlative=9178, session=35417, busstop_end=5, inspector=null, vehicle=15, number=1394, route=1, driver=131, price=200.0, time=2026-09-23T06:41:44.041450, busstop_start=3, day=2026-09-23, payment_method=1, card=null}]}
2026-09-23 06:41:05 [SocketMessageDispatcher] Mensaje: Header: forward_datero, Data: {trip=39119, geofence=9, time=2026-09-23T06:41:03, dateros=[{delta=10, padron=124}, {delta=15, padron=128}, {delta=10, padron=107}, {delta=7, padron=146}, {delta=12, padron=131}]}
2026-09-23 06:41:05 [SocketMessageDispatcher] Mensaje: Header: mark, Data: {volada=5, trip=39119, geofence=9, id=1135713, state=M, timestamp=2026-09-23T06:41:03}
2026-09-23 06:41:05 [SocketService] [RECIBIDO]| #26 | SID:209 | 32B | forward_datero [DATA]: {trip=39119, geofence=9, time=2026-09-23T06:41:03, dateros=[{delta=10, padron=124}, {delta=15, padron=128}, {delta=10, padron=107}, {delta=7, padron=146}, {delta=12, padron=131}]}
2026-09-23 06:41:05 [SocketService] [RECIBIDO]| #25 | SID:209 | 25B | mark [DATA]: {volada=5, trip=39119, geofence=9, id=1135713, state=M, timestamp=2026-09-23T06:41:03}
2026-09-23 06:40:39 [SocketMessageDispatcher] Mensaje: Header: tickets, Data: {tickets=[{correlative=9177, id=6ab3bab727bb27508ccb119b}]}
2026-09-23 06:40:39 [SocketService] [RECIBIDO]| #21 | SID:209 | 32B | tickets [DATA]: {tickets=[{correlative=9177, id=6ab3bab727bb27508ccb119b}]}
2026-09-23 06:40:39 [SocketService] [ENVIADO] | [NUEVO] (43B) [KEY]: tickets [DATA]: {tickets=[{fare=6, correlative=9177, session=35417, busstop_end=null, inspector=null, vehicle=15, number=1292, route=1, driver=131, price=150.0, time=2026-09-23T06:40:38.980106, busstop_start=3, day=2026-09-23, payment_method=1, card=null}]}
2026-09-23 06:39:47 [SocketMessageDispatcher] Mensaje: Header: report, Data: {positions=1}
2026-09-23 06:39:47 [SocketService] [RECIBIDO]| #20 | SID:209 | 3B | report [DATA]: {positions=1}
2026-09-23 06:39:46 [SocketService] [ENVIADO] | [NUEVO] (36B) [KEY]: report [DATA]: {trip=39119, route=1, positions=[{lng=-76.9843158, busstop=0, angle=215, accuracy=4, time=2026-09-23T06:39:46.857591, lat=-11.9609665, speed=37, mark=0}], state=R, sales=0, events=[], direction=false}
2026-09-23 06:39:46 [PositionRepository] 📤 Enviando 1 (batch=10, pendientes=1)
2026-09-23 06:39:46 [LocationTrackingService] GPS desactivado - Pulso cada 5 min acc:4.399m
2026-09-23 06:38:45 [SocketMessageDispatcher] Mensaje: Header: tickets, Data: {tickets=[{correlative=9176, id=6ab3ba4527bb27508ccb102b}]}
2026-09-23 06:38:45 [SocketService] [RECIBIDO]| #16 | SID:209 | 32B | tickets [DATA]: {tickets=[{correlative=9176, id=6ab3ba4527bb27508ccb102b}]}
2026-09-23 06:38:45 [SocketService] [ENVIADO] | [NUEVO] (43B) [KEY]: tickets [DATA]: {tickets=[{fare=5, correlative=9176, session=35417, busstop_end=5, inspector=null, vehicle=15, number=1393, route=1, driver=131, price=200.0, time=2026-09-23T06:38:44.870032, busstop_start=3, day=2026-09-23, payment_method=1, card=null}]}
2026-09-23 06:37:29 [ProtectorVM] TEMP: 28.7C -> cap térmico 100%
2026-09-23 06:37:29 [ProtectorVM] temp: 28.7C
2026-09-23 06:34:47 [SocketMessageDispatcher] Mensaje: Header: report, Data: {positions=1}
2026-09-23 06:34:47 [SocketService] [RECIBIDO]| #14 | SID:209 | 3B | report [DATA]: {positions=1}
2026-09-23 06:34:46 [SocketService] [ENVIADO] | [NUEVO] (36B) [KEY]: report [DATA]: {trip=39119, route=1, positions=[{lng=-76.9839991, busstop=0, angle=0, accuracy=6, time=2026-09-23T06:34:46.851181, lat=-11.958512, speed=0, mark=0}], state=R, sales=0, events=[], direction=false}
2026-09-23 06:34:46 [PositionRepository] 📤 Enviando 1 (batch=5, pendientes=1)
2026-09-23 06:34:46 [LocationTrackingService] GPS desactivado - Pulso cada 5 min acc:6.348m
2026-09-23 06:33:28 [SocketMessageDispatcher] Mensaje: Header: forward_datero, Data: {trip=39119, geofence=8, time=2026-09-23T06:33:25, dateros=[{delta=10, padron=124}, {delta=15, padron=128}, {delta=10, padron=107}, {delta=9, padron=146}, {delta=14, padron=131}]}
2026-09-23 06:33:28 [SocketMessageDispatcher] Mensaje: Header: mark, Data: {volada=-1, trip=39119, geofence=8, id=1135712, state=M, timestamp=2026-09-23T06:33:25}
2026-09-23 06:33:28 [SocketService] [RECIBIDO]| #13 | SID:209 | 32B | forward_datero [DATA]: {trip=39119, geofence=8, time=2026-09-23T06:33:25, dateros=[{delta=10, padron=124}, {delta=15, padron=128}, {delta=10, padron=107}, {delta=9, padron=146}, {delta=14, padron=131}]}
2026-09-23 06:33:28 [SocketService] [RECIBIDO]| #12 | SID:209 | 25B | mark [DATA]: {volada=-1, trip=39119, geofence=8, id=1135712, state=M, timestamp=2026-09-23T06:33:25}
2026-09-23 06:32:29 [ProtectorVM] temp: 28.8C
2026-09-23 06:32:29 [ProtectorVM] TEMP: 28.8C -> cap térmico 100%
2026-09-23 06:32:10 [ParaderoManager] Paradero más cercano: Paradero(id=4, lado=false, ruta=Ruta(id=1, codigo=1493, inicio=null, activo=false), activo=true, nombre=STA ROSA, orden=4, latitud=-11.97045763119205, liquidar=false, longitud=-76.99128464070169, radio=50.0, velocidad=50.0, terminal=false, audio=STA ROSA)
2026-09-23 06:31:48 [SocketMessageDispatcher] Mensaje: Header: tickets, Data: {tickets=[{correlative=9175, id=6ab3b8a427bb27508ccb0b29}]}
2026-09-23 06:31:48 [SocketService] [RECIBIDO]| #8 | SID:209 | 32B | tickets [DATA]: {tickets=[{correlative=9175, id=6ab3b8a427bb27508ccb0b29}]}
2026-09-23 06:31:48 [SocketService] [ENVIADO] | [NUEVO] (43B) [KEY]: tickets [DATA]: {tickets=[{fare=5, correlative=9175, session=35417, busstop_end=5, inspector=null, vehicle=15, number=1392, route=1, driver=131, price=200.0, time=2026-09-23T06:31:48.338605, busstop_start=3, day=2026-09-23, payment_method=1, card=null}]}
2026-09-23 06:30:12 [SocketMessageDispatcher] Mensaje: Header: forward_datero, Data: {trip=39119, geofence=7, time=2026-09-23T06:30:11, dateros=[{delta=10, padron=124}, {delta=12, padron=128}, {delta=10, padron=107}, {delta=9, padron=146}, {delta=13, padron=131}]}
2026-09-23 06:30:12 [SocketService] [RECIBIDO]| #7 | SID:209 | 32B | forward_datero [DATA]: {trip=39119, geofence=7, time=2026-09-23T06:30:11, dateros=[{delta=10, padron=124}, {delta=12, padron=128}, {delta=10, padron=107}, {delta=9, padron=146}, {delta=13, padron=131}]}
2026-09-23 06:30:12 [SocketMessageDispatcher] Mensaje: Header: mark, Data: {volada=-2, trip=39119, geofence=7, id=1135711, state=M, timestamp=2026-09-23T06:30:11}
2026-09-23 06:30:12 [SocketService] [RECIBIDO]| #6 | SID:209 | 25B | mark [DATA]: {volada=-2, trip=39119, geofence=7, id=1135711, state=M, timestamp=2026-09-23T06:30:11}
2026-09-23 06:29:44 [SocketMessageDispatcher] Mensaje: Header: report, Data: {positions=1}
2026-09-23 06:29:44 [SocketService] [RECIBIDO]| #5 | SID:209 | 3B | report [DATA]: {positions=1}
2026-09-23 06:29:43 [SocketService] [ENVIADO] | [NUEVO] (36B) [KEY]: report [DATA]: {trip=39119, route=1, positions=[{lng=-76.9780016, busstop=0, angle=212, accuracy=10, time=2026-09-23T06:29:43.860513, lat=-11.9460557, speed=13, mark=0}], state=R, sales=0, events=[], direction=false}
2026-09-23 06:29:43 [PositionRepository] 📤 Enviando 1 (batch=2, pendientes=1)
2026-09-23 06:29:43 [LocationTrackingService] GPS desactivado - Pulso cada 5 min acc:10.41m
2026-09-23 06:29:40 [SocketMessageDispatcher] Mensaje: Header: forward_datero_hide, Data: {trip=39119, geofence=53, time=2026-09-23T06:29:40, dateros=[{delta=0, padron=0}]}
2026-09-23 06:29:40 [SocketMessageDispatcher] Mensaje: Header: backward_datero_hide, Data: {pad=0, geofence=0, delta=0, orden=0, id=61008}
2026-09-23 06:29:40 [SocketMessageDispatcher] Mensaje: Header: salida, Data: {lado=false, estado=R, frecuencia=10, ruta=1, geocerca=null, controles=[{volada=0, tiempo=0, geocerca=1}, {volada=0, tiempo=4, geocerca=5}, {volada=0, tiempo=3, geocerca=6}, {volada=0, tiempo=2, geocerca=7}, {volada=0, tiempo=2, geocerca=8}, {volada=0, tiempo=2, geocerca=9}, {volada=0, tiempo=3, geocerca=10}, {volada=0, tiempo=2, geocerca=11}, {volada=0, tiempo=4, geocerca=12}, {volada=0, tiempo=4, geocerca=13}, {volada=0, tiempo=2, geocerca=14}, {volada=0, tiempo=2, geocerca=17}, {volada=0, tiempo=2, geocerca=15}, {volada=0, tiempo=3, geocerca=16}, {volada=0, tiempo=3, geocerca=18}, {volada=0, tiempo=5, geocerca=19}, {volada=0, tiempo=5, geocerca=20}, {volada=0, tiempo=4, geocerca=21}, {volada=0, tiempo=4, geocerca=2}, {volada=0, tiempo=0, geocerca=39}, {volada=0, tiempo=0, geocerca=40}, {volada=0, tiempo=0, geocerca=41}, {volada=0, tiempo=0, geocerca=42}, {volada=0, tiempo=0, geocerca=43}, {volada=0, tiempo=0, geocerca=44}, {volada=0, tiempo=0, geocerca=45}, {volada=0, tiempo=7, geocerca=46}, {volada=0, tiempo=10, geocerca=47}, {volada=0, tiempo=9, geocerca=48}, {volada=0, tiempo=8, geocerca=49}, {volada=0, tiempo=12, geocerca=70}, {volada=0, tiempo=12, geocerca=50}, {volada=0, tiempo=6, geocerca=71}, {volada=0, tiempo=6, geocerca=51}, {volada=0, tiempo=10, geocerca=72}, {volada=0, tiempo=5, geocerca=52}, {volada=0, tiempo=0, geocerca=164}], inicio=2026-09-23T06:23, marcados=[false, false, false, false, false, false, false, false, false, false, false, false, false, false, false, false, false, false, false, false, false, false, false, false, false, false, false, false, false, false, false, false, false, false, false, false, false], id=39119, conductor=131}
2026-09-23 06:29:40 [SocketService] [RECIBIDO]| #4 | SID:209 | 19B | forward_datero_hide [DATA]: {trip=39119, geofence=53, time=2026-09-23T06:29:40, dateros=[{delta=0, padron=0}]}
2026-09-23 06:29:40 [SocketService] [RECIBIDO]| #3 | SID:209 | 15B | backward_datero_hide [DATA]: {pad=0, geofence=0, delta=0, orden=0, id=61008}
2026-09-23 06:29:39 [SocketService] [RECIBIDO]| #2 | SID:209 | 251B | salida [DATA]: {lado=false, estado=R, frecuencia=10, ruta=1, geocerca=null, controles=[{volada=0, tiempo=0, geocerca=1}, {volada=0, tiempo=4, geocerca=5}, {volada=0, tiempo=3, geocerca=6}, {volada=0, tiempo=2, geocerca=7}, {volada=0, tiempo=2, geocerca=8}, {volada=0, tiempo=2, geocerca=9}, {volada=0, tiempo=3, geocerca=10}, {volada=0, tiempo=2, geocerca=11}, {volada=0, tiempo=4, geocerca=12}, {volada=0, tiempo=4, geocerca=13}, {volada=0, tiempo=2, geocerca=14}, {volada=0, tiempo=2, geocerca=17}, {volada=0, tiempo=2, geocerca=15}, {volada=0, tiempo=3, geocerca=16}, {volada=0, tiempo=3, geocerca=18}, {volada=0, tiempo=5, geocerca=19}, {volada=0, tiempo=5, geocerca=20}, {volada=0, tiempo=4, geocerca=21}, {volada=0, tiempo=4, geocerca=2}, {volada=0, tiempo=0, geocerca=39}, {volada=0, tiempo=0, geocerca=40}, {volada=0, tiempo=0, geocerca=41}, {volada=0, tiempo=0, geocerca=42}, {volada=0, tiempo=0, geocerca=43}, {volada=0, tiempo=0, geocerca=44}, {volada=0, tiempo=0, geocerca=45}, {volada=0, tiempo=7, geocerca=46}, {volada=0, tiempo=10, geocerca=47}, {volada=0, tiempo=9, geocerca=48}, {volada=0, tiempo=8, geocerca=49}, {volada=0, tiempo=12, geocerca=70}, {volada=0, tiempo=12, geocerca=50}, {volada=0, tiempo=6, geocerca=71}, {volada=0, tiempo=6, geocerca=51}, {volada=0, tiempo=10, geocerca=72}, {volada=0, tiempo=5, geocerca=52}, {volada=0, tiempo=0, geocerca=164}], inicio=2026-09-23T06:23, marcados=[false, false, false, false, false, false, false, false, false, false, false, false, false, false, false, false, false, false, false, false, false, false, false, false, false, false, false, false, false, false, false, false, false, false, false, false, false], id=39119, conductor=131}
2026-09-23 06:29:39 [SocketService] [ENVIADO] | [NUEVO] (4B) [KEY]: forward_datero [DATA]: {id=0}
2026-09-23 06:29:39 [SocketService] [ENVIADO] | [NUEVO] (3B) [KEY]: backward_datero [DATA]: {id=0}
2026-09-23 06:29:39 [SocketMessageDispatcher] ✅ Login confirmado por servidor (sesión OK)
2026-09-23 06:29:39 [SocketService] [ENVIADO] | [NUEVO] (7B) [KEY]: salida [DATA]: {limit=0, salida=39119}
2026-09-23 06:29:39 [SocketMessageDispatcher] Mensaje: Header: login, Data: {voice=true, orientation=false, contactless=false, data=2026-09-23T06:29:39, ticket=true, geofence=null, gps=false, schedule=06:33, ads=false, route=1, trip=39119, driver=null, calls=true, padron=124, id=15, state=R, map=false, placa=BCG906, direction=false, order=1}
2026-09-23 06:29:39 [SocketService] [RECIBIDO]| #1 | SID:209 | 35B | login [DATA]: {voice=true, orientation=false, contactless=false, data=2026-09-23T06:29:39, ticket=true, geofence=null, gps=false, schedule=06:33, ads=false, route=1, trip=39119, driver=null, calls=true, padron=124, id=15, state=R, map=false, placa=BCG906, direction=false, order=1}
2026-09-23 06:29:39 [SocketService] 🔒 WakeLock + WifiLock adquiridos
2026-09-23 06:29:39 [SocketService] [ENVIADO] | [NUEVO] (18B) [KEY]: login [DATA]: {serial=864255060447047}
2026-09-23 06:29:39 [SocketService] 🔑 Enviando login handshake (864255060447047)
2026-09-23 06:29:39 [SocketService] ✅ CONECTADO [ID: 209] en 62827404ms - Code: 101
2026-09-23 06:29:38 [SocketService] 🔄 Conectando [ID: 209] a ws://34.71.11.201:22222?schema=android&gps=true&console=true&version=2
2026-09-23 06:29:38 [SocketService] ✅ Recursos completamente limpiados
2026-09-23 06:29:38 [SocketService] 🔄 Nuevo Socket ID: 209
2026-09-23 06:29:38 [GpsViewModel] No hay conexión. Se omite procesamiento.
2026-09-23 06:29:38 [SocketService] ⏰ Watchdog: 139155ms sin mensajes, forzando reconexión
2026-09-23 06:29:38 [SocketService] 🧹 Limpiando recursos [ID: 208]
2026-09-23 06:27:29 [ProtectorVM] TEMP: 29.1C -> cap térmico 100%
2026-09-23 06:27:29 [ProtectorVM] temp: 29.1C
2026-09-23 06:27:19 [SocketMessageDispatcher] Mensaje: Header: tickets, Data: {tickets=[{correlative=9174, id=6ab3b79727bb27508ccb080e}]}
2026-09-23 06:27:19 [SocketService] [RECIBIDO]| #5 | SID:208 | 32B | tickets [DATA]: {tickets=[{correlative=9174, id=6ab3b79727bb27508ccb080e}]}
2026-09-23 06:27:18 [SocketService] [ENVIADO] | [NUEVO] (43B) [KEY]: tickets [DATA]: {tickets=[{fare=5, correlative=9174, session=35417, busstop_end=5, inspector=null, vehicle=15, number=1391, route=1, driver=131, price=200.0, time=2026-09-23T06:27:18.764721, busstop_start=3, day=2026-09-23, payment_method=1, card=null}]}
2026-09-23 06:27:10 [SocketMessageDispatcher] Mensaje: Header: backward_datero_hide, Data: {pad=0, geofence=0, delta=0, orden=0, id=52697}
2026-09-23 06:27:10 [SocketMessageDispatcher] Mensaje: Header: forward_datero_hide, Data: {trip=39119, geofence=53, time=2026-09-23T06:27:09, dateros=[{delta=0, padron=0}]}
2026-09-23 06:27:10 [SocketMessageDispatcher] Mensaje: Header: salida, Data: {lado=false, estado=R, frecuencia=10, ruta=1, geocerca=null, controles=[{volada=0, tiempo=0, geocerca=1}, {volada=0, tiempo=4, geocerca=5}, {volada=0, tiempo=3, geocerca=6}, {volada=0, tiempo=2, geocerca=7}, {volada=0, tiempo=2, geocerca=8}, {volada=0, tiempo=2, geocerca=9}, {volada=0, tiempo=3, geocerca=10}, {volada=0, tiempo=2, geocerca=11}, {volada=0, tiempo=4, geocerca=12}, {volada=0, tiempo=4, geocerca=13}, {volada=0, tiempo=2, geocerca=14}, {volada=0, tiempo=2, geocerca=17}, {volada=0, tiempo=2, geocerca=15}, {volada=0, tiempo=3, geocerca=16}, {volada=0, tiempo=3, geocerca=18}, {volada=0, tiempo=5, geocerca=19}, {volada=0, tiempo=5, geocerca=20}, {volada=0, tiempo=4, geocerca=21}, {volada=0, tiempo=4, geocerca=2}, {volada=0, tiempo=0, geocerca=39}, {volada=0, tiempo=0, geocerca=40}, {volada=0, tiempo=0, geocerca=41}, {volada=0, tiempo=0, geocerca=42}, {volada=0, tiempo=0, geocerca=43}, {volada=0, tiempo=0, geocerca=44}, {volada=0, tiempo=0, geocerca=45}, {volada=0, tiempo=7, geocerca=46}, {volada=0, tiempo=10, geocerca=47}, {volada=0, tiempo=9, geocerca=48}, {volada=0, tiempo=8, geocerca=49}, {volada=0, tiempo=12, geocerca=70}, {volada=0, tiempo=12, geocerca=50}, {volada=0, tiempo=6, geocerca=71}, {volada=0, tiempo=6, geocerca=51}, {volada=0, tiempo=10, geocerca=72}, {volada=0, tiempo=5, geocerca=52}, {volada=0, tiempo=0, geocerca=164}], inicio=2026-09-23T06:23, marcados=[false, false, false, false, false, false, false, false, false, false, false, false, false, false, false, false, false, false, false, false, false, false, false, false, false, false, false, false, false, false, false, false, false, false, false, false, false], id=39119, conductor=131}
2026-09-23 06:27:09 [SocketService] [RECIBIDO]| #4 | SID:208 | 15B | backward_datero_hide [DATA]: {pad=0, geofence=0, delta=0, orden=0, id=52697}
2026-09-23 06:27:09 [SocketService] [RECIBIDO]| #3 | SID:208 | 19B | forward_datero_hide [DATA]: {trip=39119, geofence=53, time=2026-09-23T06:27:09, dateros=[{delta=0, padron=0}]}
2026-09-23 06:27:09 [SocketService] [RECIBIDO]| #2 | SID:208 | 251B | salida [DATA]: {lado=false, estado=R, frecuencia=10, ruta=1, geocerca=null, controles=[{volada=0, tiempo=0, geocerca=1}, {volada=0, tiempo=4, geocerca=5}, {volada=0, tiempo=3, geocerca=6}, {volada=0, tiempo=2, geocerca=7}, {volada=0, tiempo=2, geocerca=8}, {volada=0, tiempo=2, geocerca=9}, {volada=0, tiempo=3, geocerca=10}, {volada=0, tiempo=2, geocerca=11}, {volada=0, tiempo=4, geocerca=12}, {volada=0, tiempo=4, geocerca=13}, {volada=0, tiempo=2, geocerca=14}, {volada=0, tiempo=2, geocerca=17}, {volada=0, tiempo=2, geocerca=15}, {volada=0, tiempo=3, geocerca=16}, {volada=0, tiempo=3, geocerca=18}, {volada=0, tiempo=5, geocerca=19}, {volada=0, tiempo=5, geocerca=20}, {volada=0, tiempo=4, geocerca=21}, {volada=0, tiempo=4, geocerca=2}, {volada=0, tiempo=0, geocerca=39}, {volada=0, tiempo=0, geocerca=40}, {volada=0, tiempo=0, geocerca=41}, {volada=0, tiempo=0, geocerca=42}, {volada=0, tiempo=0, geocerca=43}, {volada=0, tiempo=0, geocerca=44}, {volada=0, tiempo=0, geocerca=45}, {volada=0, tiempo=7, geocerca=46}, {volada=0, tiempo=10, geocerca=47}, {volada=0, tiempo=9, geocerca=48}, {volada=0, tiempo=8, geocerca=49}, {volada=0, tiempo=12, geocerca=70}, {volada=0, tiempo=12, geocerca=50}, {volada=0, tiempo=6, geocerca=71}, {volada=0, tiempo=6, geocerca=51}, {volada=0, tiempo=10, geocerca=72}, {volada=0, tiempo=5, geocerca=52}, {volada=0, tiempo=0, geocerca=164}], inicio=2026-09-23T06:23, marcados=[false, false, false, false, false, false, false, false, false, false, false, false, false, false, false, false, false, false, false, false, false, false, false, false, false, false, false, false, false, false, false, false, false, false, false, false, false], id=39119, conductor=131}
2026-09-23 06:27:09 [SocketService] [ENVIADO] | [NUEVO] (4B) [KEY]: forward_datero [DATA]: {id=0}
2026-09-23 06:27:09 [SocketService] [ENVIADO] | [NUEVO] (3B) [KEY]: backward_datero [DATA]: {id=0}
2026-09-23 06:27:09 [SocketService] [ENVIADO] | [NUEVO] (7B) [KEY]: salida [DATA]: {limit=0, salida=39119}
2026-09-23 06:27:09 [SocketMessageDispatcher] ✅ Login confirmado por servidor (sesión OK)
2026-09-23 06:27:09 [SocketMessageDispatcher] Mensaje: Header: login, Data: {voice=true, orientation=false, contactless=false, data=2026-09-23T06:27:09, ticket=true, geofence=null, gps=false, schedule=06:33, ads=false, route=1, trip=39119, driver=null, calls=true, padron=124, id=15, state=R, map=false, placa=BCG906, direction=false, order=1}
2026-09-23 06:27:09 [SocketService] [RECIBIDO]| #1 | SID:208 | 35B | login [DATA]: {voice=true, orientation=false, contactless=false, data=2026-09-23T06:27:09, ticket=true, geofence=null, gps=false, schedule=06:33, ads=false, route=1, trip=39119, driver=null, calls=true, padron=124, id=15, state=R, map=false, placa=BCG906, direction=false, order=1}
2026-09-23 06:27:08 [SocketService] 🔒 WakeLock + WifiLock adquiridos
2026-09-23 06:27:08 [SocketService] [ENVIADO] | [NUEVO] (18B) [KEY]: login [DATA]: {serial=864255060447047}
2026-09-23 06:27:08 [SocketService] 🔑 Enviando login handshake (864255060447047)
2026-09-23 06:27:08 [SocketService] ✅ CONECTADO [ID: 208] en 62676834ms - Code: 101
2026-09-23 06:27:08 [SocketService] ✅ Recursos completamente limpiados
2026-09-23 06:27:08 [SocketService] 🔄 Conectando [ID: 208] a ws://34.71.11.201:22222?schema=android&gps=true&console=true&version=2
2026-09-23 06:27:08 [GpsViewModel] No hay conexión. Se omite procesamiento.
2026-09-23 06:27:08 [SocketService] 🔄 Nuevo Socket ID: 208
2026-09-23 06:27:08 [SocketService] 🧹 Limpiando recursos [ID: 207]
2026-09-23 06:27:08 [SocketService] ⏰ Watchdog: 146858ms sin mensajes, forzando reconexión
2026-09-23 06:26:52 [DRIVERAUTO] VALIDATE AutoLogin: false - Paradero actual: Paradero(id=3, lado=false, ruta=Ruta(id=1, codigo=1493, inicio=null, activo=false), activo=true, nombre=AV. CENTRAL, orden=3, latitud=-11.939571880082564, liquidar=false, longitud=-76.97244333449471, radio=50.0, velocidad=50.0, terminal=false, audio=AV. CENTRAL)
2026-09-23 06:26:52 [DRIVERAUTO] La dirección de la sesión coincide con el lado del paradero actual
2026-09-23 06:26:52 [DRIVERAUTO] Primera sesión obtenida: SessionDriver(id=35417, driver_id=131, driver_code=ID131, activo=true, castigado=false, conductor=true, vencido=false, route=1, direction=false, start_time=2026-09-23T06:18:59, autoLogin=false)
2026-09-23 06:26:52 [ParaderoManager] Paradero actual: AV. CENTRAL (id=3)
2026-09-23 06:24:41 [SocketMessageDispatcher] Mensaje: Header: report, Data: {positions=1}
2026-09-23 06:24:41 [SocketService] [RECIBIDO]| #9 | SID:207 | 3B | report [DATA]: {positions=1}
2026-09-23 06:24:40 [SocketService] [ENVIADO] | [NUEVO] (36B) [KEY]: report [DATA]: {trip=39119, route=1, positions=[{lng=-76.9680086, busstop=0, angle=305, accuracy=3, time=2026-09-23T06:24:40.859285, lat=-11.9389862, speed=24, mark=0}], state=R, sales=0, events=[], direction=false}
2026-09-23 06:24:40 [PositionRepository] 📤 Enviando 1 (batch=2, pendientes=1)
2026-09-23 06:24:40 [LocationTrackingService] GPS desactivado - Pulso cada 5 min acc:3.895m
2026-09-23 06:24:19 [ParaderoManager] Paradero más cercano: Paradero(id=3, lado=false, ruta=Ruta(id=1, codigo=1493, inicio=null, activo=false), activo=true, nombre=AV. CENTRAL, orden=3, latitud=-11.939571880082564, liquidar=false, longitud=-76.97244333449471, radio=50.0, velocidad=50.0, terminal=false, audio=AV. CENTRAL)
2026-09-23 06:24:04 [ParaderoManager] Paradero más cercano: Paradero(id=17, lado=true, ruta=Ruta(id=1, codigo=1493, inicio=null, activo=false), activo=true, nombre=PORTÓN, orden=20, latitud=-11.934689065833092, liquidar=true, longitud=-76.96993722941288, radio=132.0, velocidad=50.0, terminal=true, audio=PORTÓN)
2026-09-23 06:23:11 [SocketMessageDispatcher] Mensaje: Header: tickets, Data: {tickets=[{correlative=9173, id=6ab3b69f27bb27508ccb0537}]}
2026-09-23 06:23:11 [SocketService] [RECIBIDO]| #5 | SID:207 | 32B | tickets [DATA]: {tickets=[{correlative=9173, id=6ab3b69f27bb27508ccb0537}]}
2026-09-23 06:23:11 [SocketService] [ENVIADO] | [NUEVO] (43B) [KEY]: tickets [DATA]: {tickets=[{fare=7, correlative=9173, session=35417, busstop_end=1, inspector=null, vehicle=15, number=1791, route=1, driver=131, price=100.0, time=2026-09-23T06:23:11.274161, busstop_start=1, day=2026-09-23, payment_method=1, card=null}]}
2026-09-23 06:22:29 [ProtectorVM] TEMP: 29.2C -> cap térmico 100%
2026-09-23 06:22:29 [ProtectorVM] temp: 29.2C
2026-09-23 06:22:09 [SocketMessageDispatcher] Mensaje: Header: salida, Data: {lado=false, estado=R, frecuencia=10, ruta=1, geocerca=null, controles=[{volada=0, tiempo=0, geocerca=1}, {volada=0, tiempo=4, geocerca=5}, {volada=0, tiempo=3, geocerca=6}, {volada=0, tiempo=2, geocerca=7}, {volada=0, tiempo=2, geocerca=8}, {volada=0, tiempo=2, geocerca=9}, {volada=0, tiempo=3, geocerca=10}, {volada=0, tiempo=2, geocerca=11}, {volada=0, tiempo=4, geocerca=12}, {volada=0, tiempo=4, geocerca=13}, {volada=0, tiempo=2, geocerca=14}, {volada=0, tiempo=2, geocerca=17}, {volada=0, tiempo=2, geocerca=15}, {volada=0, tiempo=3, geocerca=16}, {volada=0, tiempo=3, geocerca=18}, {volada=0, tiempo=5, geocerca=19}, {volada=0, tiempo=5, geocerca=20}, {volada=0, tiempo=4, geocerca=21}, {volada=0, tiempo=4, geocerca=2}, {volada=0, tiempo=0, geocerca=39}, {volada=0, tiempo=0, geocerca=40}, {volada=0, tiempo=0, geocerca=41}, {volada=0, tiempo=0, geocerca=42}, {volada=0, tiempo=0, geocerca=43}, {volada=0, tiempo=0, geocerca=44}, {volada=0, tiempo=0, geocerca=45}, {volada=0, tiempo=7, geocerca=46}, {volada=0, tiempo=10, geocerca=47}, {volada=0, tiempo=9, geocerca=48}, {volada=0, tiempo=8, geocerca=49}, {volada=0, tiempo=12, geocerca=70}, {volada=0, tiempo=12, geocerca=50}, {volada=0, tiempo=6, geocerca=71}, {volada=0, tiempo=6, geocerca=51}, {volada=0, tiempo=10, geocerca=72}, {volada=0, tiempo=5, geocerca=52}, {volada=0, tiempo=0, geocerca=164}], inicio=2026-09-23T06:23, marcados=[false, false, false, false, false, false, false, false, false, false, false, false, false, false, false, false, false, false, false, false, false, false, false, false, false, false, false, false, false, false, false, false, false, false, false, false, false], id=39119, conductor=131}
2026-09-23 06:22:09 [SocketMessageDispatcher] Mensaje: Header: backward_datero_hide, Data: {pad=0, geofence=0, delta=0, orden=0, id=76329}
2026-09-23 06:22:09 [SocketMessageDispatcher] Mensaje: Header: forward_datero_hide, Data: {trip=39119, geofence=53, time=2026-09-23T06:22:08, dateros=[{delta=0, padron=0}]}
2026-09-23 06:22:09 [SocketService] [RECIBIDO]| #4 | SID:207 | 251B | salida [DATA]: {lado=false, estado=R, frecuencia=10, ruta=1, geocerca=null, controles=[{volada=0, tiempo=0, geocerca=1}, {volada=0, tiempo=4, geocerca=5}, {volada=0, tiempo=3, geocerca=6}, {volada=0, tiempo=2, geocerca=7}, {volada=0, tiempo=2, geocerca=8}, {volada=0, tiempo=2, geocerca=9}, {volada=0, tiempo=3, geocerca=10}, {volada=0, tiempo=2, geocerca=11}, {volada=0, tiempo=4, geocerca=12}, {volada=0, tiempo=4, geocerca=13}, {volada=0, tiempo=2, geocerca=14}, {volada=0, tiempo=2, geocerca=17}, {volada=0, tiempo=2, geocerca=15}, {volada=0, tiempo=3, geocerca=16}, {volada=0, tiempo=3, geocerca=18}, {volada=0, tiempo=5, geocerca=19}, {volada=0, tiempo=5, geocerca=20}, {volada=0, tiempo=4, geocerca=21}, {volada=0, tiempo=4, geocerca=2}, {volada=0, tiempo=0, geocerca=39}, {volada=0, tiempo=0, geocerca=40}, {volada=0, tiempo=0, geocerca=41}, {volada=0, tiempo=0, geocerca=42}, {volada=0, tiempo=0, geocerca=43}, {volada=0, tiempo=0, geocerca=44}, {volada=0, tiempo=0, geocerca=45}, {volada=0, tiempo=7, geocerca=46}, {volada=0, tiempo=10, geocerca=47}, {volada=0, tiempo=9, geocerca=48}, {volada=0, tiempo=8, geocerca=49}, {volada=0, tiempo=12, geocerca=70}, {volada=0, tiempo=12, geocerca=50}, {volada=0, tiempo=6, geocerca=71}, {volada=0, tiempo=6, geocerca=51}, {volada=0, tiempo=10, geocerca=72}, {volada=0, tiempo=5, geocerca=52}, {volada=0, tiempo=0, geocerca=164}], inicio=2026-09-23T06:23, marcados=[false, false, false, false, false, false, false, false, false, false, false, false, false, false, false, false, false, false, false, false, false, false, false, false, false, false, false, false, false, false, false, false, false, false, false, false, false], id=39119, conductor=131}
2026-09-23 06:22:09 [SocketService] [RECIBIDO]| #3 | SID:207 | 15B | backward_datero_hide [DATA]: {pad=0, geofence=0, delta=0, orden=0, id=76329}
2026-09-23 06:22:08 [SocketService] [RECIBIDO]| #2 | SID:207 | 19B | forward_datero_hide [DATA]: {trip=39119, geofence=53, time=2026-09-23T06:22:08, dateros=[{delta=0, padron=0}]}
2026-09-23 06:22:08 [SocketService] [ENVIADO] | [NUEVO] (3B) [KEY]: backward_datero [DATA]: {id=0}
2026-09-23 06:22:08 [SocketService] [ENVIADO] | [NUEVO] (4B) [KEY]: forward_datero [DATA]: {id=0}
2026-09-23 06:22:08 [SocketService] [ENVIADO] | [NUEVO] (7B) [KEY]: salida [DATA]: {limit=0, salida=39119}
2026-09-23 06:22:08 [SocketMessageDispatcher] ✅ Login confirmado por servidor (sesión OK)
2026-09-23 06:22:08 [SocketMessageDispatcher] Mensaje: Header: login, Data: {voice=true, orientation=false, contactless=false, data=2026-09-23T06:22:08, ticket=true, geofence=null, gps=false, schedule=06:33, ads=false, route=1, trip=39119, driver=null, calls=true, padron=124, id=15, state=R, map=false, placa=BCG906, direction=false, order=1}
2026-09-23 06:22:08 [SocketService] [RECIBIDO]| #1 | SID:207 | 35B | login [DATA]: {voice=true, orientation=false, contactless=false, data=2026-09-23T06:22:08, ticket=true, geofence=null, gps=false, schedule=06:33, ads=false, route=1, trip=39119, driver=null, calls=true, padron=124, id=15, state=R, map=false, placa=BCG906, direction=false, order=1}
2026-09-23 06:22:08 [SocketService] 🔒 WakeLock + WifiLock adquiridos
2026-09-23 06:22:08 [SocketService] [ENVIADO] | [NUEVO] (18B) [KEY]: login [DATA]: {serial=864255060447047}
2026-09-23 06:22:08 [SocketService] 🔑 Enviando login handshake (864255060447047)
2026-09-23 06:22:08 [SocketService] ✅ CONECTADO [ID: 207] en 62376236ms - Code: 101
2026-09-23 06:22:07 [SocketService] 🔄 Conectando [ID: 207] a ws://34.71.11.201:22222?schema=android&gps=true&console=true&version=2
2026-09-23 06:22:07 [SocketService] ✅ Recursos completamente limpiados
2026-09-23 06:22:07 [GpsViewModel] No hay conexión. Se omite procesamiento.
2026-09-23 06:22:07 [SocketService] 🔄 Nuevo Socket ID: 207
2026-09-23 06:22:07 [SocketService] 🧹 Limpiando recursos [ID: 206]
2026-09-23 06:22:07 [SocketService] ⏰ Watchdog: 146565ms sin mensajes, forzando reconexión
2026-09-23 06:19:41 [SocketMessageDispatcher] Mensaje: Header: report, Data: {positions=1}
2026-09-23 06:19:41 [SocketService] [RECIBIDO]| #12 | SID:206 | 3B | report [DATA]: {positions=1}
2026-09-23 06:19:40 [SocketService] [ENVIADO] | [NUEVO] (36B) [KEY]: report [DATA]: {trip=39119, route=1, positions=[{lng=-76.966005, busstop=0, angle=0, accuracy=6, time=2026-09-23T06:19:40.853479, lat=-11.9342061, speed=0, mark=0}], state=R, sales=0, events=[], direction=false}
2026-09-23 06:19:40 [PositionRepository] 📤 Enviando 1 (batch=2, pendientes=1)
2026-09-23 06:19:40 [LocationTrackingService] GPS desactivado - Pulso cada 5 min acc:6.287m
2026-09-23 06:19:00 [DriverSessionCoordinator] Sesión persistida en BD: 35417
2026-09-23 06:19:00 [ProtectorVM] SCREEN [id=107667746]: state=R sesion=true → protector OFF (sin timers)
2026-09-23 06:19:00 [DRIVERAUTO] VALIDATE AutoLogin: false - Paradero actual: Paradero(id=1, lado=false, ruta=Ruta(id=1, codigo=1493, inicio=null, activo=false), activo=true, nombre=PRDO INICIAL, orden=1, latitud=-11.93355736049903, liquidar=false, longitud=-76.96625955257089, radio=43.0, velocidad=50.0, terminal=false, audio=PRDO INICIAL)
2026-09-23 06:19:00 [DRIVERAUTO] La dirección de la sesión coincide con el lado del paradero actual
2026-09-23 06:19:00 [DRIVERAUTO] Primera sesión obtenida: SessionDriver(id=35417, driver_id=131, driver_code=ID131, activo=true, castigado=false, conductor=true, vencido=false, route=1, direction=false, start_time=2026-09-23T06:18:59, autoLogin=false)
2026-09-23 06:19:00 [DriverSessionCoordinator] Sesión activada: 35417
2026-09-23 06:19:00 [DriverSessionCoordinator] Paradero inicial: PRDO INICIAL
2026-09-23 06:19:00 [SocketMessageDispatcher] Mensaje: Header: driver_login, Data: {sessions=[{castigado=false, start_time=2026-09-23T06:18:59, driver_id=131, route=1, vencido=false, driver_code=ID131, id=35417, conductor=true, activo=true, direction=false}], error=false, title=Acceso permitido, message=Se ha creado una nueva sesión}
2026-09-23 06:18:59 [SocketService] [RECIBIDO]| #11 | SID:206 | 74B | driver_login [DATA]: {sessions=[{castigado=false, start_time=2026-09-23T06:18:59, driver_id=131, route=1, vencido=false, driver_code=ID131, id=35417, conductor=true, activo=true, direction=false}], error=false, title=Acceso permitido, message=Se ha creado una nueva sesión}
2026-09-23 06:18:59 [SocketMessageDispatcher] Mensaje: Header: login, Data: {voice=true, orientation=false, contactless=false, data=null, ticket=true, geofence=null, gps=false, schedule=06:33, ads=false, route=1, trip=39119, driver=null, calls=true, padron=124, id=15, state=R, map=false, placa=BCG906, direction=false, order=1}
2026-09-23 06:18:59 [SocketService] [RECIBIDO]| #10 | SID:206 | 35B | login [DATA]: {voice=true, orientation=false, contactless=false, data=null, ticket=true, geofence=null, gps=false, schedule=06:33, ads=false, route=1, trip=39119, driver=null, calls=true, padron=124, id=15, state=R, map=false, placa=BCG906, direction=false, order=1}
2026-09-23 06:18:58 [SocketService] [ENVIADO] | [NUEVO] (21B) [KEY]: driver_login [DATA]: {route=1, dni=40000002, key=0001, direction=false, vehicle=15}
2026-09-23 06:18:58 [DriverLoginRepository] Retornogps: true
2026-09-23 06:18:55 [SocketMessageDispatcher] Mensaje: Header: backward_datero_hide, Data: {pad=0, geofence=0, delta=0, orden=0, id=88906}
2026-09-23 06:18:55 [SocketMessageDispatcher] Mensaje: Header: forward_datero_hide, Data: {trip=39119, geofence=53, time=2026-09-23T06:18:55, dateros=[{delta=0, padron=0}]}
2026-09-23 06:18:55 [SocketMessageDispatcher] Mensaje: Header: salida, Data: {lado=false, estado=R, frecuencia=10, ruta=1, geocerca=null, controles=[{volada=0, tiempo=0, geocerca=1}, {volada=0, tiempo=4, geocerca=5}, {volada=0, tiempo=3, geocerca=6}, {volada=0, tiempo=2, geocerca=7}, {volada=0, tiempo=2, geocerca=8}, {volada=0, tiempo=2, geocerca=9}, {volada=0, tiempo=3, geocerca=10}, {volada=0, tiempo=2, geocerca=11}, {volada=0, tiempo=4, geocerca=12}, {volada=0, tiempo=4, geocerca=13}, {volada=0, tiempo=2, geocerca=14}, {volada=0, tiempo=2, geocerca=17}, {volada=0, tiempo=2, geocerca=15}, {volada=0, tiempo=3, geocerca=16}, {volada=0, tiempo=3, geocerca=18}, {volada=0, tiempo=5, geocerca=19}, {volada=0, tiempo=5, geocerca=20}, {volada=0, tiempo=4, geocerca=21}, {volada=0, tiempo=4, geocerca=2}, {volada=0, tiempo=0, geocerca=39}, {volada=0, tiempo=0, geocerca=40}, {volada=0, tiempo=0, geocerca=41}, {volada=0, tiempo=0, geocerca=42}, {volada=0, tiempo=0, geocerca=43}, {volada=0, tiempo=0, geocerca=44}, {volada=0, tiempo=0, geocerca=45}, {volada=0, tiempo=7, geocerca=46}, {volada=0, tiempo=10, geocerca=47}, {volada=0, tiempo=9, geocerca=48}, {volada=0, tiempo=8, geocerca=49}, {volada=0, tiempo=12, geocerca=70}, {volada=0, tiempo=12, geocerca=50}, {volada=0, tiempo=6, geocerca=71}, {volada=0, tiempo=6, geocerca=51}, {volada=0, tiempo=10, geocerca=72}, {volada=0, tiempo=5, geocerca=52}, {volada=0, tiempo=0, geocerca=164}], inicio=2026-09-23T06:23, marcados=[false, false, false, false, false, false, false, false, false, false, false, false, false, false, false, false, false, false, false, false, false, false, false, false, false, false, false, false, false, false, false, false, false, false, false, false, false], id=39119, conductor=131}
2026-09-23 06:18:55 [SocketService] [RECIBIDO]| #8 | SID:206 | 15B | backward_datero_hide [DATA]: {pad=0, geofence=0, delta=0, orden=0, id=88906}
2026-09-23 06:18:55 [SocketService] [RECIBIDO]| #7 | SID:206 | 19B | forward_datero_hide [DATA]: {trip=39119, geofence=53, time=2026-09-23T06:18:55, dateros=[{delta=0, padron=0}]}
2026-09-23 06:18:55 [SocketService] [RECIBIDO]| #6 | SID:206 | 251B | salida [DATA]: {lado=false, estado=R, frecuencia=10, ruta=1, geocerca=null, controles=[{volada=0, tiempo=0, geocerca=1}, {volada=0, tiempo=4, geocerca=5}, {volada=0, tiempo=3, geocerca=6}, {volada=0, tiempo=2, geocerca=7}, {volada=0, tiempo=2, geocerca=8}, {volada=0, tiempo=2, geocerca=9}, {volada=0, tiempo=3, geocerca=10}, {volada=0, tiempo=2, geocerca=11}, {volada=0, tiempo=4, geocerca=12}, {volada=0, tiempo=4, geocerca=13}, {volada=0, tiempo=2, geocerca=14}, {volada=0, tiempo=2, geocerca=17}, {volada=0, tiempo=2, geocerca=15}, {volada=0, tiempo=3, geocerca=16}, {volada=0, tiempo=3, geocerca=18}, {volada=0, tiempo=5, geocerca=19}, {volada=0, tiempo=5, geocerca=20}, {volada=0, tiempo=4, geocerca=21}, {volada=0, tiempo=4, geocerca=2}, {volada=0, tiempo=0, geocerca=39}, {volada=0, tiempo=0, geocerca=40}, {volada=0, tiempo=0, geocerca=41}, {volada=0, tiempo=0, geocerca=42}, {volada=0, tiempo=0, geocerca=43}, {volada=0, tiempo=0, geocerca=44}, {volada=0, tiempo=0, geocerca=45}, {volada=0, tiempo=7, geocerca=46}, {volada=0, tiempo=10, geocerca=47}, {volada=0, tiempo=9, geocerca=48}, {volada=0, tiempo=8, geocerca=49}, {volada=0, tiempo=12, geocerca=70}, {volada=0, tiempo=12, geocerca=50}, {volada=0, tiempo=6, geocerca=71}, {volada=0, tiempo=6, geocerca=51}, {volada=0, tiempo=10, geocerca=72}, {volada=0, tiempo=5, geocerca=52}, {volada=0, tiempo=0, geocerca=164}], inicio=2026-09-23T06:23, marcados=[false, false, false, false, false, false, false, false, false, false, false, false, false, false, false, false, false, false, false, false, false, false, false, false, false, false, false, false, false, false, false, false, false, false, false, false, false], id=39119, conductor=131}
2026-09-23 06:18:54 [SocketService] [ENVIADO] | [NUEVO] (4B) [KEY]: forward_datero [DATA]: {id=0}
2026-09-23 06:18:54 [SocketService] [ENVIADO] | [NUEVO] (3B) [KEY]: backward_datero [DATA]: {id=0}
2026-09-23 06:18:54 [SocketService] [ENVIADO] | [NUEVO] (7B) [KEY]: salida [DATA]: {limit=0, salida=39119}
2026-09-23 06:18:54 [ProtectorVM] HIDE PROTECTOR (doble-tap) state=R charging=true ticket=true
2026-09-23 06:18:54 [ProtectorVM] SCREEN [id=107667746]: state=R → pantalla ON, protector OFF, sin timers
2026-09-23 06:18:54 [ProtectorVM] cancelTimers: saver=false off=true queue=false busOn=false
2026-09-23 06:18:54 [SocketMessageDispatcher] Mensaje: Header: login, Data: {voice=true, orientation=false, contactless=false, data=null, ticket=true, geofence=null, gps=false, schedule=06:33, ads=false, route=1, trip=39119, driver=null, calls=true, padron=124, id=15, state=R, map=false, placa=BCG906, direction=false, order=1}
2026-09-23 06:18:54 [SocketService] [RECIBIDO]| #5 | SID:206 | 35B | login [DATA]: {voice=true, orientation=false, contactless=false, data=null, ticket=true, geofence=null, gps=false, schedule=06:33, ads=false, route=1, trip=39119, driver=null, calls=true, padron=124, id=15, state=R, map=false, placa=BCG906, direction=false, order=1}
2026-09-23 06:18:53 [ProtectorVM] >>> TIMER APAGADO INICIADO: 600000ms
2026-09-23 06:18:53 [ProtectorVM] >>> TIMER COMPLETADO -> mostrando protector + brillo 30
2026-09-23 06:18:38 [SocketMessageDispatcher] Mensaje: Header: salida, Data: {lado=true, estado=R, frecuencia=15, ruta=1, geocerca=null, controles=[{volada=-4, tiempo=0, geocerca=53}, {volada=-7, tiempo=5, geocerca=67}, {volada=-2, tiempo=10, geocerca=54}, {volada=-4, tiempo=6, geocerca=68}, {volada=-7, tiempo=6, geocerca=55}, {volada=-7, tiempo=5, geocerca=69}, {volada=-6, tiempo=12, geocerca=56}, {volada=-4, tiempo=8, geocerca=57}, {volada=2, tiempo=9, geocerca=58}, {volada=5, tiempo=10, geocerca=59}, {volada=8, tiempo=7, geocerca=60}, {volada=13, tiempo=0, geocerca=61}, {volada=21, tiempo=0, geocerca=62}, {volada=23, tiempo=0, geocerca=63}, {volada=30, tiempo=0, geocerca=64}, {volada=39, tiempo=0, geocerca=65}, {volada=51, tiempo=0, geocerca=66}, {volada=72, tiempo=0, geocerca=3}, {volada=0, tiempo=6, geocerca=22}, {volada=84, tiempo=3, geocerca=23}, {volada=98, tiempo=3, geocerca=24}, {volada=102, tiempo=3, geocerca=25}, {volada=104, tiempo=3, geocerca=26}, {volada=110, tiempo=3, geocerca=27}, {volada=111, tiempo=3, geocerca=28}, {volada=111, tiempo=3, geocerca=29}, {volada=111, tiempo=2, geocerca=30}, {volada=111, tiempo=2, geocerca=31}, {volada=111, tiempo=3, geocerca=32}, {volada=111, tiempo=4, geocerca=33}, {volada=110, tiempo=3, geocerca=34}, {volada=114, tiempo=3, geocerca=35}, {volada=114, tiempo=3, geocerca=36}, {volada=115, tiempo=3, geocerca=37}, {volada=116, tiempo=3, geocerca=38}, {volada=138, tiempo=5, geocerca=4}], inicio=2026-09-22T17:00, marcados=[true, true, true, true, true, true, true, true, true, true, true, true, true, true, true, true, true, true, false, true, true, true, true, true, true, true, true, true, true, true, true, true, true, true, true, true], id=39084, conductor=145}
2026-09-23 06:18:38 [SocketMessageDispatcher] Mensaje: Header: backward_datero_hide, Data: {pad=143, geofence=4, delta=31, orden=0, id=4708707417}
2026-09-23 06:18:38 [SocketMessageDispatcher] Mensaje: Header: forward_datero_hide, Data: {trip=39084, geofence=53, time=2026-09-23T06:18:38, dateros=[{delta=0, padron=0}]}
2026-09-23 06:18:38 [SocketService] [RECIBIDO]| #4 | SID:206 | 245B | salida [DATA]: {lado=true, estado=R, frecuencia=15, ruta=1, geocerca=null, controles=[{volada=-4, tiempo=0, geocerca=53}, {volada=-7, tiempo=5, geocerca=67}, {volada=-2, tiempo=10, geocerca=54}, {volada=-4, tiempo=6, geocerca=68}, {volada=-7, tiempo=6, geocerca=55}, {volada=-7, tiempo=5, geocerca=69}, {volada=-6, tiempo=12, geocerca=56}, {volada=-4, tiempo=8, geocerca=57}, {volada=2, tiempo=9, geocerca=58}, {volada=5, tiempo=10, geocerca=59}, {volada=8, tiempo=7, geocerca=60}, {volada=13, tiempo=0, geocerca=61}, {volada=21, tiempo=0, geocerca=62}, {volada=23, tiempo=0, geocerca=63}, {volada=30, tiempo=0, geocerca=64}, {volada=39, tiempo=0, geocerca=65}, {volada=51, tiempo=0, geocerca=66}, {volada=72, tiempo=0, geocerca=3}, {volada=0, tiempo=6, geocerca=22}, {volada=84, tiempo=3, geocerca=23}, {volada=98, tiempo=3, geocerca=24}, {volada=102, tiempo=3, geocerca=25}, {volada=104, tiempo=3, geocerca=26}, {volada=110, tiempo=3, geocerca=27}, {volada=111, tiempo=3, geocerca=28}, {volada=111, tiempo=3, geocerca=29}, {volada=111, tiempo=2, geocerca=30}, {volada=111, tiempo=2, geocerca=31}, {volada=111, tiempo=3, geocerca=32}, {volada=111, tiempo=4, geocerca=33}, {volada=110, tiempo=3, geocerca=34}, {volada=114, tiempo=3, geocerca=35}, {volada=114, tiempo=3, geocerca=36}, {volada=115, tiempo=3, geocerca=37}, {volada=116, tiempo=3, geocerca=38}, {volada=138, tiempo=5, geocerca=4}], inicio=2026-09-22T17:00, marcados=[true, true, true, true, true, true, true, true, true, true, true, true, true, true, true, true, true, true, false, true, true, true, true, true, true, true, true, true, true, true, true, true, true, true, true, true], id=39084, conductor=145}
2026-09-23 06:18:38 [SocketService] [RECIBIDO]| #3 | SID:206 | 20B | backward_datero_hide [DATA]: {pad=143, geofence=4, delta=31, orden=0, id=4708707417}
2026-09-23 06:18:38 [SocketService] [RECIBIDO]| #2 | SID:206 | 19B | forward_datero_hide [DATA]: {trip=39084, geofence=53, time=2026-09-23T06:18:38, dateros=[{delta=0, padron=0}]}
2026-09-23 06:18:38 [SocketService] [ENVIADO] | [NUEVO] (3B) [KEY]: backward_datero [DATA]: {id=0}
2026-09-23 06:18:37 [SocketService] [ENVIADO] | [NUEVO] (7B) [KEY]: salida [DATA]: {limit=0, salida=39084}
2026-09-23 06:18:37 [SocketMessageDispatcher] ✅ Login confirmado por servidor (sesión OK)
2026-09-23 06:18:37 [SocketService] [ENVIADO] | [NUEVO] (4B) [KEY]: forward_datero [DATA]: {id=0}
2026-09-23 06:18:37 [SocketMessageDispatcher] Mensaje: Header: login, Data: {voice=true, orientation=false, contactless=false, data=2026-09-23T06:18:38, ticket=true, geofence=null, gps=false, schedule=06:33, ads=false, route=1, trip=39084, driver=null, calls=true, padron=124, id=15, state=E, map=false, placa=BCG906, direction=false, order=2}
2026-09-23 06:18:37 [SocketService] [RECIBIDO]| #1 | SID:206 | 35B | login [DATA]: {voice=true, orientation=false, contactless=false, data=2026-09-23T06:18:38, ticket=true, geofence=null, gps=false, schedule=06:33, ads=false, route=1, trip=39084, driver=null, calls=true, padron=124, id=15, state=E, map=false, placa=BCG906, direction=false, order=2}
2026-09-23 06:18:37 [SocketService] 🔒 WakeLock + WifiLock adquiridos
2026-09-23 06:18:37 [SocketService] [ENVIADO] | [NUEVO] (18B) [KEY]: login [DATA]: {serial=864255060447047}
2026-09-23 06:18:37 [SocketService] 🔑 Enviando login handshake (864255060447047)
2026-09-23 06:18:37 [SocketService] ✅ CONECTADO [ID: 206] en 62165788ms - Code: 101
2026-09-23 06:18:37 [SocketService] 🔄 Conectando [ID: 206] a ws://34.71.11.201:22222?schema=android&gps=true&console=true&version=2
2026-09-23 06:18:37 [SocketService] ✅ Recursos completamente limpiados
2026-09-23 06:18:37 [GpsViewModel] No hay conexión. Se omite procesamiento.
2026-09-23 06:18:37 [SocketService] 🔄 Nuevo Socket ID: 206
2026-09-23 06:18:37 [SocketService] 🧹 Limpiando recursos [ID: 205]
2026-09-23 06:18:37 [SocketService] ⏰ Watchdog: 143165ms sin mensajes, forzando reconexión
2026-09-23 06:18:33 [ProtectorVM] HIDE: ESPERA sin bus ON → reiniciando timer 20s
2026-09-23 06:18:33 [ProtectorVM] >>> TIMER PROTECTOR INICIADO: 20000ms
2026-09-23 06:18:33 [ProtectorVM] cancelTimers: saver=false off=true queue=false busOn=false
2026-09-23 06:18:33 [ProtectorVM] HIDE PROTECTOR (doble-tap) state=E charging=true ticket=true
2026-09-23 06:18:31 [ProtectorVM] >>> TIMER APAGADO INICIADO: 600000ms
2026-09-23 06:18:31 [ProtectorVM] >>> TIMER COMPLETADO -> mostrando protector + brillo 30
2026-09-23 06:18:11 [ProtectorVM] HIDE: ESPERA sin bus ON → reiniciando timer 20s
2026-09-23 06:18:11 [ProtectorVM] >>> TIMER PROTECTOR INICIADO: 20000ms
2026-09-23 06:18:11 [ProtectorVM] cancelTimers: saver=false off=true queue=false busOn=false
2026-09-23 06:18:11 [ProtectorVM] HIDE PROTECTOR (doble-tap) state=E charging=true ticket=true
2026-09-23 06:18:10 [ProtectorVM] >>> TIMER APAGADO INICIADO: 600000ms
2026-09-23 06:18:10 [ProtectorVM] >>> TIMER COMPLETADO -> mostrando protector + brillo 30
2026-09-23 06:17:50 [ProtectorVM] HIDE: ESPERA sin bus ON → reiniciando timer 20s
2026-09-23 06:17:50 [ProtectorVM] >>> TIMER PROTECTOR INICIADO: 20000ms
2026-09-23 06:17:50 [ProtectorVM] cancelTimers: saver=false off=true queue=false busOn=false
2026-09-23 06:17:50 [ProtectorVM] HIDE PROTECTOR (doble-tap) state=E charging=true ticket=true
2026-09-23 06:17:49 [ProtectorVM] >>> TIMER APAGADO INICIADO: 600000ms
2026-09-23 06:17:49 [ProtectorVM] >>> TIMER COMPLETADO -> mostrando protector + brillo 30
2026-09-23 06:17:29 [ProtectorVM] >>> TIMER PROTECTOR INICIADO: 20000ms
2026-09-23 06:17:29 [ProtectorVM] cancelTimers: saver=false off=true queue=false busOn=false
2026-09-23 06:17:29 [ProtectorVM] HIDE: ESPERA sin bus ON → reiniciando timer 20s
2026-09-23 06:17:29 [ProtectorVM] HIDE PROTECTOR (doble-tap) state=E charging=true ticket=true
2026-09-23 06:17:29 [ProtectorVM] TEMP: 29.3C -> cap térmico 100%
2026-09-23 06:17:29 [ProtectorVM] temp: 29.3C
2026-09-23 06:17:26 [ProtectorVM] >>> TIMER APAGADO INICIADO: 600000ms
2026-09-23 06:17:26 [ProtectorVM] >>> TIMER COMPLETADO -> mostrando protector + brillo 30
2026-09-23 06:17:06 [ProtectorVM] >>> TIMER PROTECTOR INICIADO: 20000ms
2026-09-23 06:17:06 [ProtectorVM] cancelTimers: saver=false off=true queue=false busOn=false
2026-09-23 06:17:06 [ProtectorVM] HIDE: ESPERA sin bus ON → reiniciando timer 20s
2026-09-23 06:17:06 [ProtectorVM] HIDE PROTECTOR (doble-tap) state=E charging=true ticket=true
2026-09-23 06:16:00 [ProtectorVM] >>> TIMER APAGADO INICIADO: 600000ms
2026-09-23 06:16:00 [ProtectorVM] >>> TIMER COMPLETADO -> mostrando protector + brillo 30
2026-09-23 06:15:40 [ProtectorVM] HIDE: ESPERA sin bus ON → reiniciando timer 20s
2026-09-23 06:15:40 [ProtectorVM] >>> TIMER PROTECTOR INICIADO: 20000ms
2026-09-23 06:15:40 [ProtectorVM] cancelTimers: saver=false off=true queue=false busOn=false
2026-09-23 06:15:40 [ProtectorVM] HIDE PROTECTOR (doble-tap) state=E charging=true ticket=true
2026-09-23 06:15:40 [ProtectorVM] >>> TIMER APAGADO INICIADO: 600000ms
2026-09-23 06:15:40 [ProtectorVM] >>> TIMER COMPLETADO -> mostrando protector + brillo 30
2026-09-23 06:15:20 [ProtectorVM] >>> TIMER PROTECTOR INICIADO: 20000ms
2026-09-23 06:15:20 [ProtectorVM] cancelTimers: saver=false off=true queue=false busOn=false
2026-09-23 06:15:20 [ProtectorVM] HIDE: ESPERA sin bus ON → reiniciando timer 20s
2026-09-23 06:15:20 [ProtectorVM] HIDE PROTECTOR (doble-tap) state=E charging=true ticket=true
2026-09-23 06:15:01 [ProtectorVM] >>> TIMER APAGADO INICIADO: 600000ms
2026-09-23 06:15:01 [ProtectorVM] >>> TIMER COMPLETADO -> mostrando protector + brillo 30
2026-09-23 06:14:41 [ProtectorVM] >>> TIMER PROTECTOR INICIADO: 20000ms
2026-09-23 06:14:41 [ProtectorVM] cancelTimers: saver=false off=true queue=false busOn=false
2026-09-23 06:14:41 [ProtectorVM] HIDE: ESPERA sin bus ON → reiniciando timer 20s
2026-09-23 06:14:41 [ProtectorVM] HIDE PROTECTOR (doble-tap) state=E charging=true ticket=true
2026-09-23 06:14:40 [ProtectorVM] >>> TIMER APAGADO INICIADO: 600000ms
2026-09-23 06:14:40 [ProtectorVM] >>> TIMER COMPLETADO -> mostrando protector + brillo 30
2026-09-23 06:14:38 [SocketMessageDispatcher] Mensaje: Header: report, Data: {positions=1}
2026-09-23 06:14:38 [SocketMessageDispatcher] Mensaje: Header: backward_datero_hide, Data: {pad=143, geofence=4, delta=31, orden=0, id=4708707417}
2026-09-23 06:14:38 [SocketMessageDispatcher] Mensaje: Header: salida, Data: {lado=true, estado=R, frecuencia=15, ruta=1, geocerca=null, controles=[{volada=-4, tiempo=0, geocerca=53}, {volada=-7, tiempo=5, geocerca=67}, {volada=-2, tiempo=10, geocerca=54}, {volada=-4, tiempo=6, geocerca=68}, {volada=-7, tiempo=6, geocerca=55}, {volada=-7, tiempo=5, geocerca=69}, {volada=-6, tiempo=12, geocerca=56}, {volada=-4, tiempo=8, geocerca=57}, {volada=2, tiempo=9, geocerca=58}, {volada=5, tiempo=10, geocerca=59}, {volada=8, tiempo=7, geocerca=60}, {volada=13, tiempo=0, geocerca=61}, {volada=21, tiempo=0, geocerca=62}, {volada=23, tiempo=0, geocerca=63}, {volada=30, tiempo=0, geocerca=64}, {volada=39, tiempo=0, geocerca=65}, {volada=51, tiempo=0, geocerca=66}, {volada=72, tiempo=0, geocerca=3}, {volada=0, tiempo=6, geocerca=22}, {volada=84, tiempo=3, geocerca=23}, {volada=98, tiempo=3, geocerca=24}, {volada=102, tiempo=3, geocerca=25}, {volada=104, tiempo=3, geocerca=26}, {volada=110, tiempo=3, geocerca=27}, {volada=111, tiempo=3, geocerca=28}, {volada=111, tiempo=3, geocerca=29}, {volada=111, tiempo=2, geocerca=30}, {volada=111, tiempo=2, geocerca=31}, {volada=111, tiempo=3, geocerca=32}, {volada=111, tiempo=4, geocerca=33}, {volada=110, tiempo=3, geocerca=34}, {volada=114, tiempo=3, geocerca=35}, {volada=114, tiempo=3, geocerca=36}, {volada=115, tiempo=3, geocerca=37}, {volada=116, tiempo=3, geocerca=38}, {volada=138, tiempo=5, geocerca=4}], inicio=2026-09-22T17:00, marcados=[true, true, true, true, true, true, true, true, true, true, true, true, true, true, true, true, true, true, false, true, true, true, true, true, true, true, true, true, true, true, true, true, true, true, true, true], id=39084, conductor=145}
2026-09-23 06:14:38 [SocketMessageDispatcher] Mensaje: Header: forward_datero_hide, Data: {trip=39084, geofence=53, time=2026-09-23T06:14:37, dateros=[{delta=0, padron=0}]}
2026-09-23 06:14:38 [SocketService] [RECIBIDO]| #5 | SID:205 | 3B | report [DATA]: {positions=1}
2026-09-23 06:14:37 [SocketService] [ENVIADO] | [NUEVO] (36B) [KEY]: report [DATA]: {trip=39084, route=1, positions=[{lng=-76.9662196, busstop=0, angle=0, accuracy=6, time=2026-09-23T06:14:37.863599, lat=-11.9346528, speed=0, mark=0}], state=E, sales=0, events=[], direction=false}
2026-09-23 06:14:37 [PositionRepository] 📤 Enviando 1 (batch=2, pendientes=1)
2026-09-23 06:14:37 [SocketService] [RECIBIDO]| #4 | SID:205 | 20B | backward_datero_hide [DATA]: {pad=143, geofence=4, delta=31, orden=0, id=4708707417}
2026-09-23 06:14:37 [LocationTrackingService] GPS desactivado - Pulso cada 5 min acc:6.562m
2026-09-23 06:14:37 [SocketService] [RECIBIDO]| #3 | SID:205 | 19B | forward_datero_hide [DATA]: {trip=39084, geofence=53, time=2026-09-23T06:14:37, dateros=[{delta=0, padron=0}]}
2026-09-23 06:14:37 [SocketService] [RECIBIDO]| #2 | SID:205 | 245B | salida [DATA]: {lado=true, estado=R, frecuencia=15, ruta=1, geocerca=null, controles=[{volada=-4, tiempo=0, geocerca=53}, {volada=-7, tiempo=5, geocerca=67}, {volada=-2, tiempo=10, geocerca=54}, {volada=-4, tiempo=6, geocerca=68}, {volada=-7, tiempo=6, geocerca=55}, {volada=-7, tiempo=5, geocerca=69}, {volada=-6, tiempo=12, geocerca=56}, {volada=-4, tiempo=8, geocerca=57}, {volada=2, tiempo=9, geocerca=58}, {volada=5, tiempo=10, geocerca=59}, {volada=8, tiempo=7, geocerca=60}, {volada=13, tiempo=0, geocerca=61}, {volada=21, tiempo=0, geocerca=62}, {volada=23, tiempo=0, geocerca=63}, {volada=30, tiempo=0, geocerca=64}, {volada=39, tiempo=0, geocerca=65}, {volada=51, tiempo=0, geocerca=66}, {volada=72, tiempo=0, geocerca=3}, {volada=0, tiempo=6, geocerca=22}, {volada=84, tiempo=3, geocerca=23}, {volada=98, tiempo=3, geocerca=24}, {volada=102, tiempo=3, geocerca=25}, {volada=104, tiempo=3, geocerca=26}, {volada=110, tiempo=3, geocerca=27}, {volada=111, tiempo=3, geocerca=28}, {volada=111, tiempo=3, geocerca=29}, {volada=111, tiempo=2, geocerca=30}, {volada=111, tiempo=2, geocerca=31}, {volada=111, tiempo=3, geocerca=32}, {volada=111, tiempo=4, geocerca=33}, {volada=110, tiempo=3, geocerca=34}, {volada=114, tiempo=3, geocerca=35}, {volada=114, tiempo=3, geocerca=36}, {volada=115, tiempo=3, geocerca=37}, {volada=116, tiempo=3, geocerca=38}, {volada=138, tiempo=5, geocerca=4}], inicio=2026-09-22T17:00, marcados=[true, true, true, true, true, true, true, true, true, true, true, true, true, true, true, true, true, true, false, true, true, true, true, true, true, true, true, true, true, true, true, true, true, true, true, true], id=39084, conductor=145}
2026-09-23 06:14:37 [SocketService] [ENVIADO] | [NUEVO] (3B) [KEY]: backward_datero [DATA]: {id=0}
2026-09-23 06:14:37 [SocketService] [ENVIADO] | [NUEVO] (4B) [KEY]: forward_datero [DATA]: {id=0}
2026-09-23 06:14:37 [SocketService] [ENVIADO] | [NUEVO] (7B) [KEY]: salida [DATA]: {limit=0, salida=39084}
2026-09-23 06:14:37 [SocketMessageDispatcher] ✅ Login confirmado por servidor (sesión OK)
2026-09-23 06:14:37 [SocketMessageDispatcher] Mensaje: Header: login, Data: {voice=true, orientation=false, contactless=false, data=2026-09-23T06:14:37, ticket=true, geofence=null, gps=false, schedule=06:33, ads=false, route=1, trip=39084, driver=null, calls=true, padron=124, id=15, state=E, map=false, placa=BCG906, direction=false, order=2}
2026-09-23 06:14:37 [SocketService] [RECIBIDO]| #1 | SID:205 | 35B | login [DATA]: {voice=true, orientation=false, contactless=false, data=2026-09-23T06:14:37, ticket=true, geofence=null, gps=false, schedule=06:33, ads=false, route=1, trip=39084, driver=null, calls=true, padron=124, id=15, state=E, map=false, placa=BCG906, direction=false, order=2}
2026-09-23 06:14:37 [SocketService] 🔒 WakeLock + WifiLock adquiridos
2026-09-23 06:14:37 [SocketService] [ENVIADO] | [NUEVO] (18B) [KEY]: login [DATA]: {serial=864255060447047}
2026-09-23 06:14:37 [SocketService] 🔑 Enviando login handshake (864255060447047)
2026-09-23 06:14:37 [SocketService] ✅ CONECTADO [ID: 205] en 61925176ms - Code: 101
2026-09-23 06:14:36 [SocketService] 🔄 Conectando [ID: 205] a ws://34.71.11.201:22222?schema=android&gps=true&console=true&version=2
2026-09-23 06:14:36 [SocketService] ✅ Recursos completamente limpiados
2026-09-23 06:14:36 [GpsViewModel] No hay conexión. Se omite procesamiento.
2026-09-23 06:14:36 [SocketService] 🔄 Nuevo Socket ID: 205
2026-09-23 06:14:36 [SocketService] ⏰ Watchdog: 141541ms sin mensajes, forzando reconexión
2026-09-23 06:14:36 [SocketService] 🧹 Limpiando recursos [ID: 204]
2026-09-23 06:14:20 [ProtectorVM] >>> TIMER PROTECTOR INICIADO: 20000ms
2026-09-23 06:14:20 [ProtectorVM] HIDE: ESPERA sin bus ON → reiniciando timer 20s
2026-09-23 06:14:20 [ProtectorVM] cancelTimers: saver=false off=true queue=false busOn=false
2026-09-23 06:14:20 [ProtectorVM] HIDE PROTECTOR (doble-tap) state=E charging=true ticket=true
2026-09-23 06:13:58 [ProtectorVM] >>> TIMER APAGADO INICIADO: 600000ms
2026-09-23 06:13:58 [ProtectorVM] >>> TIMER COMPLETADO -> mostrando protector + brillo 30
2026-09-23 06:13:38 [ProtectorVM] HIDE: ESPERA sin bus ON → reiniciando timer 20s
2026-09-23 06:13:38 [ProtectorVM] >>> TIMER PROTECTOR INICIADO: 20000ms
2026-09-23 06:13:38 [ProtectorVM] cancelTimers: saver=false off=true queue=false busOn=false
2026-09-23 06:13:38 [ProtectorVM] HIDE PROTECTOR (doble-tap) state=E charging=true ticket=true
2026-09-23 06:12:45 [ProtectorVM] >>> TIMER APAGADO INICIADO: 600000ms
2026-09-23 06:12:45 [ProtectorVM] >>> TIMER COMPLETADO -> mostrando protector + brillo 30
2026-09-23 06:12:29 [ProtectorVM] TEMP: 29.0C -> cap térmico 100%
2026-09-23 06:12:29 [ProtectorVM] temp: 29.0C
2026-09-23 06:12:25 [ProtectorVM] >>> TIMER PROTECTOR INICIADO: 20000ms
2026-09-23 06:12:15 [ProtectorVM] cancelTimers: saver=true off=false queue=false busOn=false
2026-09-23 06:12:14 [SocketMessageDispatcher] Mensaje: Header: login, Data: {voice=true, orientation=false, contactless=false, data=null, ticket=true, geofence=null, gps=false, schedule=06:33, ads=false, route=1, trip=39084, driver=null, calls=true, padron=124, id=15, state=E, map=false, placa=BCG906, direction=false, order=2}
2026-09-23 06:12:14 [SocketService] [RECIBIDO]| #13 | SID:204 | 35B | login [DATA]: {voice=true, orientation=false, contactless=false, data=null, ticket=true, geofence=null, gps=false, schedule=06:33, ads=false, route=1, trip=39084, driver=null, calls=true, padron=124, id=15, state=E, map=false, placa=BCG906, direction=false, order=2}
2026-09-23 06:12:09 [ProtectorVM] >>> TIMER PROTECTOR INICIADO: 20000ms
2026-09-23 06:11:59 [ProtectorVM] cancelTimers: saver=false off=true queue=false busOn=false
2026-09-23 06:11:59 [SocketMessageDispatcher] Mensaje: Header: login, Data: {voice=true, orientation=false, contactless=false, data=null, ticket=true, geofence=null, gps=false, schedule=06:23, ads=false, route=1, trip=39084, driver=null, calls=true, padron=124, id=15, state=E, map=false, placa=BCG906, direction=false, order=2}
2026-09-23 06:11:59 [SocketService] [RECIBIDO]| #12 | SID:204 | 35B | login [DATA]: {voice=true, orientation=false, contactless=false, data=null, ticket=true, geofence=null, gps=false, schedule=06:23, ads=false, route=1, trip=39084, driver=null, calls=true, padron=124, id=15, state=E, map=false, placa=BCG906, direction=false, order=2}
2026-09-23 06:11:48 [SocketMessageDispatcher] Mensaje: Header: login, Data: {voice=true, orientation=false, contactless=false, data=null, ticket=true, geofence=null, gps=false, schedule=06:13, ads=false, route=1, trip=39084, driver=null, calls=true, padron=124, id=15, state=E, map=false, placa=BCG906, direction=false, order=1}
2026-09-23 06:11:48 [SocketService] [RECIBIDO]| #11 | SID:204 | 35B | login [DATA]: {voice=true, orientation=false, contactless=false, data=null, ticket=true, geofence=null, gps=false, schedule=06:13, ads=false, route=1, trip=39084, driver=null, calls=true, padron=124, id=15, state=E, map=false, placa=BCG906, direction=false, order=1}
2026-09-23 06:10:50 [ProtectorVM] >>> TIMER APAGADO INICIADO: 600000ms
2026-09-23 06:10:50 [ProtectorVM] >>> TIMER COMPLETADO -> mostrando protector + brillo 30
2026-09-23 06:10:30 [ProtectorVM] >>> TIMER PROTECTOR INICIADO: 20000ms
2026-09-23 06:10:20 [ProtectorVM] cancelTimers: saver=false off=false queue=true busOn=false
2026-09-23 06:10:20 [SocketMessageDispatcher] Mensaje: Header: login, Data: {voice=true, orientation=false, contactless=false, data=null, ticket=true, geofence=null, gps=false, schedule=06:13, ads=false, route=1, trip=39084, driver=null, calls=true, padron=124, id=15, state=E, map=false, placa=BCG906, direction=false, order=1}
2026-09-23 06:10:20 [SocketService] [RECIBIDO]| #9 | SID:204 | 35B | login [DATA]: {voice=true, orientation=false, contactless=false, data=null, ticket=true, geofence=null, gps=false, schedule=06:13, ads=false, route=1, trip=39084, driver=null, calls=true, padron=124, id=15, state=E, map=false, placa=BCG906, direction=false, order=1}
2026-09-23 06:10:19 [ProtectorVM] cancelTimers: saver=true off=false queue=false busOn=false
2026-09-23 06:10:19 [SocketMessageDispatcher] Mensaje: Header: login, Data: {voice=true, orientation=false, contactless=false, data=null, ticket=true, geofence=null, gps=false, schedule=06:04, ads=false, route=1, trip=39084, driver=null, calls=true, padron=124, id=15, state=E, map=false, placa=BCG906, direction=false, order=1}
2026-09-23 06:10:19 [SocketService] [RECIBIDO]| #8 | SID:204 | 35B | login [DATA]: {voice=true, orientation=false, contactless=false, data=null, ticket=true, geofence=null, gps=false, schedule=06:04, ads=false, route=1, trip=39084, driver=null, calls=true, padron=124, id=15, state=E, map=false, placa=BCG906, direction=false, order=1}
2026-09-23 06:10:10 [SocketMessageDispatcher] Mensaje: Header: login, Data: {voice=true, orientation=false, contactless=false, data=null, ticket=true, geofence=null, gps=false, schedule=06:11, ads=false, route=1, trip=39084, driver=null, calls=true, padron=124, id=15, state=E, map=false, placa=BCG906, direction=false, order=1}
2026-09-23 06:10:10 [SocketService] [RECIBIDO]| #7 | SID:204 | 35B | login [DATA]: {voice=true, orientation=false, contactless=false, data=null, ticket=true, geofence=null, gps=false, schedule=06:11, ads=false, route=1, trip=39084, driver=null, calls=true, padron=124, id=15, state=E, map=false, placa=BCG906, direction=false, order=1}
2026-09-23 06:10:08 [ProtectorVM] >>> TIMER PROTECTOR INICIADO: 20000ms
2026-09-23 06:09:58 [LocationTrackingService] Location updates activos
2026-09-23 06:09:58 [ProtectorVM] cancelTimers: saver=true off=false queue=false busOn=false
2026-09-23 06:09:58 [ProtectorVM] SCREEN [id=107667746]: state=E sesion=false → iniciando ciclo protector
2026-09-23 06:09:58 [ProtectorVM] >>> TIMER PROTECTOR INICIADO: 20000ms
2026-09-23 06:09:58 [ProtectorVM] cancelTimers: saver=false off=true queue=false busOn=false
2026-09-23 06:09:58 [LocationTrackingService] Iniciando tracking - Modo: ESPERA, Intervalo: 2500ms
2026-09-23 06:09:58 [LocationTrackingService] Cambio modo GPS: E - highAccuracy=true
2026-09-23 06:09:58 [LocationTrackingService] Location updates detenidos
2026-09-23 06:09:58 [SocketMessageDispatcher] Mensaje: Header: login, Data: {voice=true, orientation=false, contactless=false, data=null, ticket=true, geofence=null, gps=false, schedule=06:11, ads=false, route=1, trip=39084, driver=null, calls=true, padron=124, id=15, state=E, map=false, placa=BCG906, direction=false, order=1}
2026-09-23 06:09:58 [SocketService] [RECIBIDO]| #6 | SID:204 | 35B | login [DATA]: {voice=true, orientation=false, contactless=false, data=null, ticket=true, geofence=null, gps=false, schedule=06:11, ads=false, route=1, trip=39084, driver=null, calls=true, padron=124, id=15, state=E, map=false, placa=BCG906, direction=false, order=1}
2026-09-23 06:09:36 [SocketMessageDispatcher] Mensaje: Header: report, Data: {positions=1}
2026-09-23 06:09:36 [SocketService] [RECIBIDO]| #5 | SID:204 | 3B | report [DATA]: {positions=1}
2026-09-23 06:09:35 [SocketService] [ENVIADO] | [NUEVO] (36B) [KEY]: report [DATA]: {trip=39084, route=1, positions=[{lng=-76.9662203, busstop=0, angle=0, accuracy=7, time=2026-09-23T06:09:35.866468, lat=-11.9346514, speed=0, mark=0}], state=T, sales=0, events=[], direction=false}
2026-09-23 06:09:35 [PositionRepository] 📤 Enviando 1 (batch=2, pendientes=1)
2026-09-23 06:09:35 [LocationTrackingService] GPS desactivado - Pulso cada 5 min acc:7.177m
2026-09-23 06:08:38 [SocketMessageDispatcher] Mensaje: Header: backward_datero_hide, Data: {pad=143, geofence=4, delta=31, orden=0, id=4708707417}
2026-09-23 06:08:38 [SocketMessageDispatcher] Mensaje: Header: forward_datero_hide, Data: {trip=39084, geofence=53, time=2026-09-23T06:08:37, dateros=[{delta=0, padron=0}]}
2026-09-23 06:08:38 [SocketMessageDispatcher] Mensaje: Header: salida, Data: {lado=true, estado=R, frecuencia=15, ruta=1, geocerca=null, controles=[{volada=-4, tiempo=0, geocerca=53}, {volada=-7, tiempo=5, geocerca=67}, {volada=-2, tiempo=10, geocerca=54}, {volada=-4, tiempo=6, geocerca=68}, {volada=-7, tiempo=6, geocerca=55}, {volada=-7, tiempo=5, geocerca=69}, {volada=-6, tiempo=12, geocerca=56}, {volada=-4, tiempo=8, geocerca=57}, {volada=2, tiempo=9, geocerca=58}, {volada=5, tiempo=10, geocerca=59}, {volada=8, tiempo=7, geocerca=60}, {volada=13, tiempo=0, geocerca=61}, {volada=21, tiempo=0, geocerca=62}, {volada=23, tiempo=0, geocerca=63}, {volada=30, tiempo=0, geocerca=64}, {volada=39, tiempo=0, geocerca=65}, {volada=51, tiempo=0, geocerca=66}, {volada=72, tiempo=0, geocerca=3}, {volada=0, tiempo=6, geocerca=22}, {volada=84, tiempo=3, geocerca=23}, {volada=98, tiempo=3, geocerca=24}, {volada=102, tiempo=3, geocerca=25}, {volada=104, tiempo=3, geocerca=26}, {volada=110, tiempo=3, geocerca=27}, {volada=111, tiempo=3, geocerca=28}, {volada=111, tiempo=3, geocerca=29}, {volada=111, tiempo=2, geocerca=30}, {volada=111, tiempo=2, geocerca=31}, {volada=111, tiempo=3, geocerca=32}, {volada=111, tiempo=4, geocerca=33}, {volada=110, tiempo=3, geocerca=34}, {volada=114, tiempo=3, geocerca=35}, {volada=114, tiempo=3, geocerca=36}, {volada=115, tiempo=3, geocerca=37}, {volada=116, tiempo=3, geocerca=38}, {volada=138, tiempo=5, geocerca=4}], inicio=2026-09-22T17:00, marcados=[true, true, true, true, true, true, true, true, true, true, true, true, true, true, true, true, true, true, false, true, true, true, true, true, true, true, true, true, true, true, true, true, true, true, true, true], id=39084, conductor=145}
2026-09-23 06:08:37 [SocketService] [RECIBIDO]| #4 | SID:204 | 20B | backward_datero_hide [DATA]: {pad=143, geofence=4, delta=31, orden=0, id=4708707417}
2026-09-23 06:08:37 [SocketService] [RECIBIDO]| #3 | SID:204 | 19B | forward_datero_hide [DATA]: {trip=39084, geofence=53, time=2026-09-23T06:08:37, dateros=[{delta=0, padron=0}]}
2026-09-23 06:08:37 [SocketService] [RECIBIDO]| #2 | SID:204 | 245B | salida [DATA]: {lado=true, estado=R, frecuencia=15, ruta=1, geocerca=null, controles=[{volada=-4, tiempo=0, geocerca=53}, {volada=-7, tiempo=5, geocerca=67}, {volada=-2, tiempo=10, geocerca=54}, {volada=-4, tiempo=6, geocerca=68}, {volada=-7, tiempo=6, geocerca=55}, {volada=-7, tiempo=5, geocerca=69}, {volada=-6, tiempo=12, geocerca=56}, {volada=-4, tiempo=8, geocerca=57}, {volada=2, tiempo=9, geocerca=58}, {volada=5, tiempo=10, geocerca=59}, {volada=8, tiempo=7, geocerca=60}, {volada=13, tiempo=0, geocerca=61}, {volada=21, tiempo=0, geocerca=62}, {volada=23, tiempo=0, geocerca=63}, {volada=30, tiempo=0, geocerca=64}, {volada=39, tiempo=0, geocerca=65}, {volada=51, tiempo=0, geocerca=66}, {volada=72, tiempo=0, geocerca=3}, {volada=0, tiempo=6, geocerca=22}, {volada=84, tiempo=3, geocerca=23}, {volada=98, tiempo=3, geocerca=24}, {volada=102, tiempo=3, geocerca=25}, {volada=104, tiempo=3, geocerca=26}, {volada=110, tiempo=3, geocerca=27}, {volada=111, tiempo=3, geocerca=28}, {volada=111, tiempo=3, geocerca=29}, {volada=111, tiempo=2, geocerca=30}, {volada=111, tiempo=2, geocerca=31}, {volada=111, tiempo=3, geocerca=32}, {volada=111, tiempo=4, geocerca=33}, {volada=110, tiempo=3, geocerca=34}, {volada=114, tiempo=3, geocerca=35}, {volada=114, tiempo=3, geocerca=36}, {volada=115, tiempo=3, geocerca=37}, {volada=116, tiempo=3, geocerca=38}, {volada=138, tiempo=5, geocerca=4}], inicio=2026-09-22T17:00, marcados=[true, true, true, true, true, true, true, true, true, true, true, true, true, true, true, true, true, true, false, true, true, true, true, true, true, true, true, true, true, true, true, true, true, true, true, true], id=39084, conductor=145}
2026-09-23 06:08:37 [SocketService] [ENVIADO] | [NUEVO] (3B) [KEY]: backward_datero [DATA]: {id=0}
2026-09-23 06:08:37 [SocketService] [ENVIADO] | [NUEVO] (4B) [KEY]: forward_datero [DATA]: {id=0}
2026-09-23 06:08:37 [SocketService] [ENVIADO] | [NUEVO] (7B) [KEY]: salida [DATA]: {limit=0, salida=39084}
2026-09-23 06:08:37 [SocketMessageDispatcher] ✅ Login confirmado por servidor (sesión OK)
2026-09-23 06:08:37 [SocketMessageDispatcher] Mensaje: Header: login, Data: {voice=true, orientation=false, contactless=false, data=2026-09-23T06:08:37, ticket=true, geofence=null, gps=false, schedule=20:55, ads=false, route=1, trip=39084, driver=null, calls=true, padron=124, id=15, state=T, map=false, placa=BCG906, direction=false, order=10}
2026-09-23 06:08:37 [SocketService] [RECIBIDO]| #1 | SID:204 | 35B | login [DATA]: {voice=true, orientation=false, contactless=false, data=2026-09-23T06:08:37, ticket=true, geofence=null, gps=false, schedule=20:55, ads=false, route=1, trip=39084, driver=null, calls=true, padron=124, id=15, state=T, map=false, placa=BCG906, direction=false, order=10}
2026-09-23 06:08:36 [SocketService] 🔒 WakeLock + WifiLock adquiridos
2026-09-23 06:08:36 [SocketService] [ENVIADO] | [NUEVO] (18B) [KEY]: login [DATA]: {serial=864255060447047}
2026-09-23 06:08:36 [SocketService] 🔑 Enviando login handshake (864255060447047)
2026-09-23 06:08:36 [SocketService] ✅ CONECTADO [ID: 204] en 61564661ms - Code: 101
2026-09-23 06:08:36 [GpsViewModel] No hay conexión. Se omite procesamiento.
2026-09-23 06:08:36 [SocketService] 🔄 Conectando [ID: 204] a ws://34.71.11.201:22222?schema=android&gps=true&console=true&version=2
2026-09-23 06:08:36 [SocketService] ✅ Recursos completamente limpiados
2026-09-23 06:08:36 [SocketService] 🔄 Nuevo Socket ID: 204
2026-09-23 06:08:36 [SocketService] 🧹 Limpiando recursos [ID: 203]
2026-09-23 06:08:36 [SocketService] ⏰ Watchdog: 142342ms sin mensajes, forzando reconexión
2026-09-23 06:07:29 [ProtectorVM] TEMP: 28.8C -> cap térmico 100%
2026-09-23 06:07:29 [ProtectorVM] temp: 28.8C
2026-09-23 06:04:36 [SocketMessageDispatcher] Mensaje: Header: report, Data: {positions=1}
2026-09-23 06:04:36 [SocketService] [RECIBIDO]| #5 | SID:203 | 3B | report [DATA]: {positions=1}
2026-09-23 06:04:35 [SocketService] [ENVIADO] | [NUEVO] (36B) [KEY]: report [DATA]: {trip=39084, route=1, positions=[{lng=-76.9662199, busstop=0, angle=0, accuracy=10, time=2026-09-23T06:04:35.864729, lat=-11.9346532, speed=0, mark=0}], state=T, sales=0, events=[], direction=false}
2026-09-23 06:04:35 [PositionRepository] 📤 Enviando 1 (batch=2, pendientes=1)
2026-09-23 06:04:35 [LocationTrackingService] GPS desactivado - Pulso cada 5 min acc:10.328m
2026-09-23 06:03:37 [SocketMessageDispatcher] Mensaje: Header: backward_datero_hide, Data: {pad=143, geofence=4, delta=31, orden=0, id=4708707417}
2026-09-23 06:03:37 [SocketMessageDispatcher] Mensaje: Header: forward_datero_hide, Data: {trip=39084, geofence=53, time=2026-09-23T06:03:36, dateros=[{delta=0, padron=0}]}
2026-09-23 06:03:37 [SocketMessageDispatcher] Mensaje: Header: salida, Data: {lado=true, estado=R, frecuencia=15, ruta=1, geocerca=null, controles=[{volada=-4, tiempo=0, geocerca=53}, {volada=-7, tiempo=5, geocerca=67}, {volada=-2, tiempo=10, geocerca=54}, {volada=-4, tiempo=6, geocerca=68}, {volada=-7, tiempo=6, geocerca=55}, {volada=-7, tiempo=5, geocerca=69}, {volada=-6, tiempo=12, geocerca=56}, {volada=-4, tiempo=8, geocerca=57}, {volada=2, tiempo=9, geocerca=58}, {volada=5, tiempo=10, geocerca=59}, {volada=8, tiempo=7, geocerca=60}, {volada=13, tiempo=0, geocerca=61}, {volada=21, tiempo=0, geocerca=62}, {volada=23, tiempo=0, geocerca=63}, {volada=30, tiempo=0, geocerca=64}, {volada=39, tiempo=0, geocerca=65}, {volada=51, tiempo=0, geocerca=66}, {volada=72, tiempo=0, geocerca=3}, {volada=0, tiempo=6, geocerca=22}, {volada=84, tiempo=3, geocerca=23}, {volada=98, tiempo=3, geocerca=24}, {volada=102, tiempo=3, geocerca=25}, {volada=104, tiempo=3, geocerca=26}, {volada=110, tiempo=3, geocerca=27}, {volada=111, tiempo=3, geocerca=28}, {volada=111, tiempo=3, geocerca=29}, {volada=111, tiempo=2, geocerca=30}, {volada=111, tiempo=2, geocerca=31}, {volada=111, tiempo=3, geocerca=32}, {volada=111, tiempo=4, geocerca=33}, {volada=110, tiempo=3, geocerca=34}, {volada=114, tiempo=3, geocerca=35}, {volada=114, tiempo=3, geocerca=36}, {volada=115, tiempo=3, geocerca=37}, {volada=116, tiempo=3, geocerca=38}, {volada=138, tiempo=5, geocerca=4}], inicio=2026-09-22T17:00, marcados=[true, true, true, true, true, true, true, true, true, true, true, true, true, true, true, true, true, true, false, true, true, true, true, true, true, true, true, true, true, true, true, true, true, true, true, true], id=39084, conductor=145}
2026-09-23 06:03:36 [SocketService] [RECIBIDO]| #4 | SID:203 | 20B | backward_datero_hide [DATA]: {pad=143, geofence=4, delta=31, orden=0, id=4708707417}
2026-09-23 06:03:36 [SocketService] [RECIBIDO]| #3 | SID:203 | 19B | forward_datero_hide [DATA]: {trip=39084, geofence=53, time=2026-09-23T06:03:36, dateros=[{delta=0, padron=0}]}
2026-09-23 06:03:36 [SocketService] [RECIBIDO]| #2 | SID:203 | 245B | salida [DATA]: {lado=true, estado=R, frecuencia=15, ruta=1, geocerca=null, controles=[{volada=-4, tiempo=0, geocerca=53}, {volada=-7, tiempo=5, geocerca=67}, {volada=-2, tiempo=10, geocerca=54}, {volada=-4, tiempo=6, geocerca=68}, {volada=-7, tiempo=6, geocerca=55}, {volada=-7, tiempo=5, geocerca=69}, {volada=-6, tiempo=12, geocerca=56}, {volada=-4, tiempo=8, geocerca=57}, {volada=2, tiempo=9, geocerca=58}, {volada=5, tiempo=10, geocerca=59}, {volada=8, tiempo=7, geocerca=60}, {volada=13, tiempo=0, geocerca=61}, {volada=21, tiempo=0, geocerca=62}, {volada=23, tiempo=0, geocerca=63}, {volada=30, tiempo=0, geocerca=64}, {volada=39, tiempo=0, geocerca=65}, {volada=51, tiempo=0, geocerca=66}, {volada=72, tiempo=0, geocerca=3}, {volada=0, tiempo=6, geocerca=22}, {volada=84, tiempo=3, geocerca=23}, {volada=98, tiempo=3, geocerca=24}, {volada=102, tiempo=3, geocerca=25}, {volada=104, tiempo=3, geocerca=26}, {volada=110, tiempo=3, geocerca=27}, {volada=111, tiempo=3, geocerca=28}, {volada=111, tiempo=3, geocerca=29}, {volada=111, tiempo=2, geocerca=30}, {volada=111, tiempo=2, geocerca=31}, {volada=111, tiempo=3, geocerca=32}, {volada=111, tiempo=4, geocerca=33}, {volada=110, tiempo=3, geocerca=34}, {volada=114, tiempo=3, geocerca=35}, {volada=114, tiempo=3, geocerca=36}, {volada=115, tiempo=3, geocerca=37}, {volada=116, tiempo=3, geocerca=38}, {volada=138, tiempo=5, geocerca=4}], inicio=2026-09-22T17:00, marcados=[true, true, true, true, true, true, true, true, true, true, true, true, true, true, true, true, true, true, false, true, true, true, true, true, true, true, true, true, true, true, true, true, true, true, true, true], id=39084, conductor=145}
2026-09-23 06:03:36 [SocketService] [ENVIADO] | [NUEVO] (3B) [KEY]: backward_datero [DATA]: {id=0}
2026-09-23 06:03:36 [SocketService] [ENVIADO] | [NUEVO] (4B) [KEY]: forward_datero [DATA]: {id=0}
2026-09-23 06:03:36 [SocketService] [ENVIADO] | [NUEVO] (7B) [KEY]: salida [DATA]: {limit=0, salida=39084}
2026-09-23 06:03:36 [SocketMessageDispatcher] ✅ Login confirmado por servidor (sesión OK)
2026-09-23 06:03:36 [SocketMessageDispatcher] Mensaje: Header: login, Data: {voice=true, orientation=false, contactless=false, data=2026-09-23T06:03:36, ticket=true, geofence=null, gps=false, schedule=20:55, ads=false, route=1, trip=39084, driver=null, calls=true, padron=124, id=15, state=T, map=false, placa=BCG906, direction=false, order=10}
2026-09-23 06:03:36 [SocketService] [RECIBIDO]| #1 | SID:203 | 35B | login [DATA]: {voice=true, orientation=false, contactless=false, data=2026-09-23T06:03:36, ticket=true, geofence=null, gps=false, schedule=20:55, ads=false, route=1, trip=39084, driver=null, calls=true, padron=124, id=15, state=T, map=false, placa=BCG906, direction=false, order=10}
2026-09-23 06:03:35 [SocketService] 🔒 WakeLock + WifiLock adquiridos
2026-09-23 06:03:35 [SocketService] [ENVIADO] | [NUEVO] (18B) [KEY]: login [DATA]: {serial=864255060447047}
2026-09-23 06:03:35 [SocketService] 🔑 Enviando login handshake (864255060447047)
2026-09-23 06:03:35 [SocketService] ✅ CONECTADO [ID: 203] en 61264147ms - Code: 101
2026-09-23 06:03:35 [SocketService] 🔄 Conectando [ID: 203] a ws://34.71.11.201:22222?schema=android&gps=true&console=true&version=2
2026-09-23 06:03:35 [SocketService] ✅ Recursos completamente limpiados
2026-09-23 06:03:35 [GpsViewModel] No hay conexión. Se omite procesamiento.
2026-09-23 06:03:35 [SocketService] 🔄 Nuevo Socket ID: 203
2026-09-23 06:03:35 [SocketService] ⏰ Watchdog: 141917ms sin mensajes, forzando reconexión
2026-09-23 06:03:35 [SocketService] 🧹 Limpiando recursos [ID: 202]
2026-09-23 06:02:29 [ProtectorVM] TEMP: 28.7C -> cap térmico 100%
2026-09-23 06:02:29 [ProtectorVM] temp: 28.7C
2026-09-23 05:59:36 [SocketMessageDispatcher] Mensaje: Header: report, Data: {positions=1}
2026-09-23 05:59:36 [SocketService] [RECIBIDO]| #5 | SID:202 | 3B | report [DATA]: {positions=1}
2026-09-23 05:59:35 [SocketService] [ENVIADO] | [NUEVO] (36B) [KEY]: report [DATA]: {trip=39084, route=1, positions=[{lng=-76.9662199, busstop=0, angle=0, accuracy=8, time=2026-09-23T05:59:35.861541, lat=-11.9346549, speed=0, mark=0}], state=T, sales=0, events=[], direction=false}
2026-09-23 05:59:35 [PositionRepository] 📤 Enviando 1 (batch=2, pendientes=1)
2026-09-23 05:59:35 [LocationTrackingService] GPS desactivado - Pulso cada 5 min acc:8.016m
2026-09-23 05:58:36 [SocketMessageDispatcher] Mensaje: Header: salida, Data: {lado=true, estado=R, frecuencia=15, ruta=1, geocerca=null, controles=[{volada=-4, tiempo=0, geocerca=53}, {volada=-7, tiempo=5, geocerca=67}, {volada=-2, tiempo=10, geocerca=54}, {volada=-4, tiempo=6, geocerca=68}, {volada=-7, tiempo=6, geocerca=55}, {volada=-7, tiempo=5, geocerca=69}, {volada=-6, tiempo=12, geocerca=56}, {volada=-4, tiempo=8, geocerca=57}, {volada=2, tiempo=9, geocerca=58}, {volada=5, tiempo=10, geocerca=59}, {volada=8, tiempo=7, geocerca=60}, {volada=13, tiempo=0, geocerca=61}, {volada=21, tiempo=0, geocerca=62}, {volada=23, tiempo=0, geocerca=63}, {volada=30, tiempo=0, geocerca=64}, {volada=39, tiempo=0, geocerca=65}, {volada=51, tiempo=0, geocerca=66}, {volada=72, tiempo=0, geocerca=3}, {volada=0, tiempo=6, geocerca=22}, {volada=84, tiempo=3, geocerca=23}, {volada=98, tiempo=3, geocerca=24}, {volada=102, tiempo=3, geocerca=25}, {volada=104, tiempo=3, geocerca=26}, {volada=110, tiempo=3, geocerca=27}, {volada=111, tiempo=3, geocerca=28}, {volada=111, tiempo=3, geocerca=29}, {volada=111, tiempo=2, geocerca=30}, {volada=111, tiempo=2, geocerca=31}, {volada=111, tiempo=3, geocerca=32}, {volada=111, tiempo=4, geocerca=33}, {volada=110, tiempo=3, geocerca=34}, {volada=114, tiempo=3, geocerca=35}, {volada=114, tiempo=3, geocerca=36}, {volada=115, tiempo=3, geocerca=37}, {volada=116, tiempo=3, geocerca=38}, {volada=138, tiempo=5, geocerca=4}], inicio=2026-09-22T17:00, marcados=[true, true, true, true, true, true, true, true, true, true, true, true, true, true, true, true, true, true, false, true, true, true, true, true, true, true, true, true, true, true, true, true, true, true, true, true], id=39084, conductor=145}
2026-09-23 05:58:36 [SocketMessageDispatcher] Mensaje: Header: backward_datero_hide, Data: {pad=143, geofence=4, delta=31, orden=0, id=4708707417}
2026-09-23 05:58:36 [SocketMessageDispatcher] Mensaje: Header: forward_datero_hide, Data: {trip=39084, geofence=53, time=2026-09-23T05:58:36, dateros=[{delta=0, padron=0}]}
2026-09-23 05:58:36 [SocketService] [RECIBIDO]| #4 | SID:202 | 245B | salida [DATA]: {lado=true, estado=R, frecuencia=15, ruta=1, geocerca=null, controles=[{volada=-4, tiempo=0, geocerca=53}, {volada=-7, tiempo=5, geocerca=67}, {volada=-2, tiempo=10, geocerca=54}, {volada=-4, tiempo=6, geocerca=68}, {volada=-7, tiempo=6, geocerca=55}, {volada=-7, tiempo=5, geocerca=69}, {volada=-6, tiempo=12, geocerca=56}, {volada=-4, tiempo=8, geocerca=57}, {volada=2, tiempo=9, geocerca=58}, {volada=5, tiempo=10, geocerca=59}, {volada=8, tiempo=7, geocerca=60}, {volada=13, tiempo=0, geocerca=61}, {volada=21, tiempo=0, geocerca=62}, {volada=23, tiempo=0, geocerca=63}, {volada=30, tiempo=0, geocerca=64}, {volada=39, tiempo=0, geocerca=65}, {volada=51, tiempo=0, geocerca=66}, {volada=72, tiempo=0, geocerca=3}, {volada=0, tiempo=6, geocerca=22}, {volada=84, tiempo=3, geocerca=23}, {volada=98, tiempo=3, geocerca=24}, {volada=102, tiempo=3, geocerca=25}, {volada=104, tiempo=3, geocerca=26}, {volada=110, tiempo=3, geocerca=27}, {volada=111, tiempo=3, geocerca=28}, {volada=111, tiempo=3, geocerca=29}, {volada=111, tiempo=2, geocerca=30}, {volada=111, tiempo=2, geocerca=31}, {volada=111, tiempo=3, geocerca=32}, {volada=111, tiempo=4, geocerca=33}, {volada=110, tiempo=3, geocerca=34}, {volada=114, tiempo=3, geocerca=35}, {volada=114, tiempo=3, geocerca=36}, {volada=115, tiempo=3, geocerca=37}, {volada=116, tiempo=3, geocerca=38}, {volada=138, tiempo=5, geocerca=4}], inicio=2026-09-22T17:00, marcados=[true, true, true, true, true, true, true, true, true, true, true, true, true, true, true, true, true, true, false, true, true, true, true, true, true, true, true, true, true, true, true, true, true, true, true, true], id=39084, conductor=145}
2026-09-23 05:58:36 [SocketService] [RECIBIDO]| #3 | SID:202 | 20B | backward_datero_hide [DATA]: {pad=143, geofence=4, delta=31, orden=0, id=4708707417}
2026-09-23 05:58:36 [SocketService] [RECIBIDO]| #2 | SID:202 | 19B | forward_datero_hide [DATA]: {trip=39084, geofence=53, time=2026-09-23T05:58:36, dateros=[{delta=0, padron=0}]}
2026-09-23 05:58:36 [SocketService] [ENVIADO] | [NUEVO] (7B) [KEY]: salida [DATA]: {limit=0, salida=39084}
2026-09-23 05:58:36 [SocketService] [ENVIADO] | [NUEVO] (3B) [KEY]: backward_datero [DATA]: {id=0}
2026-09-23 05:58:36 [SocketService] [ENVIADO] | [NUEVO] (4B) [KEY]: forward_datero [DATA]: {id=0}
2026-09-23 05:58:35 [SocketMessageDispatcher] ✅ Login confirmado por servidor (sesión OK)
2026-09-23 05:58:35 [SocketMessageDispatcher] Mensaje: Header: login, Data: {voice=true, orientation=false, contactless=false, data=2026-09-23T05:58:36, ticket=true, geofence=null, gps=false, schedule=20:55, ads=false, route=1, trip=39084, driver=null, calls=true, padron=124, id=15, state=T, map=false, placa=BCG906, direction=false, order=10}
2026-09-23 05:58:35 [SocketService] [RECIBIDO]| #1 | SID:202 | 35B | login [DATA]: {voice=true, orientation=false, contactless=false, data=2026-09-23T05:58:36, ticket=true, geofence=null, gps=false, schedule=20:55, ads=false, route=1, trip=39084, driver=null, calls=true, padron=124, id=15, state=T, map=false, placa=BCG906, direction=false, order=10}
2026-09-23 05:58:35 [SocketService] 🔒 WakeLock + WifiLock adquiridos
2026-09-23 05:58:35 [SocketService] [ENVIADO] | [NUEVO] (18B) [KEY]: login [DATA]: {serial=864255060447047}
2026-09-23 05:58:35 [SocketService] 🔑 Enviando login handshake (864255060447047)
2026-09-23 05:58:35 [SocketService] ✅ CONECTADO [ID: 202] en 60963638ms - Code: 101
2026-09-23 05:58:35 [SocketService] ✅ Recursos completamente limpiados
2026-09-23 05:58:35 [SocketService] 🔄 Conectando [ID: 202] a ws://34.71.11.201:22222?schema=android&gps=true&console=true&version=2
2026-09-23 05:58:35 [SocketService] 🔄 Nuevo Socket ID: 202
2026-09-23 05:58:35 [GpsViewModel] No hay conexión. Se omite procesamiento.
2026-09-23 05:58:35 [SocketService] 🧹 Limpiando recursos [ID: 201]
2026-09-23 05:58:35 [SocketService] ⏰ Watchdog: 141577ms sin mensajes, forzando reconexión
2026-09-23 05:57:29 [ProtectorVM] TEMP: 28.7C -> cap térmico 100%
2026-09-23 05:57:29 [ProtectorVM] temp: 28.7C
2026-09-23 05:54:31 [SocketMessageDispatcher] Mensaje: Header: report, Data: {positions=1}
2026-09-23 05:54:31 [SocketService] [RECIBIDO]| #5 | SID:201 | 3B | report [DATA]: {positions=1}
2026-09-23 05:54:30 [SocketService] [ENVIADO] | [NUEVO] (36B) [KEY]: report [DATA]: {trip=39084, route=1, positions=[{lng=-76.9662206, busstop=0, angle=0, accuracy=10, time=2026-09-23T05:54:30.868079, lat=-11.9346544, speed=0, mark=0}], state=T, sales=0, events=[], direction=false}
2026-09-23 05:54:30 [PositionRepository] 📤 Enviando 1 (batch=2, pendientes=1)
2026-09-23 05:54:30 [LocationTrackingService] GPS desactivado - Pulso cada 5 min acc:10.376m
2026-09-23 05:53:36 [SocketMessageDispatcher] Mensaje: Header: backward_datero_hide, Data: {pad=143, geofence=4, delta=31, orden=0, id=4708707417}
2026-09-23 05:53:36 [SocketMessageDispatcher] Mensaje: Header: forward_datero_hide, Data: {trip=39084, geofence=53, time=2026-09-23T05:53:35, dateros=[{delta=0, padron=0}]}
2026-09-23 05:53:36 [SocketMessageDispatcher] Mensaje: Header: salida, Data: {lado=true, estado=R, frecuencia=15, ruta=1, geocerca=null, controles=[{volada=-4, tiempo=0, geocerca=53}, {volada=-7, tiempo=5, geocerca=67}, {volada=-2, tiempo=10, geocerca=54}, {volada=-4, tiempo=6, geocerca=68}, {volada=-7, tiempo=6, geocerca=55}, {volada=-7, tiempo=5, geocerca=69}, {volada=-6, tiempo=12, geocerca=56}, {volada=-4, tiempo=8, geocerca=57}, {volada=2, tiempo=9, geocerca=58}, {volada=5, tiempo=10, geocerca=59}, {volada=8, tiempo=7, geocerca=60}, {volada=13, tiempo=0, geocerca=61}, {volada=21, tiempo=0, geocerca=62}, {volada=23, tiempo=0, geocerca=63}, {volada=30, tiempo=0, geocerca=64}, {volada=39, tiempo=0, geocerca=65}, {volada=51, tiempo=0, geocerca=66}, {volada=72, tiempo=0, geocerca=3}, {volada=0, tiempo=6, geocerca=22}, {volada=84, tiempo=3, geocerca=23}, {volada=98, tiempo=3, geocerca=24}, {volada=102, tiempo=3, geocerca=25}, {volada=104, tiempo=3, geocerca=26}, {volada=110, tiempo=3, geocerca=27}, {volada=111, tiempo=3, geocerca=28}, {volada=111, tiempo=3, geocerca=29}, {volada=111, tiempo=2, geocerca=30}, {volada=111, tiempo=2, geocerca=31}, {volada=111, tiempo=3, geocerca=32}, {volada=111, tiempo=4, geocerca=33}, {volada=110, tiempo=3, geocerca=34}, {volada=114, tiempo=3, geocerca=35}, {volada=114, tiempo=3, geocerca=36}, {volada=115, tiempo=3, geocerca=37}, {volada=116, tiempo=3, geocerca=38}, {volada=138, tiempo=5, geocerca=4}], inicio=2026-09-22T17:00, marcados=[true, true, true, true, true, true, true, true, true, true, true, true, true, true, true, true, true, true, false, true, true, true, true, true, true, true, true, true, true, true, true, true, true, true, true, true], id=39084, conductor=145}
2026-09-23 05:53:35 [SocketService] [RECIBIDO]| #4 | SID:201 | 20B | backward_datero_hide [DATA]: {pad=143, geofence=4, delta=31, orden=0, id=4708707417}
2026-09-23 05:53:35 [SocketService] [RECIBIDO]| #3 | SID:201 | 19B | forward_datero_hide [DATA]: {trip=39084, geofence=53, time=2026-09-23T05:53:35, dateros=[{delta=0, padron=0}]}
2026-09-23 05:53:35 [SocketService] [RECIBIDO]| #2 | SID:201 | 245B | salida [DATA]: {lado=true, estado=R, frecuencia=15, ruta=1, geocerca=null, controles=[{volada=-4, tiempo=0, geocerca=53}, {volada=-7, tiempo=5, geocerca=67}, {volada=-2, tiempo=10, geocerca=54}, {volada=-4, tiempo=6, geocerca=68}, {volada=-7, tiempo=6, geocerca=55}, {volada=-7, tiempo=5, geocerca=69}, {volada=-6, tiempo=12, geocerca=56}, {volada=-4, tiempo=8, geocerca=57}, {volada=2, tiempo=9, geocerca=58}, {volada=5, tiempo=10, geocerca=59}, {volada=8, tiempo=7, geocerca=60}, {volada=13, tiempo=0, geocerca=61}, {volada=21, tiempo=0, geocerca=62}, {volada=23, tiempo=0, geocerca=63}, {volada=30, tiempo=0, geocerca=64}, {volada=39, tiempo=0, geocerca=65}, {volada=51, tiempo=0, geocerca=66}, {volada=72, tiempo=0, geocerca=3}, {volada=0, tiempo=6, geocerca=22}, {volada=84, tiempo=3, geocerca=23}, {volada=98, tiempo=3, geocerca=24}, {volada=102, tiempo=3, geocerca=25}, {volada=104, tiempo=3, geocerca=26}, {volada=110, tiempo=3, geocerca=27}, {volada=111, tiempo=3, geocerca=28}, {volada=111, tiempo=3, geocerca=29}, {volada=111, tiempo=2, geocerca=30}, {volada=111, tiempo=2, geocerca=31}, {volada=111, tiempo=3, geocerca=32}, {volada=111, tiempo=4, geocerca=33}, {volada=110, tiempo=3, geocerca=34}, {volada=114, tiempo=3, geocerca=35}, {volada=114, tiempo=3, geocerca=36}, {volada=115, tiempo=3, geocerca=37}, {volada=116, tiempo=3, geocerca=38}, {volada=138, tiempo=5, geocerca=4}], inicio=2026-09-22T17:00, marcados=[true, true, true, true, true, true, true, true, true, true, true, true, true, true, true, true, true, true, false, true, true, true, true, true, true, true, true, true, true, true, true, true, true, true, true, true], id=39084, conductor=145}
2026-09-23 05:53:35 [SocketService] [ENVIADO] | [NUEVO] (3B) [KEY]: backward_datero [DATA]: {id=0}
2026-09-23 05:53:35 [SocketService] [ENVIADO] | [NUEVO] (7B) [KEY]: salida [DATA]: {limit=0, salida=39084}
2026-09-23 05:53:35 [SocketService] [ENVIADO] | [NUEVO] (4B) [KEY]: forward_datero [DATA]: {id=0}
2026-09-23 05:53:35 [SocketMessageDispatcher] ✅ Login confirmado por servidor (sesión OK)
2026-09-23 05:53:35 [SocketMessageDispatcher] Mensaje: Header: login, Data: {voice=true, orientation=false, contactless=false, data=2026-09-23T05:53:35, ticket=true, geofence=null, gps=false, schedule=20:55, ads=false, route=1, trip=39084, driver=null, calls=true, padron=124, id=15, state=T, map=false, placa=BCG906, direction=false, order=10}
2026-09-23 05:53:35 [SocketService] [RECIBIDO]| #1 | SID:201 | 35B | login [DATA]: {voice=true, orientation=false, contactless=false, data=2026-09-23T05:53:35, ticket=true, geofence=null, gps=false, schedule=20:55, ads=false, route=1, trip=39084, driver=null, calls=true, padron=124, id=15, state=T, map=false, placa=BCG906, direction=false, order=10}
2026-09-23 05:53:35 [SocketService] 🔒 WakeLock + WifiLock adquiridos
2026-09-23 05:53:35 [SocketService] [ENVIADO] | [NUEVO] (18B) [KEY]: login [DATA]: {serial=864255060447047}
2026-09-23 05:53:35 [SocketService] 🔑 Enviando login handshake (864255060447047)
2026-09-23 05:53:35 [SocketService] ✅ CONECTADO [ID: 201] en 60663164ms - Code: 101
2026-09-23 05:53:34 [SocketService] ✅ Recursos completamente limpiados
2026-09-23 05:53:34 [SocketService] 🔄 Conectando [ID: 201] a ws://34.71.11.201:22222?schema=android&gps=true&console=true&version=2
2026-09-23 05:53:34 [SocketService] 🔄 Nuevo Socket ID: 201
2026-09-23 05:53:34 [GpsViewModel] No hay conexión. Se omite procesamiento.
2026-09-23 05:53:34 [SocketService] 🧹 Limpiando recursos [ID: 200]
2026-09-23 05:53:34 [SocketService] ⏰ Watchdog: 141199ms sin mensajes, forzando reconexión
2026-09-23 05:52:29 [ProtectorVM] TEMP: 28.6C -> cap térmico 100%
2026-09-23 05:52:29 [ProtectorVM] temp: 28.6C
2026-09-23 05:49:31 [SocketMessageDispatcher] Mensaje: Header: report, Data: {positions=1}
2026-09-23 05:49:31 [SocketService] [RECIBIDO]| #5 | SID:200 | 3B | report [DATA]: {positions=1}
2026-09-23 05:49:30 [SocketService] [ENVIADO] | [NUEVO] (36B) [KEY]: report [DATA]: {trip=39084, route=1, positions=[{lng=-76.9662206, busstop=0, angle=0, accuracy=5, time=2026-09-23T05:49:30.862838, lat=-11.9346544, speed=0, mark=0}], state=T, sales=0, events=[], direction=false}
2026-09-23 05:49:30 [PositionRepository] 📤 Enviando 1 (batch=2, pendientes=1)
2026-09-23 05:49:30 [LocationTrackingService] GPS desactivado - Pulso cada 5 min acc:5.881m
2026-09-23 05:48:35 [SocketMessageDispatcher] Mensaje: Header: backward_datero_hide, Data: {pad=143, geofence=4, delta=31, orden=0, id=4708707417}
2026-09-23 05:48:35 [SocketMessageDispatcher] Mensaje: Header: forward_datero_hide, Data: {trip=39084, geofence=53, time=2026-09-23T05:48:35, dateros=[{delta=0, padron=0}]}
2026-09-23 05:48:35 [SocketMessageDispatcher] Mensaje: Header: salida, Data: {lado=true, estado=R, frecuencia=15, ruta=1, geocerca=null, controles=[{volada=-4, tiempo=0, geocerca=53}, {volada=-7, tiempo=5, geocerca=67}, {volada=-2, tiempo=10, geocerca=54}, {volada=-4, tiempo=6, geocerca=68}, {volada=-7, tiempo=6, geocerca=55}, {volada=-7, tiempo=5, geocerca=69}, {volada=-6, tiempo=12, geocerca=56}, {volada=-4, tiempo=8, geocerca=57}, {volada=2, tiempo=9, geocerca=58}, {volada=5, tiempo=10, geocerca=59}, {volada=8, tiempo=7, geocerca=60}, {volada=13, tiempo=0, geocerca=61}, {volada=21, tiempo=0, geocerca=62}, {volada=23, tiempo=0, geocerca=63}, {volada=30, tiempo=0, geocerca=64}, {volada=39, tiempo=0, geocerca=65}, {volada=51, tiempo=0, geocerca=66}, {volada=72, tiempo=0, geocerca=3}, {volada=0, tiempo=6, geocerca=22}, {volada=84, tiempo=3, geocerca=23}, {volada=98, tiempo=3, geocerca=24}, {volada=102, tiempo=3, geocerca=25}, {volada=104, tiempo=3, geocerca=26}, {volada=110, tiempo=3, geocerca=27}, {volada=111, tiempo=3, geocerca=28}, {volada=111, tiempo=3, geocerca=29}, {volada=111, tiempo=2, geocerca=30}, {volada=111, tiempo=2, geocerca=31}, {volada=111, tiempo=3, geocerca=32}, {volada=111, tiempo=4, geocerca=33}, {volada=110, tiempo=3, geocerca=34}, {volada=114, tiempo=3, geocerca=35}, {volada=114, tiempo=3, geocerca=36}, {volada=115, tiempo=3, geocerca=37}, {volada=116, tiempo=3, geocerca=38}, {volada=138, tiempo=5, geocerca=4}], inicio=2026-09-22T17:00, marcados=[true, true, true, true, true, true, true, true, true, true, true, true, true, true, true, true, true, true, false, true, true, true, true, true, true, true, true, true, true, true, true, true, true, true, true, true], id=39084, conductor=145}
2026-09-23 05:48:35 [SocketService] [RECIBIDO]| #4 | SID:200 | 20B | backward_datero_hide [DATA]: {pad=143, geofence=4, delta=31, orden=0, id=4708707417}
2026-09-23 05:48:35 [SocketService] [RECIBIDO]| #3 | SID:200 | 19B | forward_datero_hide [DATA]: {trip=39084, geofence=53, time=2026-09-23T05:48:35, dateros=[{delta=0, padron=0}]}
2026-09-23 05:48:35 [SocketService] [RECIBIDO]| #2 | SID:200 | 245B | salida [DATA]: {lado=true, estado=R, frecuencia=15, ruta=1, geocerca=null, controles=[{volada=-4, tiempo=0, geocerca=53}, {volada=-7, tiempo=5, geocerca=67}, {volada=-2, tiempo=10, geocerca=54}, {volada=-4, tiempo=6, geocerca=68}, {volada=-7, tiempo=6, geocerca=55}, {volada=-7, tiempo=5, geocerca=69}, {volada=-6, tiempo=12, geocerca=56}, {volada=-4, tiempo=8, geocerca=57}, {volada=2, tiempo=9, geocerca=58}, {volada=5, tiempo=10, geocerca=59}, {volada=8, tiempo=7, geocerca=60}, {volada=13, tiempo=0, geocerca=61}, {volada=21, tiempo=0, geocerca=62}, {volada=23, tiempo=0, geocerca=63}, {volada=30, tiempo=0, geocerca=64}, {volada=39, tiempo=0, geocerca=65}, {volada=51, tiempo=0, geocerca=66}, {volada=72, tiempo=0, geocerca=3}, {volada=0, tiempo=6, geocerca=22}, {volada=84, tiempo=3, geocerca=23}, {volada=98, tiempo=3, geocerca=24}, {volada=102, tiempo=3, geocerca=25}, {volada=104, tiempo=3, geocerca=26}, {volada=110, tiempo=3, geocerca=27}, {volada=111, tiempo=3, geocerca=28}, {volada=111, tiempo=3, geocerca=29}, {volada=111, tiempo=2, geocerca=30}, {volada=111, tiempo=2, geocerca=31}, {volada=111, tiempo=3, geocerca=32}, {volada=111, tiempo=4, geocerca=33}, {volada=110, tiempo=3, geocerca=34}, {volada=114, tiempo=3, geocerca=35}, {volada=114, tiempo=3, geocerca=36}, {volada=115, tiempo=3, geocerca=37}, {volada=116, tiempo=3, geocerca=38}, {volada=138, tiempo=5, geocerca=4}], inicio=2026-09-22T17:00, marcados=[true, true, true, true, true, true, true, true, true, true, true, true, true, true, true, true, true, true, false, true, true, true, true, true, true, true, true, true, true, true, true, true, true, true, true, true], id=39084, conductor=145}
2026-09-23 05:48:34 [SocketService] [ENVIADO] | [NUEVO] (3B) [KEY]: backward_datero [DATA]: {id=0}
2026-09-23 05:48:34 [SocketService] [ENVIADO] | [NUEVO] (4B) [KEY]: forward_datero [DATA]: {id=0}
2026-09-23 05:48:34 [SocketService] [ENVIADO] | [NUEVO] (7B) [KEY]: salida [DATA]: {limit=0, salida=39084}
2026-09-23 05:48:34 [SocketMessageDispatcher] ✅ Login confirmado por servidor (sesión OK)
2026-09-23 05:48:34 [SocketMessageDispatcher] Mensaje: Header: login, Data: {voice=true, orientation=false, contactless=false, data=2026-09-23T05:48:34, ticket=true, geofence=null, gps=false, schedule=20:55, ads=false, route=1, trip=39084, driver=null, calls=true, padron=124, id=15, state=T, map=false, placa=BCG906, direction=false, order=10}
2026-09-23 05:48:34 [SocketService] [RECIBIDO]| #1 | SID:200 | 35B | login [DATA]: {voice=true, orientation=false, contactless=false, data=2026-09-23T05:48:34, ticket=true, geofence=null, gps=false, schedule=20:55, ads=false, route=1, trip=39084, driver=null, calls=true, padron=124, id=15, state=T, map=false, placa=BCG906, direction=false, order=10}
2026-09-23 05:48:34 [SocketService] 🔒 WakeLock + WifiLock adquiridos
2026-09-23 05:48:34 [SocketService] [ENVIADO] | [NUEVO] (18B) [KEY]: login [DATA]: {serial=864255060447047}
2026-09-23 05:48:34 [SocketService] 🔑 Enviando login handshake (864255060447047)
2026-09-23 05:48:34 [SocketService] ✅ CONECTADO [ID: 200] en 60362651ms - Code: 101
2026-09-23 05:48:34 [SocketService] ✅ Recursos completamente limpiados
2026-09-23 05:48:34 [SocketService] 🔄 Conectando [ID: 200] a ws://34.71.11.201:22222?schema=android&gps=true&console=true&version=2
2026-09-23 05:48:34 [GpsViewModel] No hay conexión. Se omite procesamiento.
2026-09-23 05:48:34 [SocketService] 🔄 Nuevo Socket ID: 200
2026-09-23 05:48:34 [SocketService] 🧹 Limpiando recursos [ID: 199]
2026-09-23 05:48:33 [SocketService] ⏰ Watchdog: 140761ms sin mensajes, forzando reconexión
2026-09-23 05:47:29 [ProtectorVM] TEMP: 28.7C -> cap térmico 100%
2026-09-23 05:47:29 [ProtectorVM] temp: 28.7C
2026-09-23 05:44:26 [SocketMessageDispatcher] Mensaje: Header: report, Data: {positions=1}
2026-09-23 05:44:26 [SocketService] [RECIBIDO]| #5 | SID:199 | 3B | report [DATA]: {positions=1}
2026-09-23 05:44:25 [SocketService] [ENVIADO] | [NUEVO] (36B) [KEY]: report [DATA]: {trip=39084, route=1, positions=[{lng=-76.9662205, busstop=0, angle=0, accuracy=3, time=2026-09-23T05:44:25.865170, lat=-11.9346544, speed=0, mark=0}], state=T, sales=0, events=[], direction=false}
2026-09-23 05:44:25 [PositionRepository] 📤 Enviando 1 (batch=2, pendientes=1)
2026-09-23 05:44:25 [LocationTrackingService] GPS desactivado - Pulso cada 5 min acc:3.79m
2026-09-23 05:43:35 [SocketMessageDispatcher] Mensaje: Header: salida, Data: {lado=true, estado=R, frecuencia=15, ruta=1, geocerca=null, controles=[{volada=-4, tiempo=0, geocerca=53}, {volada=-7, tiempo=5, geocerca=67}, {volada=-2, tiempo=10, geocerca=54}, {volada=-4, tiempo=6, geocerca=68}, {volada=-7, tiempo=6, geocerca=55}, {volada=-7, tiempo=5, geocerca=69}, {volada=-6, tiempo=12, geocerca=56}, {volada=-4, tiempo=8, geocerca=57}, {volada=2, tiempo=9, geocerca=58}, {volada=5, tiempo=10, geocerca=59}, {volada=8, tiempo=7, geocerca=60}, {volada=13, tiempo=0, geocerca=61}, {volada=21, tiempo=0, geocerca=62}, {volada=23, tiempo=0, geocerca=63}, {volada=30, tiempo=0, geocerca=64}, {volada=39, tiempo=0, geocerca=65}, {volada=51, tiempo=0, geocerca=66}, {volada=72, tiempo=0, geocerca=3}, {volada=0, tiempo=6, geocerca=22}, {volada=84, tiempo=3, geocerca=23}, {volada=98, tiempo=3, geocerca=24}, {volada=102, tiempo=3, geocerca=25}, {volada=104, tiempo=3, geocerca=26}, {volada=110, tiempo=3, geocerca=27}, {volada=111, tiempo=3, geocerca=28}, {volada=111, tiempo=3, geocerca=29}, {volada=111, tiempo=2, geocerca=30}, {volada=111, tiempo=2, geocerca=31}, {volada=111, tiempo=3, geocerca=32}, {volada=111, tiempo=4, geocerca=33}, {volada=110, tiempo=3, geocerca=34}, {volada=114, tiempo=3, geocerca=35}, {volada=114, tiempo=3, geocerca=36}, {volada=115, tiempo=3, geocerca=37}, {volada=116, tiempo=3, geocerca=38}, {volada=138, tiempo=5, geocerca=4}], inicio=2026-09-22T17:00, marcados=[true, true, true, true, true, true, true, true, true, true, true, true, true, true, true, true, true, true, false, true, true, true, true, true, true, true, true, true, true, true, true, true, true, true, true, true], id=39084, conductor=145}
2026-09-23 05:43:35 [SocketMessageDispatcher] Mensaje: Header: backward_datero_hide, Data: {pad=143, geofence=4, delta=31, orden=0, id=4708707417}
2026-09-23 05:43:35 [SocketMessageDispatcher] Mensaje: Header: forward_datero_hide, Data: {trip=39084, geofence=53, time=2026-09-23T05:43:34, dateros=[{delta=0, padron=0}]}
2026-09-23 05:43:34 [SocketService] [RECIBIDO]| #4 | SID:199 | 245B | salida [DATA]: {lado=true, estado=R, frecuencia=15, ruta=1, geocerca=null, controles=[{volada=-4, tiempo=0, geocerca=53}, {volada=-7, tiempo=5, geocerca=67}, {volada=-2, tiempo=10, geocerca=54}, {volada=-4, tiempo=6, geocerca=68}, {volada=-7, tiempo=6, geocerca=55}, {volada=-7, tiempo=5, geocerca=69}, {volada=-6, tiempo=12, geocerca=56}, {volada=-4, tiempo=8, geocerca=57}, {volada=2, tiempo=9, geocerca=58}, {volada=5, tiempo=10, geocerca=59}, {volada=8, tiempo=7, geocerca=60}, {volada=13, tiempo=0, geocerca=61}, {volada=21, tiempo=0, geocerca=62}, {volada=23, tiempo=0, geocerca=63}, {volada=30, tiempo=0, geocerca=64}, {volada=39, tiempo=0, geocerca=65}, {volada=51, tiempo=0, geocerca=66}, {volada=72, tiempo=0, geocerca=3}, {volada=0, tiempo=6, geocerca=22}, {volada=84, tiempo=3, geocerca=23}, {volada=98, tiempo=3, geocerca=24}, {volada=102, tiempo=3, geocerca=25}, {volada=104, tiempo=3, geocerca=26}, {volada=110, tiempo=3, geocerca=27}, {volada=111, tiempo=3, geocerca=28}, {volada=111, tiempo=3, geocerca=29}, {volada=111, tiempo=2, geocerca=30}, {volada=111, tiempo=2, geocerca=31}, {volada=111, tiempo=3, geocerca=32}, {volada=111, tiempo=4, geocerca=33}, {volada=110, tiempo=3, geocerca=34}, {volada=114, tiempo=3, geocerca=35}, {volada=114, tiempo=3, geocerca=36}, {volada=115, tiempo=3, geocerca=37}, {volada=116, tiempo=3, geocerca=38}, {volada=138, tiempo=5, geocerca=4}], inicio=2026-09-22T17:00, marcados=[true, true, true, true, true, true, true, true, true, true, true, true, true, true, true, true, true, true, false, true, true, true, true, true, true, true, true, true, true, true, true, true, true, true, true, true], id=39084, conductor=145}
2026-09-23 05:43:34 [SocketService] [RECIBIDO]| #3 | SID:199 | 20B | backward_datero_hide [DATA]: {pad=143, geofence=4, delta=31, orden=0, id=4708707417}
2026-09-23 05:43:34 [SocketService] [RECIBIDO]| #2 | SID:199 | 19B | forward_datero_hide [DATA]: {trip=39084, geofence=53, time=2026-09-23T05:43:34, dateros=[{delta=0, padron=0}]}
2026-09-23 05:43:34 [SocketService] [ENVIADO] | [NUEVO] (3B) [KEY]: backward_datero [DATA]: {id=0}
2026-09-23 05:43:34 [SocketService] [ENVIADO] | [NUEVO] (4B) [KEY]: forward_datero [DATA]: {id=0}
2026-09-23 05:43:34 [SocketService] [ENVIADO] | [NUEVO] (7B) [KEY]: salida [DATA]: {limit=0, salida=39084}
2026-09-23 05:43:34 [SocketMessageDispatcher] ✅ Login confirmado por servidor (sesión OK)
2026-09-23 05:43:34 [SocketMessageDispatcher] Mensaje: Header: login, Data: {voice=true, orientation=false, contactless=false, data=2026-09-23T05:43:34, ticket=true, geofence=null, gps=false, schedule=20:55, ads=false, route=1, trip=39084, driver=null, calls=true, padron=124, id=15, state=T, map=false, placa=BCG906, direction=false, order=10}
2026-09-23 05:43:34 [SocketService] [RECIBIDO]| #1 | SID:199 | 35B | login [DATA]: {voice=true, orientation=false, contactless=false, data=2026-09-23T05:43:34, ticket=true, geofence=null, gps=false, schedule=20:55, ads=false, route=1, trip=39084, driver=null, calls=true, padron=124, id=15, state=T, map=false, placa=BCG906, direction=false, order=10}
2026-09-23 05:43:33 [SocketService] 🔒 WakeLock + WifiLock adquiridos
2026-09-23 05:43:33 [SocketService] [ENVIADO] | [NUEVO] (18B) [KEY]: login [DATA]: {serial=864255060447047}
2026-09-23 05:43:33 [SocketService] 🔑 Enviando login handshake (864255060447047)
2026-09-23 05:43:33 [SocketService] ✅ CONECTADO [ID: 199] en 60062130ms - Code: 101
2026-09-23 05:43:33 [SocketService] ✅ Recursos completamente limpiados
2026-09-23 05:43:33 [SocketService] 🔄 Conectando [ID: 199] a ws://34.71.11.201:22222?schema=android&gps=true&console=true&version=2
2026-09-23 05:43:33 [SocketService] 🔄 Nuevo Socket ID: 199
2026-09-23 05:43:33 [GpsViewModel] No hay conexión. Se omite procesamiento.
2026-09-23 05:43:33 [SocketService] ⏰ Watchdog: 140434ms sin mensajes, forzando reconexión
2026-09-23 05:43:33 [SocketService] 🧹 Limpiando recursos [ID: 198]
2026-09-23 05:42:29 [ProtectorVM] TEMP: 28.7C -> cap térmico 100%
2026-09-23 05:42:29 [ProtectorVM] temp: 28.7C
2026-09-23 05:39:21 [SocketMessageDispatcher] Mensaje: Header: report, Data: {positions=1}
2026-09-23 05:39:21 [SocketService] [RECIBIDO]| #5 | SID:198 | 3B | report [DATA]: {positions=1}
2026-09-23 05:39:20 [SocketService] [ENVIADO] | [NUEVO] (36B) [KEY]: report [DATA]: {trip=39084, route=1, positions=[{lng=-76.9662205, busstop=0, angle=0, accuracy=4, time=2026-09-23T05:39:20.872961, lat=-11.9346544, speed=0, mark=0}], state=T, sales=0, events=[], direction=false}
2026-09-23 05:39:20 [PositionRepository] 📤 Enviando 1 (batch=2, pendientes=1)
2026-09-23 05:39:20 [LocationTrackingService] GPS desactivado - Pulso cada 5 min acc:4.102m
2026-09-23 05:38:34 [SocketMessageDispatcher] Mensaje: Header: forward_datero_hide, Data: {trip=39084, geofence=53, time=2026-09-23T05:38:34, dateros=[{delta=0, padron=0}]}
2026-09-23 05:38:34 [SocketMessageDispatcher] Mensaje: Header: backward_datero_hide, Data: {pad=143, geofence=4, delta=31, orden=0, id=4708707417}
2026-09-23 05:38:34 [SocketMessageDispatcher] Mensaje: Header: salida, Data: {lado=true, estado=R, frecuencia=15, ruta=1, geocerca=null, controles=[{volada=-4, tiempo=0, geocerca=53}, {volada=-7, tiempo=5, geocerca=67}, {volada=-2, tiempo=10, geocerca=54}, {volada=-4, tiempo=6, geocerca=68}, {volada=-7, tiempo=6, geocerca=55}, {volada=-7, tiempo=5, geocerca=69}, {volada=-6, tiempo=12, geocerca=56}, {volada=-4, tiempo=8, geocerca=57}, {volada=2, tiempo=9, geocerca=58}, {volada=5, tiempo=10, geocerca=59}, {volada=8, tiempo=7, geocerca=60}, {volada=13, tiempo=0, geocerca=61}, {volada=21, tiempo=0, geocerca=62}, {volada=23, tiempo=0, geocerca=63}, {volada=30, tiempo=0, geocerca=64}, {volada=39, tiempo=0, geocerca=65}, {volada=51, tiempo=0, geocerca=66}, {volada=72, tiempo=0, geocerca=3}, {volada=0, tiempo=6, geocerca=22}, {volada=84, tiempo=3, geocerca=23}, {volada=98, tiempo=3, geocerca=24}, {volada=102, tiempo=3, geocerca=25}, {volada=104, tiempo=3, geocerca=26}, {volada=110, tiempo=3, geocerca=27}, {volada=111, tiempo=3, geocerca=28}, {volada=111, tiempo=3, geocerca=29}, {volada=111, tiempo=2, geocerca=30}, {volada=111, tiempo=2, geocerca=31}, {volada=111, tiempo=3, geocerca=32}, {volada=111, tiempo=4, geocerca=33}, {volada=110, tiempo=3, geocerca=34}, {volada=114, tiempo=3, geocerca=35}, {volada=114, tiempo=3, geocerca=36}, {volada=115, tiempo=3, geocerca=37}, {volada=116, tiempo=3, geocerca=38}, {volada=138, tiempo=5, geocerca=4}], inicio=2026-09-22T17:00, marcados=[true, true, true, true, true, true, true, true, true, true, true, true, true, true, true, true, true, true, false, true, true, true, true, true, true, true, true, true, true, true, true, true, true, true, true, true], id=39084, conductor=145}
2026-09-23 05:38:34 [SocketService] [RECIBIDO]| #4 | SID:198 | 19B | forward_datero_hide [DATA]: {trip=39084, geofence=53, time=2026-09-23T05:38:34, dateros=[{delta=0, padron=0}]}
2026-09-23 05:38:34 [SocketService] [RECIBIDO]| #3 | SID:198 | 20B | backward_datero_hide [DATA]: {pad=143, geofence=4, delta=31, orden=0, id=4708707417}
2026-09-23 05:38:34 [SocketService] [RECIBIDO]| #2 | SID:198 | 245B | salida [DATA]: {lado=true, estado=R, frecuencia=15, ruta=1, geocerca=null, controles=[{volada=-4, tiempo=0, geocerca=53}, {volada=-7, tiempo=5, geocerca=67}, {volada=-2, tiempo=10, geocerca=54}, {volada=-4, tiempo=6, geocerca=68}, {volada=-7, tiempo=6, geocerca=55}, {volada=-7, tiempo=5, geocerca=69}, {volada=-6, tiempo=12, geocerca=56}, {volada=-4, tiempo=8, geocerca=57}, {volada=2, tiempo=9, geocerca=58}, {volada=5, tiempo=10, geocerca=59}, {volada=8, tiempo=7, geocerca=60}, {volada=13, tiempo=0, geocerca=61}, {volada=21, tiempo=0, geocerca=62}, {volada=23, tiempo=0, geocerca=63}, {volada=30, tiempo=0, geocerca=64}, {volada=39, tiempo=0, geocerca=65}, {volada=51, tiempo=0, geocerca=66}, {volada=72, tiempo=0, geocerca=3}, {volada=0, tiempo=6, geocerca=22}, {volada=84, tiempo=3, geocerca=23}, {volada=98, tiempo=3, geocerca=24}, {volada=102, tiempo=3, geocerca=25}, {volada=104, tiempo=3, geocerca=26}, {volada=110, tiempo=3, geocerca=27}, {volada=111, tiempo=3, geocerca=28}, {volada=111, tiempo=3, geocerca=29}, {volada=111, tiempo=2, geocerca=30}, {volada=111, tiempo=2, geocerca=31}, {volada=111, tiempo=3, geocerca=32}, {volada=111, tiempo=4, geocerca=33}, {volada=110, tiempo=3, geocerca=34}, {volada=114, tiempo=3, geocerca=35}, {volada=114, tiempo=3, geocerca=36}, {volada=115, tiempo=3, geocerca=37}, {volada=116, tiempo=3, geocerca=38}, {volada=138, tiempo=5, geocerca=4}], inicio=2026-09-22T17:00, marcados=[true, true, true, true, true, true, true, true, true, true, true, true, true, true, true, true, true, true, false, true, true, true, true, true, true, true, true, true, true, true, true, true, true, true, true, true], id=39084, conductor=145}
2026-09-23 05:38:34 [SocketService] [ENVIADO] | [NUEVO] (3B) [KEY]: backward_datero [DATA]: {id=0}
2026-09-23 05:38:34 [SocketService] [ENVIADO] | [NUEVO] (4B) [KEY]: forward_datero [DATA]: {id=0}
2026-09-23 05:38:33 [SocketService] [ENVIADO] | [NUEVO] (7B) [KEY]: salida [DATA]: {limit=0, salida=39084}
2026-09-23 05:38:33 [SocketMessageDispatcher] ✅ Login confirmado por servidor (sesión OK)
2026-09-23 05:38:33 [SocketMessageDispatcher] Mensaje: Header: login, Data: {voice=true, orientation=false, contactless=false, data=2026-09-23T05:38:34, ticket=true, geofence=null, gps=false, schedule=20:55, ads=false, route=1, trip=39084, driver=null, calls=true, padron=124, id=15, state=T, map=false, placa=BCG906, direction=false, order=10}
2026-09-23 05:38:33 [SocketService] [RECIBIDO]| #1 | SID:198 | 35B | login [DATA]: {voice=true, orientation=false, contactless=false, data=2026-09-23T05:38:34, ticket=true, geofence=null, gps=false, schedule=20:55, ads=false, route=1, trip=39084, driver=null, calls=true, padron=124, id=15, state=T, map=false, placa=BCG906, direction=false, order=10}
2026-09-23 05:38:33 [SocketService] 🔒 WakeLock + WifiLock adquiridos
2026-09-23 05:38:33 [SocketService] [ENVIADO] | [NUEVO] (18B) [KEY]: login [DATA]: {serial=864255060447047}
2026-09-23 05:38:33 [SocketService] 🔑 Enviando login handshake (864255060447047)
2026-09-23 05:38:33 [SocketService] ✅ CONECTADO [ID: 198] en 59761701ms - Code: 101
2026-09-23 05:38:33 [SocketService] 🔄 Conectando [ID: 198] a ws://34.71.11.201:22222?schema=android&gps=true&console=true&version=2
2026-09-23 05:38:33 [SocketService] ✅ Recursos completamente limpiados
2026-09-23 05:38:33 [GpsViewModel] No hay conexión. Se omite procesamiento.
2026-09-23 05:38:33 [SocketService] 🔄 Nuevo Socket ID: 198
2026-09-23 05:38:33 [SocketService] ⏰ Watchdog: 140064ms sin mensajes, forzando reconexión
2026-09-23 05:38:33 [SocketService] 🧹 Limpiando recursos [ID: 197]
2026-09-23 05:37:29 [ProtectorVM] TEMP: 28.7C -> cap térmico 100%
2026-09-23 05:37:29 [ProtectorVM] temp: 28.7C
2026-09-23 05:34:16 [SocketMessageDispatcher] Mensaje: Header: report, Data: {positions=1}
2026-09-23 05:34:16 [SocketService] [RECIBIDO]| #5 | SID:197 | 3B | report [DATA]: {positions=1}
2026-09-23 05:34:15 [SocketService] [ENVIADO] | [NUEVO] (36B) [KEY]: report [DATA]: {trip=39084, route=1, positions=[{lng=-76.9662205, busstop=0, angle=0, accuracy=5, time=2026-09-23T05:34:15.879364, lat=-11.9346543, speed=0, mark=0}], state=T, sales=0, events=[], direction=false}
2026-09-23 05:34:15 [PositionRepository] 📤 Enviando 1 (batch=2, pendientes=1)
2026-09-23 05:34:15 [LocationTrackingService] GPS desactivado - Pulso cada 5 min acc:5.592m